transaction_id,parse_status,precision,recall,f1,hallucinated_rules,missed_rules,n_true_positive,n_hallucinated,n_missed
AE10_510001614,ok,1.0,1.0,1.0,-,-,2,0,0
AE10_510001617,ok,1.0,1.0,1.0,-,-,2,0,0
AE10_510002227,ok,1.0,1.0,1.0,-,-,2,0,0
AE10_510002317,ok,1.0,1.0,1.0,-,-,3,0,0
AE10_510002319,ok,1.0,1.0,1.0,-,-,2,0,0
AE10_510002436,ok,1.0,1.0,1.0,-,-,3,0,0
AE10_510002438,ok,1.0,1.0,1.0,-,-,3,0,0
AE10_510002439,ok,1.0,1.0,1.0,-,-,3,0,0
AE10_510002440,ok,1.0,1.0,1.0,-,-,4,0,0
AE10_510002441,ok,1.0,1.0,1.0,-,-,3,0,0
AE10_510002533,ok,1.0,1.0,1.0,-,-,2,0,0
AE10_510003212,ok,1.0,1.0,1.0,-,-,2,0,0
AE10_510003213,ok,1.0,1.0,1.0,-,-,2,0,0
AE10_510003214,ok,1.0,1.0,1.0,-,-,2,0,0
AE10_510003269,ok,1.0,1.0,1.0,-,-,2,0,0
AE10_510003274,ok,1.0,1.0,1.0,-,-,2,0,0
AE10_510003278,ok,1.0,1.0,1.0,-,-,2,0,0
AE10_510003280,ok,1.0,1.0,1.0,-,-,2,0,0
AE10_510003601,ok,1.0,1.0,1.0,-,-,2,0,0
AE10_510003629,ok,1.0,1.0,1.0,-,-,1,0,0
AE10_510003766,ok,1.0,1.0,1.0,-,-,3,0,0
AE10_510003767,ok,1.0,1.0,1.0,-,-,3,0,0
AE10_510003768,ok,1.0,1.0,1.0,-,-,3,0,0
AE10_510004113,ok,1.0,1.0,1.0,-,-,1,0,0
AE10_510004296,ok,1.0,1.0,1.0,-,-,3,0,0
AE10_510004422,ok,1.0,1.0,1.0,-,-,2,0,0
AE10_510005383,ok,1.0,1.0,1.0,-,-,2,0,0
AE10_510005737,ok,1.0,1.0,1.0,-,-,2,0,0
AE10_510006057,ok,1.0,1.0,1.0,-,-,3,0,0
AE10_510006058,ok,1.0,1.0,1.0,-,-,3,0,0
AE10_510006059,ok,1.0,1.0,1.0,-,-,3,0,0
AE10_510006071,ok,1.0,1.0,1.0,-,-,3,0,0
AE10_510006125,ok,1.0,1.0,1.0,-,-,3,0,0
AE10_510006139,ok,1.0,1.0,1.0,-,-,2,0,0
AE10_510006145,ok,1.0,1.0,1.0,-,-,3,0,0
AE10_510006927,ok,1.0,1.0,1.0,-,-,2,0,0
AE10_510007372,ok,1.0,1.0,1.0,-,-,3,0,0
AE10_510007384,ok,1.0,1.0,1.0,-,-,3,0,0
AE10_510007683,ok,1.0,1.0,1.0,-,-,1,0,0
AE10_510007805,ok,1.0,1.0,1.0,-,-,0,0,0
AE10_510007974,ok,1.0,1.0,1.0,-,-,4,0,0
AE10_510008631,ok,1.0,1.0,1.0,-,-,2,0,0
AE10_510009261,ok,1.0,1.0,1.0,-,-,2,0,0
AE10_510010273,ok,1.0,1.0,1.0,-,-,3,0,0
AE10_510014464,ok,1.0,0.5,0.67,-,"R14,R16",2,0,2
AE10_510014843,ok,0.0,0.0,0.0,"R05,R07","R01,R13,R14,R16",0,2,4
AE10_510015747,ok,1.0,1.0,1.0,-,-,7,0,0
AE10_510015750,ok,1.0,1.0,1.0,-,-,6,0,0
AE10_510015868,ok,1.0,1.0,1.0,-,-,3,0,0
AE10_510015869,ok,1.0,0.33,0.5,-,"R13,R16",1,0,2
AE10_510016217,ok,1.0,1.0,1.0,-,-,4,0,0
AE10_510016958,ok,1.0,0.33,0.5,-,"R14,R16",1,0,2
AE10_610031495,ok,1.0,1.0,1.0,-,-,1,0,0
AE10_610043099,ok,1.0,1.0,1.0,-,-,1,0,0
AE10_610051421,ok,1.0,0.5,0.67,-,"R14,R16",2,0,2
AE12_510000050,ok,1.0,1.0,1.0,-,-,1,0,0
AE12_510000186,ok,1.0,1.0,1.0,-,-,2,0,0
AE12_510000516,ok,1.0,1.0,1.0,-,-,3,0,0
AE12_510000760,ok,1.0,1.0,1.0,-,-,3,0,0
AE12_510001004,ok,1.0,1.0,1.0,-,-,3,0,0
AE12_510001018,ok,1.0,1.0,1.0,-,-,2,0,0
AE12_510001441,ok,1.0,1.0,1.0,-,-,3,0,0
AE12_510001638,ok,1.0,1.0,1.0,-,-,2,0,0
AE12_510002365,ok,1.0,0.0,0.0,-,"R06,R12",0,0,2
AE12_510002731,ok,1.0,1.0,1.0,-,-,3,0,0
AE12_510002838,ok,1.0,1.0,1.0,-,-,2,0,0
AE12_510003013,ok,1.0,1.0,1.0,-,-,3,0,0
AE12_510003159,ok,1.0,1.0,1.0,-,-,3,0,0
AE12_510003166,ok,1.0,1.0,1.0,-,-,1,0,0
AE12_510003550,ok,1.0,1.0,1.0,-,-,3,0,0
AE12_510004210,ok,1.0,1.0,1.0,-,-,2,0,0
AE12_510004233,ok,1.0,1.0,1.0,-,-,2,0,0
AE12_510004648,ok,1.0,0.5,0.67,-,R06,1,0,1
AE12_510004820,ok,1.0,1.0,1.0,-,-,3,0,0
AE12_510005198,ok,1.0,1.0,1.0,-,-,3,0,0
AE16_510000001,ok,0.0,0.0,0.0,R05,"R03,R07,R09,R27",0,1,4
AE16_510000002,ok,1.0,0.33,0.5,-,"R13,R16",1,0,2
AE16_510000019,ok,1.0,0.33,0.5,-,"R13,R16",1,0,2
AE16_510000024,ok,0.0,0.0,0.0,R05,R02,0,1,1
AE16_510000027,ok,0.5,0.33,0.4,R01,"R13,R16",1,1,2
AE16_510000041,ok,0.0,0.0,0.0,"R01,R02",R05,0,2,1
AE17_520004564,ok,1.0,1.0,1.0,-,-,1,0,0
AE17_520004565,ok,1.0,1.0,1.0,-,-,1,0,0
AE17_520004566,ok,1.0,1.0,1.0,-,-,1,0,0
AE17_520004567,ok,1.0,1.0,1.0,-,-,1,0,0
AE17_520004568,ok,1.0,1.0,1.0,-,-,1,0,0
AE17_520004569,ok,1.0,1.0,1.0,-,-,1,0,0
AE17_520004570,ok,1.0,1.0,1.0,-,-,1,0,0
AE17_520004571,ok,1.0,1.0,1.0,-,-,1,0,0
AE17_610002871,ok,1.0,0.33,0.5,-,"R13,R16",1,0,2
AE18_510003043,ok,1.0,0.33,0.5,-,"R13,R16",1,0,2
AE18_610007477,ok,1.0,1.0,1.0,-,-,1,0,0
AE18_610009537,ok,1.0,1.0,1.0,-,-,0,0,0
AE18_610011012,ok,1.0,1.0,1.0,-,-,0,0,0
AO12_100000061,ok,1.0,1.0,1.0,-,-,2,0,0
AO12_100000524,ok,1.0,1.0,1.0,-,-,1,0,0
AR12_1700000091,ok,1.0,1.0,1.0,-,-,0,0,0
AR12_1700000199,ok,0.0,0.0,0.0,"R06,R07",R05,0,2,1
AR12_1700000575,ok,1.0,1.0,1.0,-,-,1,0,0
AR12_1700000664,ok,1.0,1.0,1.0,-,-,0,0,0
AR12_1700000924,ok,1.0,1.0,1.0,-,-,0,0,0
AR12_1700000928,ok,1.0,1.0,1.0,-,-,0,0,0
AR12_1700000934,ok,1.0,1.0,1.0,-,-,0,0,0
AR12_1700000965,ok,1.0,1.0,1.0,-,-,1,0,0
AR12_1700001119,ok,1.0,1.0,1.0,-,-,1,0,0
AR12_1700001121,ok,1.0,1.0,1.0,-,-,0,0,0
AR12_1700001997,ok,1.0,1.0,1.0,-,-,1,0,0
AR12_1700002109,ok,1.0,1.0,1.0,-,-,0,0,0
AR12_1700002115,ok,1.0,1.0,1.0,-,-,0,0,0
AR12_1700002121,ok,0.0,1.0,0.0,R06,-,0,1,0
AR12_1700002671,ok,0.0,1.0,0.0,"R06,R07",-,0,2,0
AR12_1700003226,ok,0.0,1.0,0.0,"R06,R07",-,0,2,0
AR12_1700003227,ok,0.0,1.0,0.0,R07,-,0,1,0
AR12_1700003228,ok,0.0,1.0,0.0,"R06,R07",-,0,2,0
AR12_1700003509,ok,1.0,1.0,1.0,-,-,1,0,0
AR12_1700003928,ok,1.0,0.0,0.0,-,R05,0,0,1
AR12_310000020,ok,0.17,1.0,0.29,"R04,R13,R14,R15,R16",-,1,5,0
AR12_310000366,ok,1.0,1.0,1.0,-,-,0,0,0
AR12_400000034,ok,1.0,1.0,1.0,-,-,0,0,0
AR12_5100000416,ok,1.0,1.0,1.0,-,-,2,0,0
AR12_5100000418,ok,1.0,1.0,1.0,-,-,1,0,0
AR12_5100000660,ok,1.0,1.0,1.0,-,-,0,0,0
AR12_5100000690,ok,1.0,1.0,1.0,-,-,0,0,0
AR12_5100000878,ok,1.0,1.0,1.0,-,-,0,0,0
AR12_5100000881,ok,1.0,1.0,1.0,-,-,0,0,0
AR12_5100001095,ok,1.0,1.0,1.0,-,-,1,0,0
AR12_5100001705,ok,1.0,1.0,1.0,-,-,1,0,0
AR12_5100001834,ok,1.0,1.0,1.0,-,-,0,0,0
AR12_5100002393,ok,1.0,1.0,1.0,-,-,1,0,0
AR12_5100003070,ok,1.0,1.0,1.0,-,-,0,0,0
AR12_5100003601,ok,1.0,1.0,1.0,-,-,0,0,0
AR12_5100004147,ok,1.0,1.0,1.0,-,-,0,0,0
AR12_5100017788,ok,1.0,1.0,1.0,-,-,0,0,0
AR12_5100017950,ok,1.0,1.0,1.0,-,-,1,0,0
AR12_5100018017,ok,1.0,1.0,1.0,-,-,1,0,0
AR12_5100018026,ok,1.0,1.0,1.0,-,-,0,0,0
AR12_5100020845,ok,1.0,1.0,1.0,-,-,0,0,0
AR12_5100021142,ok,1.0,1.0,1.0,-,-,0,0,0
AR12_5100021144,ok,1.0,1.0,1.0,-,-,0,0,0
AR12_5100021163,ok,1.0,1.0,1.0,-,-,0,0,0
AR12_5100021165,ok,1.0,1.0,1.0,-,-,0,0,0
AR12_520000393,ok,1.0,1.0,1.0,-,-,0,0,0
AR12_520006811,ok,1.0,1.0,1.0,-,-,0,0,0
AT10_100000046,ok,1.0,1.0,1.0,-,-,3,0,0
AT10_100000735,ok,1.0,1.0,1.0,-,-,3,0,0
AT10_100001331,ok,1.0,0.0,0.0,-,"R13,R14,R16",0,0,3
AT10_100002759,ok,1.0,0.0,0.0,-,"R13,R14,R16",0,0,3
AT10_100004651,ok,0.0,1.0,0.0,"R04,R13,R16",-,0,3,0
AT10_100004655,ok,1.0,1.0,1.0,-,-,3,0,0
AT10_100006896,ok,1.0,0.0,0.0,-,"R13,R14,R16",0,0,3
AT10_100010592,ok,1.0,1.0,1.0,-,-,3,0,0
AT10_100012587,ok,1.0,1.0,1.0,-,-,0,0,0
AT10_100012588,ok,1.0,1.0,1.0,-,-,0,0,0
AT10_100012589,ok,1.0,1.0,1.0,-,-,0,0,0
AT10_100012591,ok,1.0,1.0,1.0,-,-,0,0,0
AT10_100012592,ok,1.0,1.0,1.0,-,-,0,0,0
AT10_100012593,ok,1.0,1.0,1.0,-,-,0,0,0
AT10_100012594,ok,1.0,1.0,1.0,-,-,0,0,0
AT10_100012595,ok,1.0,1.0,1.0,-,-,0,0,0
AT10_100012598,ok,1.0,1.0,1.0,-,-,1,0,0
AT10_100012651,ok,1.0,0.0,0.0,-,"R13,R14,R16",0,0,3
AT10_510006868,ok,0.0,0.0,0.0,R05,"R13,R14,R16",0,1,3
AT10_510022505,ok,1.0,1.0,1.0,-,-,1,0,0
AT10_510022506,ok,1.0,1.0,1.0,-,-,1,0,0
AT10_510022507,ok,1.0,1.0,1.0,-,-,1,0,0
AT10_510022508,ok,1.0,1.0,1.0,-,-,1,0,0
AT10_510022511,ok,1.0,1.0,1.0,-,-,1,0,0
AT10_510029207,ok,1.0,1.0,1.0,-,-,1,0,0
AT10_510038170,ok,1.0,1.0,1.0,-,-,0,0,0
AT10_510038995,ok,1.0,1.0,1.0,-,-,3,0,0
AU11_510000208,ok,1.0,1.0,1.0,-,-,0,0,0
AU11_510000209,ok,1.0,1.0,1.0,-,-,0,0,0
AU11_510001674,ok,1.0,1.0,1.0,-,-,1,0,0
AU11_510004153,ok,1.0,1.0,1.0,-,-,1,0,0
AU11_510004318,ok,1.0,1.0,1.0,-,-,4,0,0
AU11_510006343,ok,1.0,1.0,1.0,-,-,0,0,0
AU11_510006497,ok,1.0,1.0,1.0,-,-,2,0,0
AU11_510006498,ok,1.0,1.0,1.0,-,-,2,0,0
AU11_510006499,ok,1.0,1.0,1.0,-,-,1,0,0
AU11_510007196,ok,1.0,1.0,1.0,-,-,2,0,0
AU11_510007680,ok,1.0,1.0,1.0,-,-,0,0,0
AU11_510008807,ok,1.0,1.0,1.0,-,-,0,0,0
AU11_510009363,ok,1.0,1.0,1.0,-,-,3,0,0
AU11_510009666,ok,1.0,1.0,1.0,-,-,2,0,0
AU11_510009668,ok,1.0,1.0,1.0,-,-,2,0,0
AU11_510009669,ok,1.0,1.0,1.0,-,-,1,0,0
AU11_510010028,ok,1.0,1.0,1.0,-,-,0,0,0
AU11_510010318,ok,1.0,1.0,1.0,-,-,0,0,0
AU11_510010319,ok,1.0,1.0,1.0,-,-,0,0,0
AU11_510010968,ok,1.0,1.0,1.0,-,-,1,0,0
AU11_510011113,ok,1.0,1.0,1.0,-,-,9,0,0
AU11_510011597,ok,1.0,1.0,1.0,-,-,0,0,0
AU11_510011640,ok,1.0,1.0,1.0,-,-,0,0,0
AU11_510011700,ok,1.0,1.0,1.0,-,-,2,0,0
AU11_510011701,ok,1.0,1.0,1.0,-,-,0,0,0
AU11_510011722,ok,1.0,1.0,1.0,-,-,0,0,0
AU11_510012169,ok,1.0,1.0,1.0,-,-,2,0,0
AU11_510012176,ok,1.0,1.0,1.0,-,-,1,0,0
AU11_510012666,ok,1.0,1.0,1.0,-,-,1,0,0
AU11_510012672,ok,1.0,1.0,1.0,-,-,0,0,0
AU11_510013112,ok,1.0,1.0,1.0,-,-,1,0,0
AU11_510013412,ok,1.0,1.0,1.0,-,-,0,0,0
AU11_510013414,ok,1.0,1.0,1.0,-,-,1,0,0
AU11_510013415,ok,1.0,1.0,1.0,-,-,0,0,0
AU11_510013417,ok,1.0,1.0,1.0,-,-,2,0,0
BA10_510000107,ok,1.0,1.0,1.0,-,-,0,0,0
BA10_510000123,ok,1.0,1.0,1.0,-,-,0,0,0
BA10_510000279,ok,1.0,1.0,1.0,-,-,0,0,0
BA10_510000349,ok,1.0,1.0,1.0,-,-,1,0,0
BA10_510000412,ok,1.0,1.0,1.0,-,-,0,0,0
BA10_510000472,ok,1.0,1.0,1.0,-,-,0,0,0
BA10_510000487,ok,1.0,1.0,1.0,-,-,0,0,0
BA10_510000535,ok,1.0,1.0,1.0,-,-,0,0,0
BA10_510000591,ok,1.0,1.0,1.0,-,-,0,0,0
BA10_510000593,ok,1.0,1.0,1.0,-,-,0,0,0
BA10_510001006,ok,1.0,0.0,0.0,-,"R05,R09,R12",0,0,3
BA10_510001007,ok,1.0,0.0,0.0,-,"R05,R09,R12",0,0,3
BA10_510001008,ok,1.0,0.0,0.0,-,"R05,R09,R12",0,0,3
BA10_510001167,ok,1.0,1.0,1.0,-,-,0,0,0
BA10_510001830,ok,1.0,1.0,1.0,-,-,0,0,0
BD10_510000526,ok,1.0,1.0,1.0,-,-,3,0,0
BD10_510000527,ok,1.0,1.0,1.0,-,-,3,0,0
BD10_510000636,ok,1.0,1.0,1.0,-,-,1,0,0
BD10_510003938,ok,1.0,1.0,1.0,-,-,1,0,0
BD10_510003980,ok,1.0,1.0,1.0,-,-,1,0,0
BD10_510004625,ok,1.0,1.0,1.0,-,-,1,0,0
BD10_510005435,ok,1.0,1.0,1.0,-,-,1,0,0
BD10_510005541,ok,1.0,1.0,1.0,-,-,3,0,0
BD10_510005542,ok,1.0,1.0,1.0,-,-,3,0,0
BD10_510005683,ok,1.0,1.0,1.0,-,-,1,0,0
BD10_510005920,ok,0.0,1.0,0.0,R04,-,0,1,0
BD10_510006897,ok,1.0,1.0,1.0,-,-,4,0,0
BD10_510007378,ok,1.0,1.0,1.0,-,-,1,0,0
BD10_510007640,ok,1.0,1.0,1.0,-,-,0,0,0
BD10_510007649,ok,1.0,1.0,1.0,-,-,0,0,0
BD10_510007650,ok,1.0,1.0,1.0,-,-,0,0,0
BD10_510008234,ok,1.0,1.0,1.0,-,-,4,0,0
BD10_510008781,ok,1.0,1.0,1.0,-,-,1,0,0
BE12_510002521,ok,1.0,1.0,1.0,-,-,1,0,0
BE12_510002523,ok,1.0,1.0,1.0,-,-,1,0,0
BE12_510003633,ok,1.0,1.0,1.0,-,-,0,0,0
BE12_510005915,ok,1.0,1.0,1.0,-,-,0,0,0
BE12_510006698,ok,1.0,1.0,1.0,-,-,1,0,0
BE12_510014531,ok,1.0,1.0,1.0,-,-,0,0,0
BE12_510017198,ok,1.0,1.0,1.0,-,-,0,0,0
BE12_510019136,ok,1.0,1.0,1.0,-,-,1,0,0
BE12_510033780,ok,1.0,1.0,1.0,-,-,1,0,0
BE12_510034777,ok,1.0,1.0,1.0,-,-,1,0,0
BE12_510036293,ok,1.0,1.0,1.0,-,-,0,0,0
BE12_510040559,ok,1.0,1.0,1.0,-,-,1,0,0
BE12_510047116,ok,1.0,1.0,1.0,-,-,1,0,0
BE12_510048843,ok,1.0,1.0,1.0,-,-,1,0,0
BE12_510051832,ok,1.0,1.0,1.0,-,-,0,0,0
BE12_510051836,ok,1.0,1.0,1.0,-,-,0,0,0
BE12_510064138,ok,1.0,1.0,1.0,-,-,0,0,0
BE12_510071336,ok,1.0,1.0,1.0,-,-,0,0,0
BE12_510075599,ok,1.0,1.0,1.0,-,-,1,0,0
BE12_510077673,ok,1.0,1.0,1.0,-,-,0,0,0
BE12_510083421,ok,1.0,1.0,1.0,-,-,3,0,0
BE12_510084538,ok,1.0,1.0,1.0,-,-,1,0,0
BE12_510084853,ok,1.0,1.0,1.0,-,-,1,0,0
BE12_510084866,ok,1.0,1.0,1.0,-,-,0,0,0
BE12_510085364,ok,1.0,1.0,1.0,-,-,1,0,0
BE12_510085374,ok,1.0,1.0,1.0,-,-,1,0,0
BE12_510087168,ok,1.0,1.0,1.0,-,-,0,0,0
BE12_510090910,ok,1.0,1.0,1.0,-,-,1,0,0
BE12_510090913,ok,1.0,1.0,1.0,-,-,1,0,0
BE12_510091363,ok,1.0,1.0,1.0,-,-,1,0,0
BE12_510092787,ok,1.0,1.0,1.0,-,-,0,0,0
BE12_520000260,ok,1.0,1.0,1.0,-,-,1,0,0
BE12_520000711,ok,1.0,1.0,1.0,-,-,1,0,0
BE12_520000712,ok,1.0,1.0,1.0,-,-,1,0,0
BE12_520003688,ok,1.0,1.0,1.0,-,-,0,0,0
BE14_510000241,ok,1.0,0.67,0.8,-,R06,2,0,1
BE14_510000470,ok,1.0,1.0,1.0,-,-,1,0,0
BE14_510000534,ok,1.0,1.0,1.0,-,-,1,0,0
BE14_510000545,ok,1.0,1.0,1.0,-,-,2,0,0
BE14_520000638,ok,1.0,1.0,1.0,-,-,1,0,0
BE31_510003293,ok,1.0,1.0,1.0,-,-,1,0,0
BE31_510008397,ok,1.0,1.0,1.0,-,-,0,0,0
BE31_510010499,ok,1.0,1.0,1.0,-,-,2,0,0
BE31_510013446,ok,1.0,1.0,1.0,-,-,0,0,0
BE31_510016330,ok,1.0,1.0,1.0,-,-,0,0,0
BE31_520000140,ok,1.0,1.0,1.0,-,-,1,0,0
BG15_3300000788,ok,1.0,1.0,1.0,-,-,1,0,0
BG15_3300000789,ok,1.0,1.0,1.0,-,-,1,0,0
BG15_3300000790,ok,1.0,1.0,1.0,-,-,1,0,0
BG15_3300000795,ok,1.0,1.0,1.0,-,-,1,0,0
BG15_3300000796,ok,1.0,1.0,1.0,-,-,1,0,0
BG15_3300000940,ok,1.0,1.0,1.0,-,-,1,0,0
BG15_3300000988,ok,1.0,0.33,0.5,-,"R13,R16",1,0,2
BG15_3300001023,ok,1.0,0.33,0.5,-,"R13,R16",1,0,2
BG15_3300001026,ok,1.0,1.0,1.0,-,-,2,0,0
BG15_3300001041,ok,1.0,0.33,0.5,-,"R13,R16",1,0,2
BG15_3300001042,ok,1.0,1.0,1.0,-,-,1,0,0
BG15_3300001060,ok,1.0,1.0,1.0,-,-,2,0,0
BG15_3300001077,ok,1.0,1.0,1.0,-,-,2,0,0
BG15_3300001078,ok,1.0,1.0,1.0,-,-,1,0,0
BG15_3300001111,ok,1.0,1.0,1.0,-,-,1,0,0
BG15_3300001154,ok,1.0,1.0,1.0,-,-,1,0,0
BG15_3300001258,ok,1.0,0.33,0.5,-,"R13,R16",1,0,2
BG15_3300001357,ok,1.0,1.0,1.0,-,-,4,0,0
BG15_3300001515,ok,1.0,1.0,1.0,-,-,1,0,0
BG15_3300002174,ok,1.0,1.0,1.0,-,-,0,0,0
BG15_3300002510,ok,1.0,1.0,1.0,-,-,0,0,0
BG15_3300002607,ok,1.0,1.0,1.0,-,-,0,0,0
BG15_3300002669,ok,1.0,0.0,0.0,-,"R13,R16",0,0,2
BG15_3300002707,ok,1.0,1.0,1.0,-,-,2,0,0
BG15_3300002708,ok,1.0,0.0,0.0,-,"R13,R16",0,0,2
BG15_3300002709,ok,1.0,0.0,0.0,-,"R13,R16",0,0,2
BG15_3300002710,ok,1.0,1.0,1.0,-,-,2,0,0
BG15_3300002763,ok,1.0,1.0,1.0,-,-,1,0,0
BG15_510000041,ok,1.0,1.0,1.0,-,-,1,0,0
BG15_510000063,ok,1.0,1.0,1.0,-,-,0,0,0
BG15_510000066,ok,1.0,1.0,1.0,-,-,0,0,0
BG15_510000070,ok,1.0,1.0,1.0,-,-,0,0,0
BG15_510000073,ok,1.0,1.0,1.0,-,-,0,0,0
BG15_510000074,ok,1.0,1.0,1.0,-,-,0,0,0
BG15_510000075,ok,1.0,1.0,1.0,-,-,0,0,0
BG15_510000076,ok,1.0,1.0,1.0,-,-,0,0,0
BG15_510000077,ok,1.0,1.0,1.0,-,-,0,0,0
BG15_510000095,ok,1.0,1.0,1.0,-,-,0,0,0
BG15_510000096,ok,1.0,1.0,1.0,-,-,0,0,0
BG15_510000098,ok,1.0,1.0,1.0,-,-,0,0,0
BG15_510000099,ok,1.0,1.0,1.0,-,-,0,0,0
BG15_510000101,ok,1.0,1.0,1.0,-,-,0,0,0
BG15_510000103,ok,1.0,1.0,1.0,-,-,0,0,0
BG15_510000104,ok,1.0,1.0,1.0,-,-,0,0,0
BG15_510000105,ok,1.0,1.0,1.0,-,-,0,0,0
BG15_510000107,ok,1.0,1.0,1.0,-,-,0,0,0
BG15_510000108,ok,1.0,1.0,1.0,-,-,0,0,0
BG15_510000110,ok,1.0,1.0,1.0,-,-,0,0,0
BG15_510000112,ok,1.0,1.0,1.0,-,-,0,0,0
BG15_510000114,ok,1.0,1.0,1.0,-,-,0,0,0
BG15_510000122,ok,1.0,1.0,1.0,-,-,0,0,0
BG15_510000124,ok,1.0,1.0,1.0,-,-,0,0,0
BG15_510000125,ok,1.0,1.0,1.0,-,-,0,0,0
BG15_510000127,ok,1.0,1.0,1.0,-,-,0,0,0
BG15_510000129,ok,1.0,1.0,1.0,-,-,0,0,0
BG15_510000130,ok,1.0,1.0,1.0,-,-,0,0,0
BG15_510000131,ok,1.0,1.0,1.0,-,-,0,0,0
BG15_510000136,ok,1.0,1.0,1.0,-,-,0,0,0
BG15_510000138,ok,1.0,1.0,1.0,-,-,0,0,0
BG15_510000147,ok,1.0,1.0,1.0,-,-,1,0,0
BG15_510000153,ok,1.0,1.0,1.0,-,-,2,0,0
BG15_510000156,ok,1.0,1.0,1.0,-,-,1,0,0
BG15_510000180,ok,1.0,1.0,1.0,-,-,1,0,0
BG15_510000181,ok,1.0,1.0,1.0,-,-,1,0,0
BG15_510000187,ok,1.0,1.0,1.0,-,-,1,0,0
BG15_510000188,ok,1.0,1.0,1.0,-,-,4,0,0
BG15_510000199,ok,1.0,1.0,1.0,-,-,0,0,0
BG15_510000203,ok,1.0,1.0,1.0,-,-,1,0,0
BG15_510000211,ok,1.0,1.0,1.0,-,-,1,0,0
BG15_510000212,ok,1.0,1.0,1.0,-,-,1,0,0
BG15_510000220,ok,1.0,1.0,1.0,-,-,1,0,0
BG15_510000223,ok,1.0,1.0,1.0,-,-,1,0,0
BG15_510000226,ok,1.0,1.0,1.0,-,-,1,0,0
BG15_510000227,ok,1.0,1.0,1.0,-,-,1,0,0
BG15_510000236,ok,1.0,0.33,0.5,-,"R13,R16",1,0,2
BG15_510000237,ok,1.0,1.0,1.0,-,-,3,0,0
BG15_510000353,ok,1.0,1.0,1.0,-,-,0,0,0
BG15_510000365,ok,1.0,1.0,1.0,-,-,0,0,0
BG15_510000366,ok,1.0,1.0,1.0,-,-,0,0,0
BG15_510000367,ok,1.0,1.0,1.0,-,-,0,0,0
BG15_510000386,ok,1.0,0.33,0.5,-,"R13,R16",1,0,2
BG15_510000387,ok,1.0,1.0,1.0,-,-,0,0,0
BG15_510000388,ok,1.0,1.0,1.0,-,-,0,0,0
BG15_510000389,ok,1.0,0.33,0.5,-,"R13,R16",1,0,2
BG15_510000393,ok,1.0,1.0,1.0,-,-,0,0,0
BG15_510000394,ok,1.0,1.0,1.0,-,-,0,0,0
BG15_510000395,ok,1.0,1.0,1.0,-,-,1,0,0
BG15_510000396,ok,1.0,0.0,0.0,-,"R13,R16",0,0,2
BG15_510000397,ok,1.0,0.33,0.5,-,"R13,R16",1,0,2
BG15_510000401,ok,1.0,1.0,1.0,-,-,1,0,0
BG15_510000405,ok,1.0,1.0,1.0,-,-,0,0,0
BG15_510000407,ok,1.0,1.0,1.0,-,-,0,0,0
BG15_510000411,ok,1.0,1.0,1.0,-,-,0,0,0
BG15_510000412,ok,1.0,1.0,1.0,-,-,0,0,0
BG15_510000413,ok,1.0,1.0,1.0,-,-,0,0,0
BG15_510000429,ok,1.0,1.0,1.0,-,-,2,0,0
BG15_510000689,ok,1.0,1.0,1.0,-,-,1,0,0
BG15_510000690,ok,1.0,1.0,1.0,-,-,1,0,0
BG15_510000691,ok,1.0,1.0,1.0,-,-,0,0,0
BG15_510000692,ok,1.0,1.0,1.0,-,-,1,0,0
BG15_510000694,ok,1.0,1.0,1.0,-,-,1,0,0
BG15_510000695,ok,1.0,1.0,1.0,-,-,1,0,0
BG15_510000698,ok,1.0,1.0,1.0,-,-,1,0,0
BG15_510000702,ok,1.0,1.0,1.0,-,-,1,0,0
BG15_510000703,ok,1.0,1.0,1.0,-,-,1,0,0
BG15_510000994,ok,1.0,1.0,1.0,-,-,1,0,0
BG15_510001170,ok,1.0,1.0,1.0,-,-,2,0,0
BG15_510001422,ok,1.0,1.0,1.0,-,-,1,0,0
BG15_510001535,ok,1.0,1.0,1.0,-,-,1,0,0
BG15_510002204,ok,1.0,0.0,0.0,-,R05,0,0,1
BG15_510002653,ok,1.0,1.0,1.0,-,-,1,0,0
BG15_510002656,ok,0.2,1.0,0.33,"R13,R14,R15,R16",-,1,4,0
BG15_510002657,ok,1.0,1.0,1.0,-,-,3,0,0
BG15_510002661,ok,1.0,0.33,0.5,-,"R13,R16",1,0,2
BG15_510002662,ok,1.0,1.0,1.0,-,-,1,0,0
BG15_510002953,ok,1.0,1.0,1.0,-,-,0,0,0
BG15_510002956,ok,1.0,1.0,1.0,-,-,2,0,0
BG15_510003345,ok,1.0,1.0,1.0,-,-,0,0,0
BG15_510003346,ok,1.0,1.0,1.0,-,-,0,0,0
BG15_510003347,ok,1.0,1.0,1.0,-,-,0,0,0
BG15_510003348,ok,1.0,1.0,1.0,-,-,0,0,0
BG15_510003349,ok,1.0,1.0,1.0,-,-,0,0,0
BG15_510003350,ok,1.0,1.0,1.0,-,-,0,0,0
BG15_510003439,ok,1.0,1.0,1.0,-,-,1,0,0
BG15_510003441,ok,1.0,1.0,1.0,-,-,0,0,0
BG15_510003442,ok,1.0,1.0,1.0,-,-,0,0,0
BG15_510003455,ok,1.0,1.0,1.0,-,-,1,0,0
BG15_510003495,ok,1.0,1.0,1.0,-,-,1,0,0
BG15_510003605,ok,1.0,1.0,1.0,-,-,1,0,0
BG15_510003624,ok,1.0,1.0,1.0,-,-,0,0,0
BG15_510003627,ok,1.0,1.0,1.0,-,-,0,0,0
BG15_510003637,ok,1.0,1.0,1.0,-,-,0,0,0
BG15_510003738,ok,1.0,1.0,1.0,-,-,1,0,0
BG15_510003775,ok,1.0,1.0,1.0,-,-,0,0,0
BG15_510003814,ok,1.0,1.0,1.0,-,-,1,0,0
BG15_510004133,ok,1.0,1.0,1.0,-,-,0,0,0
BG15_510004135,ok,1.0,1.0,1.0,-,-,0,0,0
BG15_510004527,ok,1.0,1.0,1.0,-,-,1,0,0
BG15_510004731,ok,1.0,1.0,1.0,-,-,1,0,0
BG15_510004811,ok,1.0,1.0,1.0,-,-,1,0,0
BG15_510004892,ok,1.0,1.0,1.0,-,-,0,0,0
BG15_510004911,ok,1.0,1.0,1.0,-,-,0,0,0
BG15_510004912,ok,1.0,1.0,1.0,-,-,0,0,0
BG15_510004997,ok,1.0,1.0,1.0,-,-,0,0,0
BG15_510005522,ok,1.0,1.0,1.0,-,-,0,0,0
BG15_510005524,ok,1.0,1.0,1.0,-,-,0,0,0
BG15_510006024,ok,1.0,1.0,1.0,-,-,1,0,0
BG15_510006507,ok,1.0,1.0,1.0,-,-,0,0,0
BG15_510008913,ok,1.0,1.0,1.0,-,-,0,0,0
BG15_510009968,ok,1.0,1.0,1.0,-,-,1,0,0
BG15_510010256,ok,1.0,1.0,1.0,-,-,1,0,0
BG15_510011082,ok,1.0,1.0,1.0,-,-,0,0,0
BG15_510011792,ok,1.0,1.0,1.0,-,-,1,0,0
BG15_510016198,ok,1.0,1.0,1.0,-,-,0,0,0
BG15_510017642,ok,1.0,1.0,1.0,-,-,2,0,0
BG15_510017989,ok,1.0,1.0,1.0,-,-,1,0,0
BG15_510018128,ok,1.0,1.0,1.0,-,-,0,0,0
BG15_520000059,ok,1.0,1.0,1.0,-,-,1,0,0
BG15_520000106,ok,1.0,0.0,0.0,-,"R13,R16",0,0,2
BG15_520000170,ok,1.0,1.0,1.0,-,-,1,0,0
BG15_520000178,ok,1.0,1.0,1.0,-,-,0,0,0
BG15_520000179,ok,1.0,1.0,1.0,-,-,0,0,0
BG15_520000208,ok,1.0,1.0,1.0,-,-,1,0,0
BG15_520000247,ok,1.0,1.0,1.0,-,-,1,0,0
BG15_520000248,ok,1.0,1.0,1.0,-,-,1,0,0
BG15_520000249,ok,1.0,1.0,1.0,-,-,1,0,0
BG15_520000253,ok,1.0,1.0,1.0,-,-,0,0,0
BG15_520000410,ok,1.0,1.0,1.0,-,-,0,0,0
BG15_520000415,ok,1.0,1.0,1.0,-,-,0,0,0
BG15_520000416,ok,1.0,1.0,1.0,-,-,0,0,0
BG15_520000566,ok,1.0,1.0,1.0,-,-,0,0,0
BG15_520000567,ok,1.0,1.0,1.0,-,-,1,0,0
BG15_520000589,ok,1.0,1.0,1.0,-,-,0,0,0
BG15_520000590,ok,1.0,1.0,1.0,-,-,0,0,0
BG15_520000591,ok,1.0,1.0,1.0,-,-,0,0,0
BG15_520000593,ok,1.0,1.0,1.0,-,-,0,0,0
BG15_520000594,ok,1.0,1.0,1.0,-,-,0,0,0
BG15_520000652,ok,1.0,1.0,1.0,-,-,0,0,0
BG15_520000702,ok,1.0,1.0,1.0,-,-,0,0,0
BG15_520000952,ok,1.0,1.0,1.0,-,-,0,0,0
BG15_880000006,ok,1.0,1.0,1.0,-,-,1,0,0
BH11_510000028,ok,1.0,1.0,1.0,-,-,1,0,0
BH11_510000176,ok,1.0,1.0,1.0,-,-,0,0,0
BH11_510000594,ok,1.0,1.0,1.0,-,-,0,0,0
BO10_6100000246,ok,1.0,1.0,1.0,-,-,1,0,0
BO10_6100000592,ok,1.0,1.0,1.0,-,-,1,0,0
BO10_6100001962,ok,1.0,1.0,1.0,-,-,1,0,0
BO10_6100001965,ok,1.0,1.0,1.0,-,-,0,0,0
BO10_6100003011,ok,1.0,1.0,1.0,-,-,1,0,0
BR10_100026539,ok,1.0,1.0,1.0,-,-,0,0,0
BR10_100028408,ok,1.0,1.0,1.0,-,-,0,0,0
BR10_100028410,ok,1.0,1.0,1.0,-,-,0,0,0
BR10_100065319,ok,1.0,1.0,1.0,-,-,2,0,0
BR10_100065320,ok,1.0,1.0,1.0,-,-,2,0,0
BR10_100068086,ok,1.0,1.0,1.0,-,-,1,0,0
BR10_100075058,ok,1.0,1.0,1.0,-,-,1,0,0
BR10_100075059,ok,1.0,1.0,1.0,-,-,1,0,0
BR10_100075060,ok,1.0,1.0,1.0,-,-,1,0,0
BR10_100075061,ok,1.0,1.0,1.0,-,-,1,0,0
BR10_5100005898,ok,1.0,1.0,1.0,-,-,1,0,0
BR10_5100006138,ok,1.0,1.0,1.0,-,-,0,0,0
BR10_5100028135,ok,1.0,1.0,1.0,-,-,1,0,0
BR10_5100038080,ok,1.0,1.0,1.0,-,-,1,0,0
BR10_5100066524,ok,1.0,1.0,1.0,-,-,0,0,0
BR10_5100081184,ok,1.0,1.0,1.0,-,-,1,0,0
BR10_5100093171,ok,1.0,1.0,1.0,-,-,0,0,0
BR10_5100093201,ok,1.0,1.0,1.0,-,-,1,0,0
BR10_5100095801,ok,1.0,1.0,1.0,-,-,1,0,0
BR10_5100095811,ok,1.0,1.0,1.0,-,-,1,0,0
BR10_5100095816,ok,1.0,1.0,1.0,-,-,1,0,0
BR10_5100127217,ok,1.0,1.0,1.0,-,-,1,0,0
BR10_5100144845,ok,1.0,1.0,1.0,-,-,0,0,0
BR10_5100196319,ok,1.0,1.0,1.0,-,-,0,0,0
BR10_5100196348,ok,1.0,1.0,1.0,-,-,0,0,0
BR10_5100256696,ok,1.0,1.0,1.0,-,-,1,0,0
BR10_5100290576,ok,1.0,1.0,1.0,-,-,0,0,0
BR10_5100290595,ok,1.0,1.0,1.0,-,-,1,0,0
BR10_5100290658,ok,1.0,1.0,1.0,-,-,3,0,0
BR10_5100303340,ok,1.0,1.0,1.0,-,-,1,0,0
BR10_5100312511,ok,1.0,1.0,1.0,-,-,0,0,0
BR10_5100313069,ok,1.0,1.0,1.0,-,-,1,0,0
BR10_5100313560,ok,1.0,1.0,1.0,-,-,0,0,0
BR10_5100313565,ok,1.0,1.0,1.0,-,-,0,0,0
BR10_5100339628,ok,1.0,1.0,1.0,-,-,0,0,0
BR10_5100382489,ok,1.0,1.0,1.0,-,-,0,0,0
BR10_5100382492,ok,1.0,1.0,1.0,-,-,1,0,0
BR10_5100382994,ok,1.0,1.0,1.0,-,-,0,0,0
BR10_5100400570,ok,1.0,1.0,1.0,-,-,1,0,0
BR10_5100407942,ok,0.5,1.0,0.67,R04,-,1,1,0
BR10_5100427134,ok,1.0,1.0,1.0,-,-,1,0,0
BR10_5100427327,ok,1.0,1.0,1.0,-,-,0,0,0
BR10_5100442850,ok,1.0,1.0,1.0,-,-,0,0,0
BR10_5100446958,ok,1.0,1.0,1.0,-,-,1,0,0
BR10_5100446960,ok,1.0,1.0,1.0,-,-,1,0,0
BR10_5100508462,ok,1.0,1.0,1.0,-,-,1,0,0
BR10_5100520136,ok,1.0,1.0,1.0,-,-,2,0,0
BR10_5100522778,ok,1.0,1.0,1.0,-,-,0,0,0
BR10_5100582264,ok,1.0,1.0,1.0,-,-,0,0,0
BR10_5100602915,ok,1.0,1.0,1.0,-,-,0,0,0
BR10_5100603124,ok,1.0,1.0,1.0,-,-,0,0,0
BR10_5100684160,ok,1.0,1.0,1.0,-,-,2,0,0
BR10_5100703302,ok,1.0,1.0,1.0,-,-,1,0,0
BR10_5100703307,ok,1.0,1.0,1.0,-,-,1,0,0
BR10_5100703308,ok,1.0,1.0,1.0,-,-,1,0,0
BR10_5100716026,ok,1.0,1.0,1.0,-,-,1,0,0
BR10_5100722205,ok,1.0,1.0,1.0,-,-,1,0,0
BR10_5100749841,ok,1.0,1.0,1.0,-,-,1,0,0
BR10_5100763068,ok,1.0,1.0,1.0,-,-,1,0,0
BR10_5100771895,ok,1.0,1.0,1.0,-,-,1,0,0
BR10_5100860141,ok,1.0,1.0,1.0,-,-,1,0,0
BR10_5100869401,ok,1.0,1.0,1.0,-,-,1,0,0
BR10_5100884820,ok,1.0,1.0,1.0,-,-,2,0,0
BR10_5100884821,ok,1.0,1.0,1.0,-,-,2,0,0
BR10_5100918889,ok,1.0,1.0,1.0,-,-,0,0,0
BR10_5100921044,ok,1.0,1.0,1.0,-,-,1,0,0
BR10_5100923013,ok,1.0,1.0,1.0,-,-,0,0,0
BR10_5100944933,ok,1.0,1.0,1.0,-,-,0,0,0
BR10_5100944948,ok,1.0,1.0,1.0,-,-,1,0,0
BR10_5100944949,ok,1.0,1.0,1.0,-,-,1,0,0
BR10_5100944951,ok,1.0,1.0,1.0,-,-,1,0,0
BR10_5100987146,ok,1.0,1.0,1.0,-,-,1,0,0
BR10_5101064707,ok,1.0,1.0,1.0,-,-,1,0,0
BR10_5101066133,ok,1.0,1.0,1.0,-,-,0,0,0
BR10_5101071204,ok,1.0,1.0,1.0,-,-,1,0,0
BR10_5101103358,ok,1.0,1.0,1.0,-,-,1,0,0
BR10_5101103361,ok,1.0,1.0,1.0,-,-,1,0,0
BR10_5101103362,ok,1.0,1.0,1.0,-,-,1,0,0
BR10_5101103363,ok,1.0,1.0,1.0,-,-,1,0,0
BR10_5101103364,ok,1.0,1.0,1.0,-,-,1,0,0
BR10_5101103409,ok,1.0,1.0,1.0,-,-,2,0,0
BR10_5101103411,ok,1.0,1.0,1.0,-,-,1,0,0
BR10_5101118916,ok,1.0,1.0,1.0,-,-,1,0,0
BR10_5101119870,ok,1.0,1.0,1.0,-,-,1,0,0
BR10_5101119970,ok,1.0,1.0,1.0,-,-,1,0,0
BR10_5101130298,ok,1.0,1.0,1.0,-,-,0,0,0
BR10_5101163991,ok,1.0,1.0,1.0,-,-,1,0,0
BR10_5101163993,ok,1.0,1.0,1.0,-,-,1,0,0
BR10_5101173177,ok,1.0,1.0,1.0,-,-,1,0,0
BR10_5101179291,ok,1.0,1.0,1.0,-,-,0,0,0
BR10_5101244054,ok,1.0,1.0,1.0,-,-,1,0,0
BR10_5101244130,ok,1.0,1.0,1.0,-,-,1,0,0
BR10_5101244212,ok,1.0,1.0,1.0,-,-,1,0,0
BR10_5101244322,ok,1.0,1.0,1.0,-,-,1,0,0
BR10_5101252540,ok,1.0,1.0,1.0,-,-,1,0,0
BR10_5101252543,ok,1.0,1.0,1.0,-,-,1,0,0
BR10_5101271982,ok,1.0,1.0,1.0,-,-,1,0,0
BR10_5101271983,ok,1.0,1.0,1.0,-,-,1,0,0
BR10_5101275659,ok,1.0,1.0,1.0,-,-,0,0,0
BR10_5101291310,ok,1.0,1.0,1.0,-,-,1,0,0
BR10_5101291322,ok,1.0,1.0,1.0,-,-,1,0,0
BR10_5101291428,ok,1.0,1.0,1.0,-,-,1,0,0
BR10_5101291429,ok,1.0,1.0,1.0,-,-,1,0,0
BR10_5101291450,ok,1.0,1.0,1.0,-,-,1,0,0
BR10_5101291542,ok,1.0,1.0,1.0,-,-,1,0,0
BR10_5101291709,ok,1.0,1.0,1.0,-,-,1,0,0
BR10_5101297587,ok,1.0,1.0,1.0,-,-,1,0,0
BR10_5101309606,ok,1.0,1.0,1.0,-,-,0,0,0
BR10_5101317623,ok,1.0,1.0,1.0,-,-,0,0,0
BR10_5101317624,ok,1.0,1.0,1.0,-,-,1,0,0
BR10_5101318510,ok,1.0,1.0,1.0,-,-,1,0,0
BR10_5101318544,ok,1.0,1.0,1.0,-,-,1,0,0
BR10_5101326381,ok,1.0,1.0,1.0,-,-,1,0,0
BR10_5101348311,ok,1.0,1.0,1.0,-,-,1,0,0
BR10_5101360647,ok,1.0,1.0,1.0,-,-,1,0,0
BR10_5101360677,ok,1.0,1.0,1.0,-,-,1,0,0
BR10_5101360740,ok,1.0,1.0,1.0,-,-,1,0,0
BR10_5101360789,ok,1.0,1.0,1.0,-,-,1,0,0
BR10_5101360816,ok,1.0,1.0,1.0,-,-,1,0,0
BR10_5101360841,ok,1.0,1.0,1.0,-,-,1,0,0
BR10_5101360864,ok,1.0,1.0,1.0,-,-,1,0,0
BR10_5101360889,ok,1.0,1.0,1.0,-,-,1,0,0
BR10_5101360912,ok,1.0,1.0,1.0,-,-,1,0,0
BR10_5101360937,ok,1.0,1.0,1.0,-,-,1,0,0
BR10_5101360965,ok,1.0,1.0,1.0,-,-,1,0,0
BR10_5101361578,ok,1.0,1.0,1.0,-,-,1,0,0
BR10_5101361658,ok,1.0,1.0,1.0,-,-,0,0,0
BR10_5101365951,ok,1.0,1.0,1.0,-,-,1,0,0
BR10_5101366158,ok,1.0,1.0,1.0,-,-,1,0,0
BR10_5101366571,ok,0.17,1.0,0.29,"R04,R13,R14,R15,R16",-,1,5,0
BR10_5101366964,ok,1.0,1.0,1.0,-,-,1,0,0
BR10_5101367108,ok,1.0,1.0,1.0,-,-,1,0,0
BR10_5101367192,ok,1.0,1.0,1.0,-,-,1,0,0
BR10_5101367844,ok,1.0,1.0,1.0,-,-,1,0,0
BR10_5101373228,ok,1.0,1.0,1.0,-,-,0,0,0
BR10_5101374137,ok,1.0,1.0,1.0,-,-,0,0,0
BR10_5101383865,ok,1.0,1.0,1.0,-,-,4,0,0
BR10_5101411087,ok,1.0,1.0,1.0,-,-,0,0,0
BR10_5101411129,ok,1.0,1.0,1.0,-,-,1,0,0
BR10_5101411449,ok,1.0,1.0,1.0,-,-,1,0,0
BR10_5101438740,ok,1.0,1.0,1.0,-,-,1,0,0
BR10_5101499626,ok,1.0,1.0,1.0,-,-,0,0,0
BR10_5101523107,ok,1.0,1.0,1.0,-,-,1,0,0
BR10_5101542365,ok,1.0,1.0,1.0,-,-,0,0,0
BR10_5101542373,ok,1.0,1.0,1.0,-,-,0,0,0
BR10_5101542379,ok,1.0,1.0,1.0,-,-,0,0,0
BR10_5101548591,ok,1.0,1.0,1.0,-,-,1,0,0
BR10_5101552930,ok,1.0,1.0,1.0,-,-,3,0,0
BR10_5101552937,ok,1.0,1.0,1.0,-,-,3,0,0
BR10_5101553076,ok,1.0,1.0,1.0,-,-,3,0,0
BR10_5101584207,ok,1.0,1.0,1.0,-,-,1,0,0
BR10_5101595699,ok,1.0,1.0,1.0,-,-,1,0,0
BR10_5101637950,ok,1.0,1.0,1.0,-,-,1,0,0
BR10_5101638810,ok,1.0,1.0,1.0,-,-,2,0,0
BR10_5101639447,ok,1.0,1.0,1.0,-,-,2,0,0
BR10_5101682139,ok,1.0,1.0,1.0,-,-,1,0,0
BR10_5101683389,ok,1.0,1.0,1.0,-,-,1,0,0
BR10_5101694065,ok,1.0,1.0,1.0,-,-,1,0,0
BR10_5101708067,ok,1.0,1.0,1.0,-,-,2,0,0
BR10_5101728990,ok,1.0,1.0,1.0,-,-,1,0,0
BR10_5101737139,ok,1.0,1.0,1.0,-,-,1,0,0
BR10_5101742677,ok,1.0,1.0,1.0,-,-,1,0,0
BR10_5101742679,ok,1.0,1.0,1.0,-,-,1,0,0
BR10_5101757472,ok,1.0,1.0,1.0,-,-,1,0,0
BR10_5101757474,ok,1.0,1.0,1.0,-,-,1,0,0
BR10_5101757477,ok,1.0,1.0,1.0,-,-,1,0,0
BR10_5101762714,ok,1.0,1.0,1.0,-,-,1,0,0
BR10_5101762716,ok,1.0,1.0,1.0,-,-,1,0,0
BR10_5101762719,ok,1.0,1.0,1.0,-,-,1,0,0
BR10_5101814691,ok,1.0,1.0,1.0,-,-,0,0,0
BR10_5101819938,ok,1.0,1.0,1.0,-,-,1,0,0
BR10_5101820377,ok,1.0,1.0,1.0,-,-,1,0,0
BR10_5101822022,ok,1.0,1.0,1.0,-,-,1,0,0
BR10_5101837412,ok,1.0,1.0,1.0,-,-,1,0,0
BR10_5101837461,ok,1.0,1.0,1.0,-,-,0,0,0
BR10_5101856724,ok,1.0,1.0,1.0,-,-,0,0,0
BR10_5101856803,ok,1.0,1.0,1.0,-,-,1,0,0
BR10_5101886048,ok,1.0,1.0,1.0,-,-,3,0,0
BR10_5101886049,ok,1.0,1.0,1.0,-,-,3,0,0
BR10_5101963031,ok,1.0,1.0,1.0,-,-,0,0,0
BR10_5101964370,ok,1.0,1.0,1.0,-,-,0,0,0
BR10_5101964377,ok,1.0,1.0,1.0,-,-,0,0,0
BR10_5101964434,ok,1.0,1.0,1.0,-,-,0,0,0
BR10_5101965303,ok,1.0,1.0,1.0,-,-,1,0,0
BR10_5101976038,ok,1.0,1.0,1.0,-,-,0,0,0
BR10_5101981813,ok,1.0,1.0,1.0,-,-,0,0,0
BR10_5101982525,ok,1.0,1.0,1.0,-,-,1,0,0
BR10_5101982550,ok,1.0,1.0,1.0,-,-,1,0,0
BR10_5101982968,ok,1.0,1.0,1.0,-,-,1,0,0
BR10_5101983070,ok,1.0,1.0,1.0,-,-,0,0,0
BR10_5101997573,ok,0.17,1.0,0.29,"R04,R13,R14,R15,R16",-,1,5,0
BR10_5101997574,ok,1.0,1.0,1.0,-,-,1,0,0
BR10_5101997575,ok,1.0,1.0,1.0,-,-,1,0,0
BR10_5101997576,ok,1.0,1.0,1.0,-,-,1,0,0
BR10_5101997577,ok,1.0,1.0,1.0,-,-,1,0,0
BR10_5101997578,ok,1.0,1.0,1.0,-,-,1,0,0
BR10_5101997579,ok,1.0,1.0,1.0,-,-,1,0,0
BR10_5101997580,ok,1.0,1.0,1.0,-,-,1,0,0
BR10_5101997581,ok,1.0,1.0,1.0,-,-,1,0,0
BR10_5101997582,ok,1.0,1.0,1.0,-,-,3,0,0
BR10_5102025879,ok,1.0,1.0,1.0,-,-,0,0,0
BR10_5102025885,ok,1.0,1.0,1.0,-,-,1,0,0
BR10_5102025886,ok,1.0,1.0,1.0,-,-,0,0,0
BR10_5102029203,ok,1.0,1.0,1.0,-,-,0,0,0
BR10_5102029406,ok,1.0,1.0,1.0,-,-,1,0,0
BR10_5102041562,ok,1.0,1.0,1.0,-,-,0,0,0
BR10_5102055580,ok,1.0,1.0,1.0,-,-,1,0,0
BR10_5102055590,ok,1.0,1.0,1.0,-,-,2,0,0
BR10_5102056660,ok,1.0,1.0,1.0,-,-,0,0,0
BR10_5102056667,ok,1.0,1.0,1.0,-,-,0,0,0
BR10_5102057270,ok,1.0,1.0,1.0,-,-,1,0,0
BR10_5102057386,ok,1.0,1.0,1.0,-,-,1,0,0
BR10_5102058947,ok,1.0,1.0,1.0,-,-,0,0,0
BR10_5102058952,ok,1.0,1.0,1.0,-,-,0,0,0
BR10_5102060075,ok,1.0,1.0,1.0,-,-,1,0,0
BR10_5102086970,ok,1.0,1.0,1.0,-,-,1,0,0
BR10_5102087003,ok,1.0,1.0,1.0,-,-,0,0,0
BR10_5102087004,ok,1.0,1.0,1.0,-,-,0,0,0
BR10_5102088258,ok,1.0,1.0,1.0,-,-,1,0,0
BR10_5102091791,ok,1.0,1.0,1.0,-,-,3,0,0
BR10_5102095387,ok,1.0,1.0,1.0,-,-,1,0,0
BR10_5102095389,ok,1.0,1.0,1.0,-,-,1,0,0
BR10_5102095400,ok,1.0,1.0,1.0,-,-,1,0,0
BR10_5102095402,ok,1.0,1.0,1.0,-,-,1,0,0
BR10_5102095403,ok,1.0,1.0,1.0,-,-,1,0,0
BR10_5102095404,ok,1.0,1.0,1.0,-,-,1,0,0
BR10_5102095405,ok,1.0,1.0,1.0,-,-,1,0,0
BR10_5102101880,ok,1.0,1.0,1.0,-,-,0,0,0
BR10_5102102079,ok,1.0,1.0,1.0,-,-,0,0,0
BR10_5102116761,ok,1.0,1.0,1.0,-,-,1,0,0
BR10_5102169814,ok,1.0,1.0,1.0,-,-,2,0,0
BR10_5102169815,ok,1.0,1.0,1.0,-,-,2,0,0
BR10_5102198862,ok,0.0,1.0,0.0,R05,-,0,1,0
BR10_5102200141,ok,1.0,1.0,1.0,-,-,1,0,0
BR10_5102218793,ok,1.0,1.0,1.0,-,-,0,0,0
BR10_5102220533,ok,1.0,1.0,1.0,-,-,1,0,0
BR10_5102220534,ok,1.0,1.0,1.0,-,-,1,0,0
BR10_5102220540,ok,1.0,1.0,1.0,-,-,1,0,0
BR10_5102220541,ok,1.0,1.0,1.0,-,-,1,0,0
BR10_5102220545,ok,1.0,1.0,1.0,-,-,1,0,0
BR10_5102267563,ok,1.0,1.0,1.0,-,-,0,0,0
BR10_5102267647,ok,1.0,1.0,1.0,-,-,1,0,0
BR10_5102269904,ok,1.0,1.0,1.0,-,-,2,0,0
BR10_5102296881,ok,1.0,1.0,1.0,-,-,0,0,0
BR10_5102300586,ok,1.0,1.0,1.0,-,-,0,0,0
BR10_6100060171,ok,1.0,1.0,1.0,-,-,0,0,0
BR10_6100064671,ok,1.0,1.0,1.0,-,-,1,0,0
BR10_6100065826,ok,1.0,1.0,1.0,-,-,0,0,0
BR10_6100075124,ok,1.0,1.0,1.0,-,-,0,0,0
BR10_6100079291,ok,1.0,1.0,1.0,-,-,1,0,0
BR10_6100108477,ok,1.0,1.0,1.0,-,-,1,0,0
BR10_6100110554,ok,1.0,1.0,1.0,-,-,2,0,0
BR10_6100257696,ok,1.0,1.0,1.0,-,-,1,0,0
BR10_6100257698,ok,1.0,1.0,1.0,-,-,0,0,0
BR10_6100284968,ok,1.0,1.0,1.0,-,-,1,0,0
BR10_6100322338,ok,1.0,1.0,1.0,-,-,1,0,0
BR10_6100354337,ok,1.0,1.0,1.0,-,-,0,0,0
BR10_6100366347,ok,1.0,1.0,1.0,-,-,1,0,0
BR10_6100368573,ok,1.0,1.0,1.0,-,-,1,0,0
BR10_6100386896,ok,1.0,1.0,1.0,-,-,1,0,0
BR10_6100386902,ok,1.0,1.0,1.0,-,-,0,0,0
BR10_6100388121,ok,1.0,1.0,1.0,-,-,1,0,0
BR10_6100388122,ok,1.0,1.0,1.0,-,-,0,0,0
BR10_6100400090,ok,1.0,1.0,1.0,-,-,0,0,0
BR10_6100400091,ok,1.0,1.0,1.0,-,-,0,0,0
BR10_6100578489,ok,1.0,1.0,1.0,-,-,0,0,0
BR10_6100579095,ok,1.0,1.0,1.0,-,-,1,0,0
BR10_6100582210,ok,1.0,1.0,1.0,-,-,1,0,0
BR10_6100634874,ok,1.0,1.0,1.0,-,-,0,0,0
BR10_6100667543,ok,1.0,1.0,1.0,-,-,1,0,0
BR10_6100690320,ok,1.0,1.0,1.0,-,-,2,0,0
BR10_6100745250,ok,1.0,1.0,1.0,-,-,0,0,0
BR10_6100746928,ok,1.0,1.0,1.0,-,-,0,0,0
BR10_6100803403,ok,1.0,1.0,1.0,-,-,1,0,0
BR10_6100807095,ok,1.0,1.0,1.0,-,-,0,0,0
BR10_6100807096,ok,1.0,1.0,1.0,-,-,1,0,0
BR10_6100807097,ok,1.0,1.0,1.0,-,-,1,0,0
BR10_6100818614,ok,1.0,1.0,1.0,-,-,0,0,0
BR10_6100820967,ok,1.0,1.0,1.0,-,-,1,0,0
BR10_6100828691,ok,1.0,1.0,1.0,-,-,0,0,0
BR10_6100861406,ok,1.0,1.0,1.0,-,-,1,0,0
BR10_6100864836,ok,1.0,1.0,1.0,-,-,0,0,0
BR10_6100895683,ok,1.0,1.0,1.0,-,-,1,0,0
BR10_6100906980,ok,1.0,1.0,1.0,-,-,1,0,0
BR10_6100929393,ok,1.0,1.0,1.0,-,-,0,0,0
BR10_6100944535,ok,1.0,1.0,1.0,-,-,1,0,0
BR10_6100945036,ok,1.0,1.0,1.0,-,-,1,0,0
BR10_6101189846,ok,1.0,1.0,1.0,-,-,0,0,0
BR10_6101189882,ok,1.0,1.0,1.0,-,-,0,0,0
BR10_6101197681,ok,1.0,1.0,1.0,-,-,1,0,0
BR10_6101197820,ok,1.0,1.0,1.0,-,-,0,0,0
BR10_6101201186,ok,1.0,1.0,1.0,-,-,0,0,0
BR10_6101223713,ok,1.0,1.0,1.0,-,-,1,0,0
BR10_6101225604,ok,1.0,1.0,1.0,-,-,1,0,0
BR10_6101263973,ok,1.0,1.0,1.0,-,-,0,0,0
BR10_6101276386,ok,1.0,1.0,1.0,-,-,1,0,0
BR10_6101276387,ok,1.0,1.0,1.0,-,-,0,0,0
BR10_6101276389,ok,1.0,1.0,1.0,-,-,0,0,0
BR10_6101276390,ok,1.0,1.0,1.0,-,-,0,0,0
BR10_6101276391,ok,1.0,1.0,1.0,-,-,0,0,0
BR10_6101293827,ok,1.0,1.0,1.0,-,-,0,0,0
BR10_6101293953,ok,1.0,1.0,1.0,-,-,0,0,0
BR10_6101321502,ok,1.0,1.0,1.0,-,-,0,0,0
BR10_6101321978,ok,0.0,1.0,0.0,R07,-,0,1,0
BR10_6101324583,ok,1.0,1.0,1.0,-,-,0,0,0
BR10_6101324663,ok,1.0,1.0,1.0,-,-,0,0,0
BR10_6101324665,ok,1.0,1.0,1.0,-,-,0,0,0
BR10_6101325724,ok,1.0,1.0,1.0,-,-,1,0,0
BR10_6101348959,ok,1.0,1.0,1.0,-,-,0,0,0
BR10_6101348960,ok,1.0,1.0,1.0,-,-,0,0,0
BR10_6101348966,ok,1.0,1.0,1.0,-,-,1,0,0
BR10_6101348969,ok,1.0,1.0,1.0,-,-,1,0,0
BR10_6101348986,ok,1.0,1.0,1.0,-,-,1,0,0
BR10_6101351631,ok,1.0,1.0,1.0,-,-,0,0,0
BR10_6101351646,ok,1.0,1.0,1.0,-,-,1,0,0
BR10_6101351655,ok,1.0,1.0,1.0,-,-,0,0,0
BR10_6101397939,ok,1.0,1.0,1.0,-,-,0,0,0
BR10_6101399381,ok,1.0,1.0,1.0,-,-,0,0,0
BR10_6101451000,ok,1.0,1.0,1.0,-,-,0,0,0
BR10_6101455416,ok,1.0,1.0,1.0,-,-,1,0,0
BR10_6101455434,ok,1.0,1.0,1.0,-,-,1,0,0
BR10_6101455435,ok,1.0,1.0,1.0,-,-,1,0,0
BR10_6101455441,ok,1.0,1.0,1.0,-,-,1,0,0
BR10_6101455482,ok,1.0,1.0,1.0,-,-,1,0,0
BR10_6101455573,ok,1.0,1.0,1.0,-,-,1,0,0
BR10_6101456100,ok,1.0,1.0,1.0,-,-,0,0,0
BR10_6101474676,ok,1.0,1.0,1.0,-,-,1,0,0
BR10_6101477092,ok,1.0,1.0,1.0,-,-,1,0,0
BR10_6101477925,ok,1.0,1.0,1.0,-,-,0,0,0
BR10_6101495318,ok,1.0,1.0,1.0,-,-,1,0,0
BR10_6101495322,ok,1.0,1.0,1.0,-,-,1,0,0
BR10_6101496547,ok,1.0,1.0,1.0,-,-,0,0,0
BR10_6101606423,ok,1.0,1.0,1.0,-,-,0,0,0
BR10_6101643340,ok,1.0,1.0,1.0,-,-,1,0,0
BR10_6101692516,ok,1.0,1.0,1.0,-,-,0,0,0
BR10_6101930465,ok,1.0,1.0,1.0,-,-,1,0,0
BR10_6101941876,ok,1.0,1.0,1.0,-,-,0,0,0
BR10_6101951428,ok,1.0,1.0,1.0,-,-,0,0,0
BR10_6101957872,ok,1.0,1.0,1.0,-,-,1,0,0
BR10_6101957873,ok,1.0,1.0,1.0,-,-,1,0,0
BR10_6101972157,ok,1.0,1.0,1.0,-,-,0,0,0
BR10_6101972162,ok,1.0,1.0,1.0,-,-,1,0,0
BR10_6101987700,ok,1.0,1.0,1.0,-,-,1,0,0
BR10_6102034851,ok,1.0,1.0,1.0,-,-,0,0,0
BR10_6102034864,ok,1.0,1.0,1.0,-,-,0,0,0
BR10_6102184750,ok,1.0,1.0,1.0,-,-,0,0,0
BR10_6102288605,ok,1.0,1.0,1.0,-,-,0,0,0
BR10_6102365151,ok,1.0,1.0,1.0,-,-,1,0,0
BR10_6102464864,ok,1.0,1.0,1.0,-,-,0,0,0
BR10_6102491742,ok,1.0,1.0,1.0,-,-,1,0,0
BR10_6102498500,ok,1.0,1.0,1.0,-,-,0,0,0
BR10_6102532739,ok,1.0,1.0,1.0,-,-,1,0,0
BR10_6102540378,ok,1.0,1.0,1.0,-,-,1,0,0
BR10_6102546135,ok,1.0,1.0,1.0,-,-,0,0,0
BR10_6102546144,ok,1.0,1.0,1.0,-,-,0,0,0
BR10_6102546152,ok,1.0,1.0,1.0,-,-,0,0,0
BR10_6102546154,ok,1.0,1.0,1.0,-,-,0,0,0
BR10_6102546184,ok,1.0,1.0,1.0,-,-,0,0,0
BR10_6102566269,ok,1.0,1.0,1.0,-,-,0,0,0
BR10_6102607365,ok,1.0,1.0,1.0,-,-,2,0,0
BR10_6102611140,ok,1.0,1.0,1.0,-,-,0,0,0
BR10_6102611144,ok,1.0,1.0,1.0,-,-,1,0,0
BR10_6102611145,ok,1.0,1.0,1.0,-,-,1,0,0
BR10_6102675484,ok,1.0,1.0,1.0,-,-,0,0,0
BR10_6102971307,ok,1.0,1.0,1.0,-,-,1,0,0
BR10_6102980988,ok,1.0,1.0,1.0,-,-,0,0,0
BR10_6102980989,ok,1.0,1.0,1.0,-,-,0,0,0
BR10_6102980991,ok,1.0,1.0,1.0,-,-,0,0,0
BR10_6102980992,ok,1.0,1.0,1.0,-,-,0,0,0
BR10_6102980993,ok,1.0,1.0,1.0,-,-,0,0,0
BR10_6103007166,ok,1.0,1.0,1.0,-,-,1,0,0
BR10_6103009100,ok,1.0,1.0,1.0,-,-,0,0,0
BR10_6103042665,ok,1.0,1.0,1.0,-,-,0,0,0
BR10_6103042674,ok,1.0,1.0,1.0,-,-,0,0,0
BR10_6103042675,ok,1.0,1.0,1.0,-,-,0,0,0
BR10_6103042676,ok,1.0,1.0,1.0,-,-,0,0,0
BR10_6103042677,ok,1.0,1.0,1.0,-,-,0,0,0
BR10_6103042679,ok,1.0,1.0,1.0,-,-,0,0,0
BR10_6103042680,ok,1.0,1.0,1.0,-,-,0,0,0
BR10_6103042681,ok,1.0,1.0,1.0,-,-,0,0,0
BR10_6103078223,ok,1.0,1.0,1.0,-,-,1,0,0
BR10_6103234762,ok,1.0,1.0,1.0,-,-,2,0,0
BR10_6103250880,ok,1.0,1.0,1.0,-,-,1,0,0
BR10_6103254701,ok,1.0,1.0,1.0,-,-,1,0,0
BR10_6103256269,ok,1.0,1.0,1.0,-,-,1,0,0
BR10_6103259457,ok,1.0,1.0,1.0,-,-,1,0,0
BR10_6103317041,ok,1.0,1.0,1.0,-,-,0,0,0
BR10_6103317792,ok,1.0,1.0,1.0,-,-,0,0,0
BR10_6103324077,ok,1.0,1.0,1.0,-,-,1,0,0
BR10_6103324082,ok,1.0,1.0,1.0,-,-,0,0,0
BR10_6103324470,ok,1.0,1.0,1.0,-,-,1,0,0
BR10_6103324896,ok,1.0,1.0,1.0,-,-,0,0,0
BR10_6103324899,ok,1.0,1.0,1.0,-,-,0,0,0
BR10_6103324900,ok,1.0,1.0,1.0,-,-,0,0,0
BR10_6103388340,ok,1.0,1.0,1.0,-,-,1,0,0
BR10_6103480694,ok,1.0,1.0,1.0,-,-,0,0,0
BR10_6103480919,ok,1.0,1.0,1.0,-,-,1,0,0
BR10_6103529492,ok,1.0,1.0,1.0,-,-,0,0,0
BR10_6103655961,ok,1.0,1.0,1.0,-,-,1,0,0
BR10_6103658413,ok,1.0,1.0,1.0,-,-,0,0,0
BR10_6103685382,ok,1.0,1.0,1.0,-,-,1,0,0
BR10_6103692870,ok,1.0,1.0,1.0,-,-,3,0,0
BR10_6103723675,ok,1.0,1.0,1.0,-,-,0,0,0
BR10_6103762556,ok,1.0,1.0,1.0,-,-,1,0,0
BR10_6103903294,ok,1.0,1.0,1.0,-,-,3,0,0
BR10_6103959191,ok,1.0,1.0,1.0,-,-,2,0,0
BR10_6103966713,ok,1.0,1.0,1.0,-,-,0,0,0
BR10_6103966721,ok,1.0,1.0,1.0,-,-,0,0,0
BR10_6104045564,ok,1.0,1.0,1.0,-,-,3,0,0
BR10_6104076354,ok,1.0,1.0,1.0,-,-,0,0,0
BR10_6104106907,ok,1.0,1.0,1.0,-,-,1,0,0
BR10_6104107514,ok,1.0,1.0,1.0,-,-,0,0,0
BR10_6104108106,ok,1.0,1.0,1.0,-,-,0,0,0
BR10_6104108107,ok,1.0,1.0,1.0,-,-,0,0,0
BR10_6104108108,ok,1.0,1.0,1.0,-,-,0,0,0
BR10_6104178283,ok,1.0,1.0,1.0,-,-,0,0,0
BR10_6104204246,ok,1.0,1.0,1.0,-,-,1,0,0
BR10_6104205441,ok,1.0,1.0,1.0,-,-,1,0,0
BR10_6104217423,ok,1.0,1.0,1.0,-,-,0,0,0
BR10_6104222572,ok,1.0,1.0,1.0,-,-,0,0,0
BR10_6104261996,ok,1.0,1.0,1.0,-,-,1,0,0
BR10_6104288281,ok,1.0,1.0,1.0,-,-,1,0,0
BR10_6104288283,ok,1.0,1.0,1.0,-,-,0,0,0
BR10_6104295642,ok,1.0,1.0,1.0,-,-,0,0,0
BR10_6104295780,ok,1.0,1.0,1.0,-,-,0,0,0
BR10_6104295893,ok,1.0,1.0,1.0,-,-,0,0,0
BR10_6104296032,ok,1.0,1.0,1.0,-,-,0,0,0
BR10_6104296148,ok,1.0,1.0,1.0,-,-,0,0,0
BR10_6104296184,ok,1.0,1.0,1.0,-,-,0,0,0
BR10_6104296304,ok,1.0,1.0,1.0,-,-,0,0,0
BR10_6104296423,ok,1.0,1.0,1.0,-,-,0,0,0
BR10_6104296524,ok,1.0,1.0,1.0,-,-,0,0,0
BR10_6104297817,ok,1.0,1.0,1.0,-,-,0,0,0
BR10_6104336338,ok,1.0,1.0,1.0,-,-,0,0,0
BR10_6104336441,ok,1.0,1.0,1.0,-,-,0,0,0
BR10_6104336547,ok,1.0,1.0,1.0,-,-,0,0,0
BR10_6104336648,ok,1.0,1.0,1.0,-,-,0,0,0
BR10_6104336751,ok,1.0,1.0,1.0,-,-,0,0,0
BR10_6104336888,ok,1.0,1.0,1.0,-,-,0,0,0
BR10_6104337195,ok,1.0,1.0,1.0,-,-,0,0,0
BR10_6104337351,ok,1.0,1.0,1.0,-,-,0,0,0
BR10_6104337929,ok,1.0,1.0,1.0,-,-,0,0,0
BR10_6104338043,ok,1.0,1.0,1.0,-,-,0,0,0
BR10_6104338137,ok,1.0,1.0,1.0,-,-,1,0,0
BR10_6104338512,ok,1.0,1.0,1.0,-,-,1,0,0
BR10_6104339724,ok,1.0,1.0,1.0,-,-,0,0,0
BR10_6104339829,ok,1.0,1.0,1.0,-,-,0,0,0
BR10_6104339906,ok,1.0,1.0,1.0,-,-,0,0,0
BR10_6104339950,ok,1.0,1.0,1.0,-,-,0,0,0
BR10_6104339987,ok,1.0,1.0,1.0,-,-,0,0,0
BR10_6104341100,ok,1.0,1.0,1.0,-,-,0,0,0
BR10_6104359716,ok,1.0,1.0,1.0,-,-,2,0,0
BR10_6104359719,ok,1.0,1.0,1.0,-,-,1,0,0
BR10_6104359727,ok,1.0,1.0,1.0,-,-,0,0,0
BR10_6104361053,ok,1.0,1.0,1.0,-,-,0,0,0
BR10_6104361054,ok,1.0,1.0,1.0,-,-,1,0,0
BR10_6104361055,ok,1.0,1.0,1.0,-,-,0,0,0
BR10_6104429681,ok,1.0,1.0,1.0,-,-,0,0,0
BR10_6104470225,ok,1.0,1.0,1.0,-,-,0,0,0
BR10_6104470335,ok,1.0,1.0,1.0,-,-,0,0,0
BR10_6104470397,ok,1.0,1.0,1.0,-,-,0,0,0
BR10_6104471588,ok,1.0,1.0,1.0,-,-,0,0,0
BR10_6104559847,ok,1.0,1.0,1.0,-,-,0,0,0
BR10_6104564575,ok,1.0,1.0,1.0,-,-,0,0,0
BR10_6104565474,ok,1.0,1.0,1.0,-,-,1,0,0
BR10_6104565777,ok,1.0,1.0,1.0,-,-,1,0,0
BR10_6104567484,ok,1.0,1.0,1.0,-,-,1,0,0
BR10_6104567568,ok,1.0,1.0,1.0,-,-,1,0,0
BR10_6104567574,ok,1.0,1.0,1.0,-,-,1,0,0
BR10_6104567578,ok,1.0,1.0,1.0,-,-,0,0,0
BR10_6104567579,ok,1.0,1.0,1.0,-,-,0,0,0
BR10_6104578605,ok,1.0,1.0,1.0,-,-,0,0,0
BR10_6104601899,ok,1.0,1.0,1.0,-,-,1,0,0
BR10_6104602139,ok,1.0,1.0,1.0,-,-,1,0,0
BR10_6104636873,ok,1.0,1.0,1.0,-,-,1,0,0
BR10_6104636888,ok,1.0,1.0,1.0,-,-,1,0,0
BR10_6104641226,ok,1.0,1.0,1.0,-,-,1,0,0
BR10_6104641227,ok,1.0,1.0,1.0,-,-,0,0,0
BR10_6104676702,ok,1.0,1.0,1.0,-,-,0,0,0
BR10_6104676722,ok,1.0,1.0,1.0,-,-,0,0,0
BR10_6104680397,ok,1.0,1.0,1.0,-,-,0,0,0
BR10_6104751410,ok,1.0,1.0,1.0,-,-,0,0,0
BR10_6104751729,ok,1.0,1.0,1.0,-,-,0,0,0
BR10_6104757169,ok,1.0,1.0,1.0,-,-,0,0,0
BR10_6104791218,ok,1.0,1.0,1.0,-,-,1,0,0
BR10_6104808967,ok,1.0,1.0,1.0,-,-,0,0,0
BR10_6104934883,ok,1.0,1.0,1.0,-,-,0,0,0
BR10_6104937381,ok,1.0,1.0,1.0,-,-,0,0,0
BR10_6104964965,ok,1.0,1.0,1.0,-,-,1,0,0
BR10_6104965345,ok,1.0,1.0,1.0,-,-,3,0,0
BR10_6105035375,ok,1.0,1.0,1.0,-,-,1,0,0
BR10_6105071056,ok,1.0,1.0,1.0,-,-,1,0,0
BR10_6105092871,ok,1.0,1.0,1.0,-,-,0,0,0
BR10_6105092873,ok,1.0,1.0,1.0,-,-,0,0,0
BR10_6105092874,ok,1.0,1.0,1.0,-,-,0,0,0
BR10_6105117582,ok,1.0,1.0,1.0,-,-,1,0,0
BR10_6105137020,ok,1.0,1.0,1.0,-,-,0,0,0
BR10_6105219709,ok,1.0,1.0,1.0,-,-,0,0,0
BR10_6105219711,ok,1.0,1.0,1.0,-,-,1,0,0
BR10_6105219713,ok,1.0,1.0,1.0,-,-,0,0,0
BR10_6105219714,ok,1.0,1.0,1.0,-,-,0,0,0
BR10_6105219723,ok,1.0,1.0,1.0,-,-,0,0,0
BR10_6105252855,ok,1.0,1.0,1.0,-,-,1,0,0
BR10_6105252950,ok,1.0,1.0,1.0,-,-,0,0,0
BR10_6105253254,ok,1.0,1.0,1.0,-,-,0,0,0
BR10_6105311249,ok,1.0,1.0,1.0,-,-,0,0,0
BR10_6105311250,ok,1.0,1.0,1.0,-,-,0,0,0
BR10_6105314302,ok,1.0,1.0,1.0,-,-,0,0,0
BR10_6105314315,ok,1.0,1.0,1.0,-,-,1,0,0
BR10_6105318115,ok,1.0,1.0,1.0,-,-,0,0,0
BR10_6105318139,ok,1.0,1.0,1.0,-,-,1,0,0
BR10_6105318142,ok,1.0,1.0,1.0,-,-,1,0,0
BR10_6105318153,ok,1.0,1.0,1.0,-,-,1,0,0
BR10_6105340182,ok,1.0,1.0,1.0,-,-,0,0,0
BR10_6105340753,ok,1.0,1.0,1.0,-,-,1,0,0
BR10_6105341997,ok,1.0,1.0,1.0,-,-,0,0,0
BR10_6105344255,ok,1.0,1.0,1.0,-,-,1,0,0
BR10_6105345704,ok,1.0,1.0,1.0,-,-,0,0,0
BR10_6105350234,ok,1.0,1.0,1.0,-,-,1,0,0
BR10_6105393764,ok,1.0,1.0,1.0,-,-,0,0,0
BR10_6105393765,ok,1.0,1.0,1.0,-,-,0,0,0
BR10_6105393773,ok,1.0,1.0,1.0,-,-,0,0,0
BR10_6105393774,ok,1.0,1.0,1.0,-,-,0,0,0
BR10_6105393775,ok,1.0,1.0,1.0,-,-,0,0,0
BR10_6105393776,ok,1.0,1.0,1.0,-,-,0,0,0
BR10_6105394379,ok,1.0,1.0,1.0,-,-,0,0,0
BR10_6105394383,ok,1.0,1.0,1.0,-,-,0,0,0
BR10_6105394384,ok,1.0,1.0,1.0,-,-,0,0,0
BR10_6105394386,ok,1.0,1.0,1.0,-,-,0,0,0
BR10_6105394387,ok,1.0,1.0,1.0,-,-,0,0,0
BR10_6105394388,ok,1.0,1.0,1.0,-,-,0,0,0
BR10_6105394398,ok,1.0,1.0,1.0,-,-,0,0,0
BR10_6105394400,ok,1.0,1.0,1.0,-,-,1,0,0
BR10_6105394403,ok,1.0,1.0,1.0,-,-,0,0,0
BR10_6105394404,ok,1.0,1.0,1.0,-,-,0,0,0
BR10_6105466133,ok,1.0,1.0,1.0,-,-,0,0,0
BR10_6105466146,ok,1.0,1.0,1.0,-,-,1,0,0
BR10_6105470541,ok,1.0,1.0,1.0,-,-,0,0,0
BR10_6105596145,ok,1.0,1.0,1.0,-,-,0,0,0
BR10_6105664802,ok,1.0,1.0,1.0,-,-,0,0,0
BR10_6105664803,ok,1.0,1.0,1.0,-,-,1,0,0
BR10_6105664824,ok,0.0,1.0,0.0,R05,-,0,1,0
BR10_6105664825,ok,1.0,1.0,1.0,-,-,1,0,0
BR10_6105679099,ok,1.0,1.0,1.0,-,-,1,0,0
BR10_6105730799,ok,1.0,1.0,1.0,-,-,1,0,0
BR10_6105828574,ok,1.0,1.0,1.0,-,-,0,0,0
BR10_6105828581,ok,1.0,1.0,1.0,-,-,1,0,0
BR10_6105912945,ok,1.0,1.0,1.0,-,-,0,0,0
BR10_6105918224,ok,1.0,1.0,1.0,-,-,0,0,0
BR10_6105918680,ok,1.0,1.0,1.0,-,-,0,0,0
BR10_6106048592,ok,1.0,1.0,1.0,-,-,0,0,0
BR10_6106051140,ok,1.0,1.0,1.0,-,-,1,0,0
BR10_6106053551,ok,1.0,1.0,1.0,-,-,0,0,0
BR19_5100000690,ok,1.0,1.0,1.0,-,-,0,0,0
BR19_6100000505,ok,1.0,1.0,1.0,-,-,1,0,0
BR19_6100002139,ok,1.0,1.0,1.0,-,-,1,0,0
BR19_6100007810,ok,1.0,1.0,1.0,-,-,2,0,0
BR19_6100008097,ok,1.0,1.0,1.0,-,-,0,0,0
BR19_6100008098,ok,1.0,1.0,1.0,-,-,0,0,0
BR19_6100009034,ok,1.0,1.0,1.0,-,-,1,0,0
BR23_5100001791,ok,1.0,1.0,1.0,-,-,0,0,0
BR23_5100001792,ok,1.0,1.0,1.0,-,-,0,0,0
BR23_5100001794,ok,1.0,1.0,1.0,-,-,0,0,0
BR23_5100001795,ok,1.0,1.0,1.0,-,-,0,0,0
BR23_5100007516,ok,1.0,1.0,1.0,-,-,1,0,0
BR23_5100007517,ok,1.0,1.0,1.0,-,-,1,0,0
BR23_5100007782,ok,1.0,1.0,1.0,-,-,1,0,0
BR23_5100007890,ok,1.0,1.0,1.0,-,-,1,0,0
BR23_5100008623,ok,1.0,1.0,1.0,-,-,0,0,0
BR23_5100010092,ok,1.0,1.0,1.0,-,-,1,0,0
BR23_5100011559,ok,1.0,1.0,1.0,-,-,1,0,0
BR23_5100017394,ok,1.0,1.0,1.0,-,-,0,0,0
BR23_5100017398,ok,1.0,1.0,1.0,-,-,0,0,0
BR23_5100017557,ok,1.0,1.0,1.0,-,-,0,0,0
BR23_5100017655,ok,1.0,1.0,1.0,-,-,0,0,0
BR23_5100020182,ok,1.0,0.0,0.0,-,R05,0,0,1
BR23_5100028556,ok,1.0,1.0,1.0,-,-,0,0,0
BR23_5100028670,ok,1.0,1.0,1.0,-,-,0,0,0
BR23_5100030935,ok,1.0,1.0,1.0,-,-,0,0,0
BR23_5100035900,ok,1.0,1.0,1.0,-,-,0,0,0
BR23_5100036901,ok,1.0,1.0,1.0,-,-,0,0,0
BR23_5100036902,ok,1.0,1.0,1.0,-,-,0,0,0
BR23_5100038847,ok,1.0,1.0,1.0,-,-,0,0,0
BR23_5100039357,ok,1.0,1.0,1.0,-,-,0,0,0
BR23_5100039873,ok,1.0,1.0,1.0,-,-,1,0,0
BR23_5100039877,ok,1.0,1.0,1.0,-,-,1,0,0
BR23_5100040050,ok,1.0,1.0,1.0,-,-,1,0,0
BR23_5100040092,ok,1.0,1.0,1.0,-,-,0,0,0
BR23_5100040186,ok,1.0,1.0,1.0,-,-,0,0,0
BR23_5100040870,ok,1.0,1.0,1.0,-,-,1,0,0
BR23_5100040871,ok,1.0,1.0,1.0,-,-,1,0,0
BR23_5100041228,ok,1.0,1.0,1.0,-,-,1,0,0
BR23_5100041232,ok,1.0,1.0,1.0,-,-,1,0,0
BR23_5100041233,ok,1.0,1.0,1.0,-,-,1,0,0
BR23_5100042046,ok,1.0,1.0,1.0,-,-,1,0,0
BR23_5100042047,ok,1.0,1.0,1.0,-,-,1,0,0
BR23_5100044098,ok,1.0,1.0,1.0,-,-,1,0,0
BR23_5100044099,ok,1.0,1.0,1.0,-,-,1,0,0
BR23_5100044100,ok,1.0,1.0,1.0,-,-,1,0,0
BR23_5100047284,ok,1.0,1.0,1.0,-,-,1,0,0
BR23_5100047987,ok,1.0,1.0,1.0,-,-,0,0,0
BR23_5100048081,ok,1.0,1.0,1.0,-,-,0,0,0
BR23_5100052343,ok,1.0,1.0,1.0,-,-,0,0,0
BR23_5100055801,ok,1.0,1.0,1.0,-,-,0,0,0
BR23_5100058396,ok,1.0,1.0,1.0,-,-,0,0,0
BR23_5100059911,ok,1.0,1.0,1.0,-,-,0,0,0
BR23_5100060614,ok,1.0,1.0,1.0,-,-,0,0,0
BR23_6100004235,ok,1.0,1.0,1.0,-,-,1,0,0
BR23_6100004239,ok,1.0,1.0,1.0,-,-,1,0,0
BR23_6100004240,ok,1.0,1.0,1.0,-,-,1,0,0
BR23_6100004250,ok,1.0,1.0,1.0,-,-,0,0,0
BR23_6100004253,ok,1.0,1.0,1.0,-,-,2,0,0
BR23_6100005859,ok,1.0,1.0,1.0,-,-,1,0,0
BR23_6100005860,ok,1.0,1.0,1.0,-,-,1,0,0
BR23_6100005861,ok,1.0,1.0,1.0,-,-,1,0,0
BR23_6100007975,ok,1.0,1.0,1.0,-,-,0,0,0
BR23_6100011913,ok,1.0,1.0,1.0,-,-,1,0,0
BR23_6100014650,ok,1.0,1.0,1.0,-,-,1,0,0
BR23_6100014652,ok,1.0,1.0,1.0,-,-,0,0,0
BR23_6100014686,ok,1.0,1.0,1.0,-,-,0,0,0
BR23_6100014687,ok,1.0,1.0,1.0,-,-,0,0,0
BR23_6100014689,ok,1.0,1.0,1.0,-,-,0,0,0
BR23_6100014690,ok,1.0,1.0,1.0,-,-,0,0,0
BR23_6100014691,ok,1.0,1.0,1.0,-,-,0,0,0
BR23_6100014692,ok,1.0,1.0,1.0,-,-,0,0,0
BR23_6100014694,ok,1.0,1.0,1.0,-,-,0,0,0
BR23_6100017863,ok,1.0,1.0,1.0,-,-,1,0,0
BR23_6100019734,ok,1.0,1.0,1.0,-,-,1,0,0
BR23_6100021309,ok,1.0,1.0,1.0,-,-,0,0,0
BR23_6100021577,ok,1.0,1.0,1.0,-,-,0,0,0
BR23_6100021666,ok,1.0,1.0,1.0,-,-,0,0,0
BR23_6100021667,ok,1.0,1.0,1.0,-,-,1,0,0
BR23_6100021668,ok,1.0,1.0,1.0,-,-,0,0,0
BR23_6100021669,ok,1.0,1.0,1.0,-,-,0,0,0
BR23_6100022108,ok,1.0,1.0,1.0,-,-,1,0,0
BR23_6100022115,ok,1.0,1.0,1.0,-,-,1,0,0
BR23_6100023739,ok,1.0,1.0,1.0,-,-,0,0,0
BR23_6100024126,ok,1.0,1.0,1.0,-,-,0,0,0
BR23_6100024127,ok,1.0,1.0,1.0,-,-,1,0,0
BR23_6100024130,ok,1.0,1.0,1.0,-,-,0,0,0
BR23_6100024492,ok,1.0,1.0,1.0,-,-,1,0,0
BR23_6100024499,ok,1.0,1.0,1.0,-,-,0,0,0
BR23_6100024506,ok,1.0,1.0,1.0,-,-,1,0,0
BR23_6100025404,ok,1.0,1.0,1.0,-,-,0,0,0
BR23_6100026031,ok,1.0,1.0,1.0,-,-,0,0,0
BR23_6100026058,ok,1.0,1.0,1.0,-,-,1,0,0
BR23_6100026623,ok,1.0,1.0,1.0,-,-,1,0,0
BR23_6100026624,ok,1.0,1.0,1.0,-,-,1,0,0
BR23_6100026715,ok,1.0,1.0,1.0,-,-,0,0,0
BR23_6100027791,ok,1.0,1.0,1.0,-,-,1,0,0
BR23_6100027792,ok,1.0,1.0,1.0,-,-,1,0,0
BR23_6100036438,ok,1.0,1.0,1.0,-,-,1,0,0
BR23_6100041600,ok,1.0,1.0,1.0,-,-,3,0,0
BR23_6100041601,ok,1.0,1.0,1.0,-,-,3,0,0
BR23_6100044021,ok,1.0,1.0,1.0,-,-,1,0,0
BR23_6100045588,ok,1.0,1.0,1.0,-,-,1,0,0
BR23_6100045593,ok,1.0,1.0,1.0,-,-,1,0,0
BR23_6100045699,ok,1.0,1.0,1.0,-,-,1,0,0
BR23_6100045701,ok,1.0,1.0,1.0,-,-,0,0,0
BR23_6100046748,ok,1.0,1.0,1.0,-,-,0,0,0
BR23_6100048454,ok,1.0,1.0,1.0,-,-,0,0,0
BR23_6100048456,ok,1.0,1.0,1.0,-,-,0,0,0
BR23_6100048457,ok,1.0,1.0,1.0,-,-,0,0,0
BR23_6100052549,ok,1.0,1.0,1.0,-,-,1,0,0
BR23_6100052584,ok,1.0,1.0,1.0,-,-,0,0,0
BR23_6100052585,ok,1.0,1.0,1.0,-,-,0,0,0
BR23_6100052586,ok,1.0,1.0,1.0,-,-,0,0,0
BR23_6100052682,ok,1.0,1.0,1.0,-,-,0,0,0
BR23_6100052683,ok,1.0,1.0,1.0,-,-,0,0,0
BR23_6100059487,ok,1.0,1.0,1.0,-,-,0,0,0
BR23_6100059488,ok,1.0,1.0,1.0,-,-,0,0,0
BR23_6100059489,ok,1.0,1.0,1.0,-,-,0,0,0
BR23_6100059490,ok,1.0,1.0,1.0,-,-,0,0,0
BR23_6100059583,ok,1.0,1.0,1.0,-,-,0,0,0
BR23_6100059633,ok,1.0,1.0,1.0,-,-,0,0,0
BR23_6100060304,ok,1.0,1.0,1.0,-,-,0,0,0
BR23_6100065049,ok,1.0,1.0,1.0,-,-,0,0,0
BR23_6100067821,ok,1.0,1.0,1.0,-,-,1,0,0
BR23_6100069500,ok,1.0,1.0,1.0,-,-,1,0,0
BR23_6100070838,ok,1.0,1.0,1.0,-,-,0,0,0
BR23_6100072528,ok,1.0,1.0,1.0,-,-,1,0,0
BR23_6100072531,ok,1.0,1.0,1.0,-,-,0,0,0
BR23_6100075300,ok,1.0,1.0,1.0,-,-,0,0,0
BR23_6100075326,ok,1.0,1.0,1.0,-,-,0,0,0
BR23_6100076151,ok,1.0,1.0,1.0,-,-,1,0,0
BR23_6100076185,ok,1.0,1.0,1.0,-,-,0,0,0
BR23_6100076186,ok,1.0,1.0,1.0,-,-,0,0,0
BR23_6100076984,ok,1.0,1.0,1.0,-,-,1,0,0
BR23_6100078336,ok,1.0,1.0,1.0,-,-,1,0,0
BR23_6100078523,ok,1.0,1.0,1.0,-,-,1,0,0
BR23_6100078524,ok,1.0,1.0,1.0,-,-,1,0,0
BR23_6100078574,ok,1.0,1.0,1.0,-,-,0,0,0
BR23_6100078575,ok,1.0,1.0,1.0,-,-,0,0,0
BR23_6100078576,ok,1.0,1.0,1.0,-,-,0,0,0
BR23_6100078577,ok,1.0,1.0,1.0,-,-,0,0,0
BR23_6100078578,ok,1.0,1.0,1.0,-,-,0,0,0
BR23_6100078579,ok,1.0,1.0,1.0,-,-,0,0,0
BR23_6100078580,ok,1.0,1.0,1.0,-,-,0,0,0
BR23_6100078581,ok,1.0,1.0,1.0,-,-,0,0,0
BR23_6100078582,ok,1.0,1.0,1.0,-,-,0,0,0
BR23_6100079103,ok,1.0,1.0,1.0,-,-,0,0,0
BR23_6100079104,ok,1.0,1.0,1.0,-,-,0,0,0
BR23_6100079109,ok,1.0,1.0,1.0,-,-,0,0,0
BR23_6100079110,ok,1.0,1.0,1.0,-,-,0,0,0
BR23_6100079352,ok,1.0,1.0,1.0,-,-,0,0,0
BR23_6100079354,ok,1.0,1.0,1.0,-,-,0,0,0
BR23_6100082661,ok,1.0,0.0,0.0,-,R05,0,0,1
BR23_6100085219,ok,1.0,1.0,1.0,-,-,0,0,0
BR23_6100085223,ok,1.0,1.0,1.0,-,-,0,0,0
BR23_6100085224,ok,1.0,1.0,1.0,-,-,0,0,0
BR23_6100086389,ok,1.0,1.0,1.0,-,-,0,0,0
BR23_6100087192,ok,1.0,1.0,1.0,-,-,0,0,0
BR23_6100087194,ok,1.0,1.0,1.0,-,-,0,0,0
BR23_6100087195,ok,1.0,1.0,1.0,-,-,0,0,0
BR23_6100087196,ok,1.0,1.0,1.0,-,-,0,0,0
BR23_6100087198,ok,1.0,1.0,1.0,-,-,0,0,0
BR23_6100087199,ok,1.0,1.0,1.0,-,-,0,0,0
BR23_6100087200,ok,1.0,1.0,1.0,-,-,0,0,0
BR23_6100088698,ok,1.0,1.0,1.0,-,-,0,0,0
BR23_6100088700,ok,1.0,1.0,1.0,-,-,0,0,0
BR23_6100088701,ok,1.0,1.0,1.0,-,-,0,0,0
BR23_6100088705,ok,1.0,1.0,1.0,-,-,2,0,0
BR23_6100088790,ok,1.0,1.0,1.0,-,-,3,0,0
BR23_6100088800,ok,1.0,1.0,1.0,-,-,3,0,0
BR23_6100088802,ok,1.0,1.0,1.0,-,-,3,0,0
BR23_6100089824,ok,1.0,1.0,1.0,-,-,0,0,0
BR23_6100089825,ok,1.0,1.0,1.0,-,-,0,0,0
BR23_6100089826,ok,1.0,1.0,1.0,-,-,0,0,0
BR23_6100089827,ok,1.0,1.0,1.0,-,-,0,0,0
BR23_6100089828,ok,1.0,1.0,1.0,-,-,0,0,0
BR23_6100089829,ok,1.0,1.0,1.0,-,-,0,0,0
BR23_6100090430,ok,1.0,1.0,1.0,-,-,0,0,0
BR23_6100090532,ok,1.0,1.0,1.0,-,-,0,0,0
BR23_6100091209,ok,1.0,1.0,1.0,-,-,0,0,0
BR23_6100091299,ok,1.0,1.0,1.0,-,-,0,0,0
BR23_6100091300,ok,1.0,1.0,1.0,-,-,0,0,0
BR23_6100091301,ok,1.0,1.0,1.0,-,-,0,0,0
BR23_6100091305,ok,1.0,1.0,1.0,-,-,1,0,0
BR23_6100091306,ok,1.0,1.0,1.0,-,-,0,0,0
BR23_6100091307,ok,1.0,1.0,1.0,-,-,0,0,0
BR23_6100091308,ok,1.0,1.0,1.0,-,-,0,0,0
BR23_6100091309,ok,1.0,1.0,1.0,-,-,0,0,0
BR23_6100091310,ok,1.0,1.0,1.0,-,-,0,0,0
BR23_6100091311,ok,1.0,1.0,1.0,-,-,0,0,0
BR23_6100093214,ok,1.0,1.0,1.0,-,-,0,0,0
BR23_6100093215,ok,1.0,1.0,1.0,-,-,0,0,0
BR23_6100093318,ok,1.0,1.0,1.0,-,-,0,0,0
BR23_6100093319,ok,1.0,1.0,1.0,-,-,0,0,0
BR23_6100093463,ok,1.0,1.0,1.0,-,-,0,0,0
BR23_6100095929,ok,1.0,1.0,1.0,-,-,1,0,0
BR23_6100098013,ok,1.0,1.0,1.0,-,-,0,0,0
BR23_6100098014,ok,1.0,1.0,1.0,-,-,0,0,0
BR23_6100104025,ok,1.0,1.0,1.0,-,-,0,0,0
BR23_6100104027,ok,1.0,1.0,1.0,-,-,0,0,0
BR23_6100104030,ok,1.0,1.0,1.0,-,-,0,0,0
BR28_5100000006,ok,1.0,1.0,1.0,-,-,2,0,0
BR28_5100000016,ok,1.0,1.0,1.0,-,-,1,0,0
BR28_5100000018,ok,1.0,1.0,1.0,-,-,1,0,0
BR28_5100000019,ok,1.0,1.0,1.0,-,-,2,0,0
BR30_5100001976,ok,1.0,1.0,1.0,-,-,1,0,0
BR30_5100004286,ok,1.0,1.0,1.0,-,-,1,0,0
BR30_5100006077,ok,1.0,1.0,1.0,-,-,1,0,0
BR30_5100007236,ok,1.0,1.0,1.0,-,-,1,0,0
BR30_5100007237,ok,0.33,1.0,0.5,"R13,R16",-,1,2,0
BR30_5100013655,ok,1.0,1.0,1.0,-,-,1,0,0
BR30_5100025708,ok,1.0,1.0,1.0,-,-,0,0,0
BR30_5100040383,ok,1.0,1.0,1.0,-,-,1,0,0
BR30_5100042819,ok,1.0,1.0,1.0,-,-,1,0,0
BR30_5100043026,ok,1.0,1.0,1.0,-,-,1,0,0
BR30_5100044359,ok,1.0,1.0,1.0,-,-,0,0,0
BR30_5100044555,ok,1.0,1.0,1.0,-,-,0,0,0
BR30_5100047856,ok,1.0,1.0,1.0,-,-,1,0,0
BR30_5100048133,ok,1.0,1.0,1.0,-,-,0,0,0
BR30_6100001639,ok,1.0,1.0,1.0,-,-,0,0,0
BR30_6100001641,ok,1.0,1.0,1.0,-,-,1,0,0
BR30_6100004885,ok,1.0,1.0,1.0,-,-,1,0,0
BR30_6100004887,ok,1.0,1.0,1.0,-,-,1,0,0
BR30_6100005223,ok,1.0,1.0,1.0,-,-,0,0,0
BR30_6100006734,ok,1.0,1.0,1.0,-,-,1,0,0
BR30_6100007481,ok,1.0,1.0,1.0,-,-,1,0,0
BR30_6100009178,ok,1.0,1.0,1.0,-,-,0,0,0
BR30_6100009193,ok,1.0,1.0,1.0,-,-,0,0,0
BR30_6100009194,ok,1.0,1.0,1.0,-,-,0,0,0
BR30_6100009258,ok,1.0,1.0,1.0,-,-,0,0,0
BR30_6100010388,ok,1.0,1.0,1.0,-,-,2,0,0
BR30_6100012357,ok,1.0,1.0,1.0,-,-,0,0,0
BR30_6100012358,ok,1.0,1.0,1.0,-,-,0,0,0
BR30_6100012456,ok,1.0,1.0,1.0,-,-,1,0,0
BR30_6100012464,ok,1.0,1.0,1.0,-,-,1,0,0
BR30_6100012468,ok,1.0,1.0,1.0,-,-,0,0,0
BR30_6100012759,ok,1.0,1.0,1.0,-,-,0,0,0
BR30_6100012760,ok,1.0,1.0,1.0,-,-,0,0,0
BR30_6100012761,ok,1.0,1.0,1.0,-,-,0,0,0
BR30_6100012763,ok,1.0,1.0,1.0,-,-,0,0,0
BR30_6100013017,ok,1.0,1.0,1.0,-,-,0,0,0
BR30_6100013018,ok,1.0,1.0,1.0,-,-,1,0,0
BR30_6100013019,ok,1.0,1.0,1.0,-,-,0,0,0
BR30_6100013022,ok,1.0,1.0,1.0,-,-,0,0,0
BR30_6100013028,ok,1.0,1.0,1.0,-,-,1,0,0
BR30_6100013030,ok,1.0,1.0,1.0,-,-,1,0,0
BR30_6100013050,ok,1.0,1.0,1.0,-,-,0,0,0
BR30_6100014040,ok,1.0,1.0,1.0,-,-,1,0,0
BR30_6100014042,ok,1.0,1.0,1.0,-,-,0,0,0
BR30_6100014046,ok,1.0,1.0,1.0,-,-,0,0,0
BR30_6100014050,ok,1.0,1.0,1.0,-,-,0,0,0
BR30_6100014761,ok,1.0,1.0,1.0,-,-,1,0,0
BR30_6100014762,ok,1.0,1.0,1.0,-,-,0,0,0
BR30_6100014763,ok,1.0,1.0,1.0,-,-,0,0,0
BR30_6100014764,ok,1.0,1.0,1.0,-,-,0,0,0
BR30_6100014766,ok,1.0,1.0,1.0,-,-,0,0,0
BR30_6100014767,ok,1.0,1.0,1.0,-,-,1,0,0
BR30_6100014768,ok,1.0,1.0,1.0,-,-,0,0,0
BR30_6100014769,ok,1.0,1.0,1.0,-,-,0,0,0
BR30_6100015010,ok,1.0,1.0,1.0,-,-,0,0,0
BR30_6100015012,ok,1.0,1.0,1.0,-,-,1,0,0
BR30_6100015014,ok,1.0,1.0,1.0,-,-,0,0,0
BR30_6100015015,ok,1.0,1.0,1.0,-,-,0,0,0
BR30_6100015016,ok,1.0,1.0,1.0,-,-,0,0,0
BR30_6100015766,ok,1.0,1.0,1.0,-,-,1,0,0
BR30_6100015767,ok,1.0,1.0,1.0,-,-,1,0,0
BR30_6100016091,ok,1.0,1.0,1.0,-,-,0,0,0
BR30_6100016859,ok,1.0,1.0,1.0,-,-,1,0,0
BR30_6100017853,ok,1.0,1.0,1.0,-,-,0,0,0
BR30_6100019507,ok,1.0,1.0,1.0,-,-,0,0,0
BR30_6100024427,ok,1.0,0.0,0.0,-,R06,0,0,1
BR30_6100025838,ok,1.0,1.0,1.0,-,-,1,0,0
BR30_6100027126,ok,1.0,1.0,1.0,-,-,1,0,0
BR30_6100027131,ok,1.0,1.0,1.0,-,-,1,0,0
BR30_6100027136,ok,1.0,1.0,1.0,-,-,1,0,0
BR30_6100027500,ok,1.0,1.0,1.0,-,-,0,0,0
BR30_6100028278,ok,1.0,1.0,1.0,-,-,0,0,0
BR30_6100028542,ok,1.0,1.0,1.0,-,-,0,0,0
BR30_6100028547,ok,1.0,1.0,1.0,-,-,0,0,0
BR30_6100030079,ok,1.0,1.0,1.0,-,-,0,0,0
BR30_6100033520,ok,1.0,1.0,1.0,-,-,0,0,0
BR30_6100034153,ok,1.0,1.0,1.0,-,-,1,0,0
BR30_6100036506,ok,1.0,1.0,1.0,-,-,1,0,0
BR30_6100036931,ok,1.0,1.0,1.0,-,-,1,0,0
BR30_6100037939,ok,1.0,1.0,1.0,-,-,1,0,0
BR30_6100037941,ok,1.0,1.0,1.0,-,-,1,0,0
BR30_6100037942,ok,1.0,1.0,1.0,-,-,1,0,0
BR30_6100037943,ok,1.0,1.0,1.0,-,-,1,0,0
BR30_6100039878,ok,1.0,0.0,0.0,-,"R05,R06,R07",0,0,3
BR30_6100039879,ok,1.0,0.0,0.0,-,R06,0,0,1
BR30_6100039887,ok,1.0,1.0,1.0,-,-,1,0,0
BR30_6100042087,ok,1.0,1.0,1.0,-,-,0,0,0
BR30_6100042088,ok,1.0,1.0,1.0,-,-,0,0,0
BR30_6100042182,ok,1.0,1.0,1.0,-,-,0,0,0
BR30_6100042422,ok,1.0,1.0,1.0,-,-,1,0,0
BR30_6100045186,ok,1.0,1.0,1.0,-,-,1,0,0
BR30_6100047696,ok,1.0,1.0,1.0,-,-,1,0,0
BR30_6100047722,ok,1.0,1.0,1.0,-,-,1,0,0
BR30_6100047723,ok,1.0,1.0,1.0,-,-,1,0,0
BR30_6100047724,ok,1.0,1.0,1.0,-,-,1,0,0
BR30_6100047728,ok,1.0,1.0,1.0,-,-,1,0,0
BR30_6100049000,ok,1.0,1.0,1.0,-,-,1,0,0
BR30_6100049766,ok,1.0,1.0,1.0,-,-,0,0,0
BR30_6100049767,ok,1.0,1.0,1.0,-,-,0,0,0
BR30_6100049768,ok,1.0,1.0,1.0,-,-,0,0,0
BR30_6100049781,ok,1.0,1.0,1.0,-,-,1,0,0
BR30_6100049782,ok,1.0,1.0,1.0,-,-,1,0,0
BR30_6100049788,ok,1.0,1.0,1.0,-,-,1,0,0
BR30_6100050146,ok,1.0,1.0,1.0,-,-,0,0,0
BR30_6100050333,ok,1.0,1.0,1.0,-,-,0,0,0
BR30_6100051622,ok,1.0,1.0,1.0,-,-,1,0,0
BR30_6100052153,ok,1.0,1.0,1.0,-,-,0,0,0
BR30_6100052181,ok,1.0,1.0,1.0,-,-,0,0,0
BR30_6100052182,ok,1.0,1.0,1.0,-,-,0,0,0
BR30_6100052183,ok,1.0,1.0,1.0,-,-,0,0,0
BR30_6100052184,ok,1.0,1.0,1.0,-,-,0,0,0
BR30_6100052185,ok,1.0,1.0,1.0,-,-,0,0,0
BR30_6100052770,ok,1.0,1.0,1.0,-,-,1,0,0
BR30_6100052772,ok,1.0,1.0,1.0,-,-,0,0,0
BR30_6100053016,ok,1.0,1.0,1.0,-,-,1,0,0
BR30_6100053451,ok,1.0,1.0,1.0,-,-,0,0,0
BR30_6100053453,ok,1.0,1.0,1.0,-,-,1,0,0
BR30_6100053454,ok,1.0,1.0,1.0,-,-,0,0,0
BR30_6100053456,ok,1.0,1.0,1.0,-,-,0,0,0
BR30_6100053457,ok,1.0,1.0,1.0,-,-,1,0,0
BR30_6100053459,ok,1.0,1.0,1.0,-,-,0,0,0
BR30_6100053463,ok,1.0,1.0,1.0,-,-,1,0,0
BR30_6100053464,ok,1.0,1.0,1.0,-,-,0,0,0
BR30_6100053692,ok,1.0,1.0,1.0,-,-,1,0,0
BR30_6100053693,ok,1.0,1.0,1.0,-,-,1,0,0
BR30_6100053694,ok,1.0,1.0,1.0,-,-,1,0,0
BR30_6100053695,ok,1.0,1.0,1.0,-,-,1,0,0
BR30_6100053696,ok,1.0,1.0,1.0,-,-,1,0,0
BR30_6100053697,ok,1.0,1.0,1.0,-,-,1,0,0
BR30_6100053700,ok,1.0,1.0,1.0,-,-,0,0,0
BR30_6100053701,ok,1.0,1.0,1.0,-,-,0,0,0
BR30_6100053716,ok,1.0,1.0,1.0,-,-,1,0,0
BR30_6100054548,ok,1.0,1.0,1.0,-,-,0,0,0
BR30_6100055424,ok,1.0,1.0,1.0,-,-,0,0,0
BR30_6100060750,ok,1.0,1.0,1.0,-,-,0,0,0
BR30_6100060752,ok,1.0,1.0,1.0,-,-,0,0,0
BR30_6100062314,ok,1.0,1.0,1.0,-,-,0,0,0
BR30_6100062318,ok,1.0,1.0,1.0,-,-,1,0,0
BR30_6100062350,ok,1.0,1.0,1.0,-,-,0,0,0
BR30_6100062351,ok,1.0,1.0,1.0,-,-,0,0,0
BR30_6100062352,ok,1.0,1.0,1.0,-,-,0,0,0
BR30_6100062829,ok,1.0,1.0,1.0,-,-,1,0,0
BR30_6100062834,ok,1.0,1.0,1.0,-,-,0,0,0
BR30_6100062848,ok,1.0,1.0,1.0,-,-,0,0,0
BR30_6100062849,ok,1.0,1.0,1.0,-,-,0,0,0
BR30_6100062851,ok,1.0,1.0,1.0,-,-,0,0,0
BR30_6100063041,ok,1.0,1.0,1.0,-,-,0,0,0
BR30_6100063398,ok,1.0,1.0,1.0,-,-,1,0,0
BR30_6100063399,ok,1.0,1.0,1.0,-,-,0,0,0
BR30_6100063400,ok,1.0,1.0,1.0,-,-,0,0,0
BR30_6100063403,ok,1.0,1.0,1.0,-,-,0,0,0
BR30_6100063404,ok,1.0,1.0,1.0,-,-,0,0,0
BR30_6100066056,ok,1.0,1.0,1.0,-,-,0,0,0
BR30_6100072212,ok,1.0,1.0,1.0,-,-,0,0,0
BR30_6100072219,ok,1.0,1.0,1.0,-,-,1,0,0
BR30_6100072220,ok,1.0,1.0,1.0,-,-,1,0,0
BR30_6100072221,ok,1.0,1.0,1.0,-,-,1,0,0
BR30_6100072222,ok,1.0,1.0,1.0,-,-,1,0,0
CA10_5100001067,ok,1.0,1.0,1.0,-,-,0,0,0
CA10_5100001142,ok,1.0,1.0,1.0,-,-,0,0,0
CA10_5100001143,ok,1.0,1.0,1.0,-,-,0,0,0
CA10_5100001144,ok,1.0,1.0,1.0,-,-,0,0,0
CA10_5100001146,ok,1.0,1.0,1.0,-,-,0,0,0
CA10_5100001147,ok,1.0,1.0,1.0,-,-,0,0,0
CA10_5100001159,ok,1.0,1.0,1.0,-,-,0,0,0
CA10_5100001162,ok,1.0,1.0,1.0,-,-,0,0,0
CA10_5100001164,ok,1.0,1.0,1.0,-,-,0,0,0
CA10_5100001165,ok,1.0,1.0,1.0,-,-,0,0,0
CA10_5100001168,ok,1.0,1.0,1.0,-,-,0,0,0
CA10_5100001171,ok,1.0,1.0,1.0,-,-,0,0,0
CA10_5100001194,ok,1.0,1.0,1.0,-,-,0,0,0
CA10_5100001576,ok,1.0,1.0,1.0,-,-,1,0,0
CA10_5100001577,ok,1.0,1.0,1.0,-,-,4,0,0
CA10_5100005122,ok,1.0,1.0,1.0,-,-,1,0,0
CA10_5100005941,ok,1.0,1.0,1.0,-,-,0,0,0
CA10_5100005943,ok,1.0,1.0,1.0,-,-,0,0,0
CA10_5100005952,ok,1.0,1.0,1.0,-,-,0,0,0
CA10_5100006173,ok,1.0,1.0,1.0,-,-,0,0,0
CA10_5100006303,ok,1.0,1.0,1.0,-,-,0,0,0
CA10_5100006384,ok,1.0,1.0,1.0,-,-,0,0,0
CA10_5100006402,ok,1.0,1.0,1.0,-,-,0,0,0
CA10_5100006409,ok,1.0,1.0,1.0,-,-,0,0,0
CA10_5100006412,ok,1.0,1.0,1.0,-,-,0,0,0
CA10_5100006414,ok,1.0,1.0,1.0,-,-,0,0,0
CA10_5100006417,ok,1.0,1.0,1.0,-,-,0,0,0
CA10_5100006418,ok,1.0,1.0,1.0,-,-,0,0,0
CA10_5100006419,ok,1.0,1.0,1.0,-,-,0,0,0
CA10_5100006421,ok,1.0,1.0,1.0,-,-,0,0,0
CA10_5100006423,ok,1.0,1.0,1.0,-,-,0,0,0
CA10_5100008666,ok,1.0,1.0,1.0,-,-,4,0,0
CA10_5100010425,ok,1.0,1.0,1.0,-,-,4,0,0
CA10_5100010639,ok,1.0,1.0,1.0,-,-,1,0,0
CA10_5100011340,ok,1.0,1.0,1.0,-,-,0,0,0
CA10_5100011343,ok,1.0,1.0,1.0,-,-,0,0,0
CA10_5100011346,ok,1.0,1.0,1.0,-,-,0,0,0
CA10_5100011363,ok,1.0,1.0,1.0,-,-,0,0,0
CA10_5100011364,ok,1.0,1.0,1.0,-,-,0,0,0
CA10_5100011365,ok,1.0,1.0,1.0,-,-,0,0,0
CA10_5100011368,ok,1.0,1.0,1.0,-,-,0,0,0
CA10_5100011369,ok,1.0,1.0,1.0,-,-,0,0,0
CA10_5100011370,ok,1.0,1.0,1.0,-,-,0,0,0
CA10_5100012041,ok,1.0,1.0,1.0,-,-,0,0,0
CA10_5100012045,ok,0.0,1.0,0.0,"R13,R16",-,0,2,0
CA10_5100016037,ok,1.0,1.0,1.0,-,-,0,0,0
CA10_5100016044,ok,1.0,1.0,1.0,-,-,0,0,0
CA10_5100016052,ok,1.0,1.0,1.0,-,-,0,0,0
CA10_5100016056,ok,1.0,1.0,1.0,-,-,0,0,0
CA10_5100016078,ok,1.0,1.0,1.0,-,-,0,0,0
CA10_5100016079,ok,1.0,1.0,1.0,-,-,0,0,0
CA10_5100016080,ok,1.0,1.0,1.0,-,-,0,0,0
CA10_5100016082,ok,1.0,1.0,1.0,-,-,0,0,0
CA10_5100016086,ok,1.0,1.0,1.0,-,-,0,0,0
CA10_5100016087,ok,1.0,1.0,1.0,-,-,0,0,0
CA10_5100016088,ok,1.0,1.0,1.0,-,-,0,0,0
CA10_5100016533,ok,1.0,1.0,1.0,-,-,0,0,0
CA10_5100019595,ok,1.0,1.0,1.0,-,-,0,0,0
CA10_5100020505,ok,1.0,1.0,1.0,-,-,1,0,0
CA10_5100020507,ok,1.0,1.0,1.0,-,-,1,0,0
CA10_5100021878,ok,1.0,1.0,1.0,-,-,0,0,0
CA10_5100021883,ok,1.0,1.0,1.0,-,-,0,0,0
CA10_5100021899,ok,1.0,1.0,1.0,-,-,0,0,0
CA10_5100021903,ok,1.0,1.0,1.0,-,-,0,0,0
CA10_5100021904,ok,1.0,1.0,1.0,-,-,0,0,0
CA10_5100026562,ok,1.0,1.0,1.0,-,-,0,0,0
CA10_5100026570,ok,1.0,1.0,1.0,-,-,0,0,0
CA10_5100032852,ok,1.0,1.0,1.0,-,-,1,0,0
CA10_5100043477,ok,1.0,1.0,1.0,-,-,4,0,0
CA10_5100044550,ok,1.0,1.0,1.0,-,-,0,0,0
CA10_5100045414,ok,1.0,1.0,1.0,-,-,2,0,0
CA10_5100045418,ok,1.0,1.0,1.0,-,-,2,0,0
CA10_5100045420,ok,1.0,1.0,1.0,-,-,1,0,0
CA10_5100045426,ok,1.0,1.0,1.0,-,-,2,0,0
CA10_5100051892,ok,1.0,1.0,1.0,-,-,0,0,0
CA10_5100054371,ok,1.0,1.0,1.0,-,-,3,0,0
CA10_5100057107,ok,1.0,1.0,1.0,-,-,2,0,0
CA10_5100057111,ok,1.0,1.0,1.0,-,-,2,0,0
CA10_5100057115,ok,1.0,1.0,1.0,-,-,2,0,0
CA10_5100057118,ok,1.0,1.0,1.0,-,-,1,0,0
CA10_5100063154,ok,1.0,1.0,1.0,-,-,0,0,0
CA10_5100063157,ok,1.0,1.0,1.0,-,-,0,0,0
CA10_5100063158,ok,1.0,1.0,1.0,-,-,0,0,0
CA10_5100063159,ok,1.0,1.0,1.0,-,-,0,0,0
CA10_5100063160,ok,1.0,1.0,1.0,-,-,0,0,0
CA10_5100063161,ok,1.0,1.0,1.0,-,-,0,0,0
CA10_5100063163,ok,1.0,1.0,1.0,-,-,0,0,0
CA10_5100063167,ok,1.0,1.0,1.0,-,-,0,0,0
CA10_5100063168,ok,1.0,1.0,1.0,-,-,0,0,0
CA10_5100063171,ok,1.0,1.0,1.0,-,-,0,0,0
CA10_5100063872,ok,1.0,1.0,1.0,-,-,0,0,0
CA10_5100063873,ok,1.0,1.0,1.0,-,-,0,0,0
CA10_5100063877,ok,1.0,1.0,1.0,-,-,0,0,0
CA10_5100063879,ok,1.0,1.0,1.0,-,-,0,0,0
CA10_5100063892,ok,1.0,1.0,1.0,-,-,0,0,0
CA10_5100063895,ok,1.0,1.0,1.0,-,-,0,0,0
CA10_5100070095,ok,1.0,1.0,1.0,-,-,0,0,0
CA10_5100070096,ok,1.0,1.0,1.0,-,-,0,0,0
CA10_5100070097,ok,1.0,1.0,1.0,-,-,0,0,0
CA10_5100070098,ok,1.0,1.0,1.0,-,-,0,0,0
CA10_5100070099,ok,1.0,1.0,1.0,-,-,0,0,0
CA10_5100070100,ok,1.0,1.0,1.0,-,-,0,0,0
CA10_5100070101,ok,1.0,1.0,1.0,-,-,0,0,0
CA10_5100070103,ok,1.0,1.0,1.0,-,-,0,0,0
CA10_5100070104,ok,1.0,1.0,1.0,-,-,0,0,0
CA10_5100070106,ok,1.0,1.0,1.0,-,-,0,0,0
CA10_5100070109,ok,1.0,1.0,1.0,-,-,0,0,0
CA10_5100070111,ok,1.0,1.0,1.0,-,-,0,0,0
CA10_5100070120,ok,1.0,1.0,1.0,-,-,0,0,0
CA10_5100070121,ok,1.0,1.0,1.0,-,-,0,0,0
CA10_5100070124,ok,1.0,1.0,1.0,-,-,0,0,0
CA10_5100070125,ok,1.0,1.0,1.0,-,-,0,0,0
CA10_5100070126,ok,1.0,1.0,1.0,-,-,0,0,0
CA10_5100070127,ok,1.0,1.0,1.0,-,-,0,0,0
CA10_5100072573,ok,1.0,1.0,1.0,-,-,0,0,0
CA10_5100072585,ok,1.0,1.0,1.0,-,-,0,0,0
CA10_5100072973,ok,1.0,1.0,1.0,-,-,2,0,0
CA10_5100072976,ok,1.0,1.0,1.0,-,-,1,0,0
CA10_5100075760,ok,1.0,1.0,1.0,-,-,0,0,0
CA10_5100078531,ok,1.0,1.0,1.0,-,-,3,0,0
CA10_5100078532,ok,1.0,1.0,1.0,-,-,3,0,0
CA10_5100082506,ok,1.0,1.0,1.0,-,-,1,0,0
CA10_5100082705,ok,1.0,1.0,1.0,-,-,2,0,0
CA10_5100083821,ok,1.0,1.0,1.0,-,-,0,0,0
CA10_5100083822,ok,1.0,1.0,1.0,-,-,0,0,0
CA10_5100083823,ok,1.0,1.0,1.0,-,-,0,0,0
CA10_5100083824,ok,1.0,1.0,1.0,-,-,0,0,0
CA10_5100083830,ok,1.0,1.0,1.0,-,-,0,0,0
CA10_5100083831,ok,1.0,1.0,1.0,-,-,0,0,0
CA10_5100083832,ok,1.0,1.0,1.0,-,-,0,0,0
CA10_5100083834,ok,1.0,1.0,1.0,-,-,0,0,0
CA10_5100083835,ok,1.0,1.0,1.0,-,-,0,0,0
CA10_5100083836,ok,1.0,1.0,1.0,-,-,0,0,0
CA10_5100083837,ok,1.0,1.0,1.0,-,-,0,0,0
CA10_5100083839,ok,1.0,1.0,1.0,-,-,0,0,0
CA10_5100083841,ok,1.0,1.0,1.0,-,-,0,0,0
CA10_5100083842,ok,1.0,1.0,1.0,-,-,0,0,0
CA10_5100083843,ok,1.0,1.0,1.0,-,-,0,0,0
CA10_5100083844,ok,1.0,1.0,1.0,-,-,0,0,0
CA10_5100083845,ok,1.0,1.0,1.0,-,-,0,0,0
CA10_5100083846,ok,1.0,1.0,1.0,-,-,0,0,0
CA10_5100083847,ok,1.0,1.0,1.0,-,-,0,0,0
CA10_5100083855,ok,1.0,1.0,1.0,-,-,2,0,0
CA10_5100083856,ok,1.0,1.0,1.0,-,-,2,0,0
CA10_5100083857,ok,1.0,1.0,1.0,-,-,2,0,0
CA10_5100083858,ok,1.0,1.0,1.0,-,-,1,0,0
CA10_5100084584,ok,1.0,1.0,1.0,-,-,2,0,0
CA10_5100085449,ok,1.0,1.0,1.0,-,-,4,0,0
CA10_5100090380,ok,1.0,1.0,1.0,-,-,0,0,0
CA10_5100090383,ok,1.0,1.0,1.0,-,-,0,0,0
CA10_5100090385,ok,1.0,1.0,1.0,-,-,0,0,0
CA10_5100091412,ok,1.0,1.0,1.0,-,-,0,0,0
CA10_5100094124,ok,1.0,1.0,1.0,-,-,0,0,0
CA10_5100094125,ok,1.0,1.0,1.0,-,-,0,0,0
CA23_5100017889,ok,1.0,1.0,1.0,-,-,2,0,0
CA23_5100018810,ok,1.0,1.0,1.0,-,-,0,0,0
CA23_5100021124,ok,1.0,1.0,1.0,-,-,0,0,0
CA23_5100023473,ok,1.0,1.0,1.0,-,-,0,0,0
CA23_5100023658,ok,1.0,1.0,1.0,-,-,0,0,0
CA23_5100029773,ok,1.0,1.0,1.0,-,-,0,0,0
CH0T_510014184,ok,1.0,1.0,1.0,-,-,0,0,0
CH0T_510078993,ok,1.0,1.0,1.0,-,-,0,0,0
CH0T_510091776,ok,1.0,1.0,1.0,-,-,3,0,0
CH0T_510112415,ok,1.0,1.0,1.0,-,-,0,0,0
CH0T_510117521,ok,0.0,1.0,0.0,R05,-,0,1,0
CH0T_510117523,ok,0.0,1.0,0.0,R05,-,0,1,0
CH0T_510128139,ok,1.0,1.0,1.0,-,-,2,0,0
CH0T_520000551,ok,1.0,1.0,1.0,-,-,1,0,0
CH0T_520000569,ok,1.0,1.0,1.0,-,-,0,0,0
CH0U_5100000000,ok,1.0,1.0,1.0,-,-,1,0,0
CH0U_5100000001,ok,1.0,1.0,1.0,-,-,1,0,0
CH0U_5100000005,ok,1.0,1.0,1.0,-,-,1,0,0
CH0X_510018297,ok,1.0,1.0,1.0,-,-,3,0,0
CH0X_610042908,ok,1.0,1.0,1.0,-,-,1,0,0
CH0X_610053022,ok,1.0,1.0,1.0,-,-,3,0,0
CH0X_610056755,ok,1.0,1.0,1.0,-,-,2,0,0
CH10_5100000002,ok,1.0,1.0,1.0,-,-,2,0,0
CH10_5100000003,ok,1.0,0.33,0.5,-,"R07,R15",1,0,2
CH10_5100000004,ok,0.5,0.5,0.5,R07,R15,1,1,1
CH10_5100000005,ok,0.0,0.0,0.0,"R06,R07",R05,0,2,1
CH10_5100000006,ok,1.0,0.67,0.8,-,R15,2,0,1
CH10_5100000007,ok,1.0,0.67,0.8,-,R15,2,0,1
CH10_5100000008,ok,1.0,0.67,0.8,-,R15,2,0,1
CH10_5100000009,ok,1.0,1.0,1.0,-,-,2,0,0
CH10_5100000010,ok,1.0,0.5,0.67,-,R15,1,0,1
CH10_5100000011,ok,1.0,0.67,0.8,-,R15,2,0,1
CH10_5100000012,ok,1.0,0.67,0.8,-,R15,2,0,1
CH10_5100000013,ok,0.5,0.5,0.5,R07,R15,1,1,1
CH10_5100000024,ok,1.0,0.5,0.67,-,R15,1,0,1
CH10_5100000025,ok,1.0,0.33,0.5,-,"R07,R15",1,0,2
CH10_5100000026,ok,1.0,0.67,0.8,-,R15,2,0,1
CH10_5100000027,ok,1.0,0.67,0.8,-,R15,2,0,1
CH10_5100000028,ok,1.0,1.0,1.0,-,-,3,0,0
CH10_5100000029,ok,1.0,1.0,1.0,-,-,3,0,0
CH10_5100000030,ok,1.0,0.67,0.8,-,R15,2,0,1
CH10_5100000031,ok,1.0,1.0,1.0,-,-,3,0,0
CH10_5100000033,ok,1.0,0.67,0.8,-,R15,2,0,1
CH10_5100000034,ok,1.0,1.0,1.0,-,-,3,0,0
CH10_5100000035,ok,0.67,1.0,0.8,R07,-,2,1,0
CH10_5100000036,ok,1.0,0.67,0.8,-,R07,2,0,1
CH10_5100000037,ok,1.0,0.33,0.5,-,"R07,R15",1,0,2
CH10_5100000038,ok,1.0,0.67,0.8,-,R15,2,0,1
CH10_5100000039,ok,1.0,1.0,1.0,-,-,3,0,0
CH10_5100000041,ok,1.0,0.67,0.8,-,R07,2,0,1
CH10_5100000042,ok,1.0,0.5,0.67,-,R15,1,0,1
CH10_5100000043,ok,1.0,1.0,1.0,-,-,3,0,0
CH10_5100000044,ok,1.0,0.67,0.8,-,R15,2,0,1
CH10_5100000045,ok,0.67,1.0,0.8,R07,-,2,1,0
CH10_5100000047,ok,1.0,0.67,0.8,-,R15,2,0,1
CH10_5100000049,ok,1.0,1.0,1.0,-,-,2,0,0
CH10_5100000050,ok,1.0,0.67,0.8,-,R15,2,0,1
CH10_5100000051,ok,1.0,1.0,1.0,-,-,3,0,0
CH10_5100000052,ok,1.0,1.0,1.0,-,-,3,0,0
CH10_5100000053,ok,1.0,0.33,0.5,-,"R07,R15",1,0,2
CH10_5100000054,ok,1.0,0.67,0.8,-,R15,2,0,1
CH10_5100000060,ok,0.5,0.33,0.4,R05,"R06,R07",1,1,2
CH11_510003381,ok,1.0,1.0,1.0,-,-,1,0,0
CH11_510003384,ok,1.0,1.0,1.0,-,-,0,0,0
CH11_510004405,ok,1.0,1.0,1.0,-,-,0,0,0
CH11_510004736,ok,1.0,0.25,0.4,-,"R13,R14,R16",1,0,3
CH11_510005133,ok,1.0,1.0,1.0,-,-,1,0,0
CH11_510005677,ok,1.0,1.0,1.0,-,-,1,0,0
CH11_510005684,ok,1.0,1.0,1.0,-,-,2,0,0
CH11_510011486,ok,1.0,1.0,1.0,-,-,0,0,0
CH11_510011529,ok,1.0,1.0,1.0,-,-,1,0,0
CH11_510011652,ok,1.0,1.0,1.0,-,-,1,0,0
CH11_510012678,ok,1.0,1.0,1.0,-,-,1,0,0
CH11_510016011,ok,1.0,1.0,1.0,-,-,1,0,0
CH11_510020073,ok,1.0,1.0,1.0,-,-,3,0,0
CH11_510020657,ok,1.0,1.0,1.0,-,-,0,0,0
CH11_510021133,ok,1.0,1.0,1.0,-,-,1,0,0
CH11_510022172,ok,1.0,1.0,1.0,-,-,1,0,0
CH11_510025941,ok,1.0,1.0,1.0,-,-,1,0,0
CH11_510029146,ok,1.0,0.25,0.4,-,"R13,R14,R16",1,0,3
CH11_510033390,ok,1.0,1.0,1.0,-,-,0,0,0
CH11_510039317,ok,1.0,1.0,1.0,-,-,0,0,0
CH11_510041480,ok,1.0,1.0,1.0,-,-,0,0,0
CH11_510043543,ok,1.0,1.0,1.0,-,-,3,0,0
CH11_510043566,ok,1.0,1.0,1.0,-,-,3,0,0
CH11_510047329,ok,1.0,1.0,1.0,-,-,0,0,0
CH11_510049371,ok,0.83,1.0,0.91,R04,-,5,1,0
CH11_510051226,ok,0.75,1.0,0.86,R05,-,3,1,0
CH11_510051308,ok,1.0,1.0,1.0,-,-,1,0,0
CH11_510052108,ok,1.0,1.0,1.0,-,-,1,0,0
CH11_510052564,ok,1.0,1.0,1.0,-,-,2,0,0
CH11_510053210,ok,1.0,1.0,1.0,-,-,3,0,0
CH11_510057304,ok,1.0,1.0,1.0,-,-,0,0,0
CH11_510058138,ok,1.0,1.0,1.0,-,-,1,0,0
CH11_510058144,ok,1.0,1.0,1.0,-,-,1,0,0
CH11_510058295,ok,1.0,1.0,1.0,-,-,0,0,0
CH11_510058303,ok,1.0,1.0,1.0,-,-,0,0,0
CH11_510058689,ok,1.0,1.0,1.0,-,-,0,0,0
CH11_510058694,ok,1.0,1.0,1.0,-,-,0,0,0
CH11_510061098,ok,0.5,1.0,0.67,R04,-,1,1,0
CH11_510061138,ok,1.0,1.0,1.0,-,-,1,0,0
CH11_510064372,ok,1.0,1.0,1.0,-,-,1,0,0
CH11_510064380,ok,1.0,1.0,1.0,-,-,1,0,0
CH11_510066497,ok,1.0,1.0,1.0,-,-,1,0,0
CH11_510066499,ok,1.0,1.0,1.0,-,-,1,0,0
CH11_510066501,ok,1.0,1.0,1.0,-,-,2,0,0
CH11_510066502,ok,1.0,1.0,1.0,-,-,1,0,0
CH11_510066503,ok,1.0,1.0,1.0,-,-,1,0,0
CH11_530000082,ok,1.0,1.0,1.0,-,-,0,0,0
CH11_530000083,ok,1.0,1.0,1.0,-,-,0,0,0
CH11_530000169,ok,1.0,1.0,1.0,-,-,0,0,0
CH11_530000282,ok,1.0,1.0,1.0,-,-,1,0,0
CH11_530000306,ok,0.0,0.0,0.0,R06,R05,0,1,1
CH11_530000313,ok,1.0,0.0,0.0,-,R05,0,0,1
CH11_530000355,ok,1.0,1.0,1.0,-,-,0,0,0
CH11_530000427,ok,1.0,0.0,0.0,-,R11,0,0,1
CH11_530000483,ok,1.0,0.0,0.0,-,R05,0,0,1
CH11_530000564,ok,1.0,1.0,1.0,-,-,0,0,0
CH11_530000565,ok,1.0,1.0,1.0,-,-,0,0,0
CH11_530000596,ok,1.0,0.0,0.0,-,"R05,R06,R07",0,0,3
CH11_530000642,ok,1.0,1.0,1.0,-,-,0,0,0
CH11_530000643,ok,1.0,1.0,1.0,-,-,0,0,0
CH11_530000680,ok,1.0,0.0,0.0,-,"R05,R06,R07",0,0,3
CH11_530000802,ok,1.0,0.0,0.0,-,"R07,R15",0,0,2
CH11_530001167,ok,1.0,1.0,1.0,-,-,0,0,0
CH11_530001302,ok,1.0,1.0,1.0,-,-,0,0,0
CH11_530001485,ok,1.0,1.0,1.0,-,-,0,0,0
CH11_530001854,ok,1.0,1.0,1.0,-,-,0,0,0
CH11_530001856,ok,1.0,1.0,1.0,-,-,0,0,0
CH11_530001889,ok,1.0,1.0,1.0,-,-,0,0,0
CH11_530001981,ok,1.0,0.0,0.0,-,R05,0,0,1
CH11_530002008,ok,1.0,1.0,1.0,-,-,0,0,0
CH11_530002026,ok,1.0,1.0,1.0,-,-,0,0,0
CH11_530002065,ok,1.0,1.0,1.0,-,-,1,0,0
CH11_530002097,ok,1.0,1.0,1.0,-,-,0,0,0
CH11_530002101,ok,0.0,1.0,0.0,"R13,R16",-,0,2,0
CH11_530002102,ok,1.0,1.0,1.0,-,-,0,0,0
CH11_530002105,ok,1.0,1.0,1.0,-,-,0,0,0
CH11_530002124,ok,1.0,1.0,1.0,-,-,0,0,0
CH11_530002249,ok,1.0,1.0,1.0,-,-,0,0,0
CH11_530002250,ok,1.0,1.0,1.0,-,-,1,0,0
CH11_530002484,ok,0.0,1.0,0.0,R05,-,0,1,0
CH11_530002504,ok,1.0,1.0,1.0,-,-,1,0,0
CH11_530002662,ok,1.0,1.0,1.0,-,-,0,0,0
CH11_530002663,ok,1.0,1.0,1.0,-,-,0,0,0
CH11_530002681,ok,1.0,1.0,1.0,-,-,0,0,0
CH11_530002683,ok,1.0,1.0,1.0,-,-,0,0,0
CH11_530002684,ok,1.0,1.0,1.0,-,-,0,0,0
CH11_610010483,ok,1.0,1.0,1.0,-,-,1,0,0
CH11_610039744,ok,1.0,1.0,1.0,-,-,1,0,0
CH11_610075259,ok,1.0,1.0,1.0,-,-,4,0,0
CH11_610075260,ok,1.0,0.25,0.4,-,"R13,R14,R16",1,0,3
CH11_610075261,ok,1.0,1.0,1.0,-,-,4,0,0
CH11_610075263,ok,1.0,1.0,1.0,-,-,4,0,0
CH11_610075265,ok,1.0,1.0,1.0,-,-,4,0,0
CH11_610153501,ok,1.0,1.0,1.0,-,-,1,0,0
CH12_510000053,ok,1.0,1.0,1.0,-,-,0,0,0
CH12_510000055,ok,1.0,1.0,1.0,-,-,0,0,0
CH12_510000196,ok,1.0,1.0,1.0,-,-,1,0,0
CH12_510000197,ok,1.0,1.0,1.0,-,-,0,0,0
CH12_510000251,ok,1.0,1.0,1.0,-,-,2,0,0
CH12_510000261,ok,0.0,0.0,0.0,R05,"R06,R07",0,1,2
CH12_510000302,ok,1.0,1.0,1.0,-,-,2,0,0
CH12_510000307,ok,1.0,1.0,1.0,-,-,0,0,0
CH12_510000310,ok,1.0,1.0,1.0,-,-,1,0,0
CH12_510000311,ok,1.0,0.17,0.29,-,"R03,R05,R07,R15,R27",1,0,5
CH12_510000312,ok,1.0,1.0,1.0,-,-,1,0,0
CH12_510000315,ok,1.0,1.0,1.0,-,-,1,0,0
CH12_510000346,ok,1.0,1.0,1.0,-,-,1,0,0
CH12_510000349,ok,1.0,1.0,1.0,-,-,1,0,0
CH12_510000431,ok,1.0,1.0,1.0,-,-,2,0,0
CH12_510000456,ok,1.0,1.0,1.0,-,-,3,0,0
CH12_510000498,ok,1.0,1.0,1.0,-,-,1,0,0
CH12_510000522,ok,1.0,1.0,1.0,-,-,0,0,0
CH12_510000527,ok,1.0,1.0,1.0,-,-,0,0,0
CH12_510000535,ok,1.0,1.0,1.0,-,-,1,0,0
CH12_510000539,ok,1.0,1.0,1.0,-,-,2,0,0
CH12_510000543,ok,1.0,1.0,1.0,-,-,1,0,0
CH12_510000579,ok,1.0,1.0,1.0,-,-,2,0,0
CH12_510000600,ok,1.0,1.0,1.0,-,-,2,0,0
CH12_510000631,ok,1.0,1.0,1.0,-,-,0,0,0
CH12_510000640,ok,1.0,1.0,1.0,-,-,2,0,0
CH12_510000647,ok,1.0,0.33,0.5,-,"R13,R16",1,0,2
CH12_510000668,ok,1.0,1.0,1.0,-,-,0,0,0
CH12_510000669,ok,1.0,0.0,0.0,-,R05,0,0,1
CH12_510000727,ok,1.0,1.0,1.0,-,-,1,0,0
CH12_510000797,ok,1.0,1.0,1.0,-,-,0,0,0
CH12_510001037,ok,1.0,1.0,1.0,-,-,0,0,0
CH12_510001049,ok,1.0,1.0,1.0,-,-,3,0,0
CH12_510001062,ok,1.0,1.0,1.0,-,-,0,0,0
CH12_510001065,ok,1.0,1.0,1.0,-,-,1,0,0
CH12_510001069,ok,1.0,1.0,1.0,-,-,1,0,0
CH12_510001075,ok,1.0,1.0,1.0,-,-,0,0,0
CH12_510001123,ok,1.0,1.0,1.0,-,-,1,0,0
CH12_510001143,ok,1.0,0.0,0.0,-,"R05,R07",0,0,2
CH12_510001150,ok,1.0,1.0,1.0,-,-,1,0,0
CH12_510001152,ok,1.0,1.0,1.0,-,-,1,0,0
CH12_510001200,ok,1.0,1.0,1.0,-,-,1,0,0
CH12_510001242,ok,1.0,1.0,1.0,-,-,2,0,0
CH12_510001301,ok,1.0,1.0,1.0,-,-,0,0,0
CH12_510001342,ok,1.0,1.0,1.0,-,-,1,0,0
CH12_510001385,ok,1.0,1.0,1.0,-,-,1,0,0
CH12_510001680,ok,1.0,1.0,1.0,-,-,3,0,0
CH12_510001701,ok,1.0,1.0,1.0,-,-,3,0,0
CH12_510001705,ok,1.0,0.0,0.0,-,"R05,R07,R15",0,0,3
CH12_510001707,ok,1.0,1.0,1.0,-,-,1,0,0
CH12_510001816,ok,1.0,1.0,1.0,-,-,1,0,0
CH12_510001826,ok,1.0,1.0,1.0,-,-,1,0,0
CH12_510001839,ok,1.0,0.0,0.0,-,R05,0,0,1
CH12_510001840,ok,0.0,1.0,0.0,R05,-,0,1,0
CH12_510001841,ok,1.0,1.0,1.0,-,-,2,0,0
CH12_510001847,ok,1.0,1.0,1.0,-,-,3,0,0
CH12_510002062,ok,1.0,1.0,1.0,-,-,1,0,0
CH12_510002063,ok,1.0,1.0,1.0,-,-,0,0,0
CH12_510002181,ok,1.0,1.0,1.0,-,-,1,0,0
CH12_510002193,ok,1.0,1.0,1.0,-,-,1,0,0
CH12_510002197,ok,1.0,1.0,1.0,-,-,1,0,0
CH12_510002615,ok,0.0,0.0,0.0,R07,"R03,R15,R27",0,1,3
CH12_510003102,ok,1.0,1.0,1.0,-,-,3,0,0
CH12_510003106,ok,1.0,0.67,0.8,-,R16,2,0,1
CH12_510003108,ok,1.0,1.0,1.0,-,-,4,0,0
CH12_510003112,ok,1.0,1.0,1.0,-,-,4,0,0
CH12_510003439,ok,1.0,1.0,1.0,-,-,0,0,0
CH12_510003494,ok,1.0,1.0,1.0,-,-,1,0,0
CH12_510003495,ok,1.0,0.33,0.5,-,"R03,R15",1,0,2
CH12_510003628,ok,1.0,1.0,1.0,-,-,2,0,0
CH12_510003633,ok,1.0,1.0,1.0,-,-,2,0,0
CH12_510003769,ok,1.0,1.0,1.0,-,-,0,0,0
CH12_510003785,ok,1.0,1.0,1.0,-,-,0,0,0
CH12_510003801,ok,1.0,1.0,1.0,-,-,0,0,0
CH12_510003981,ok,0.0,1.0,0.0,"R05,R07",-,0,2,0
CH12_510004046,ok,1.0,1.0,1.0,-,-,1,0,0
CH12_510004448,ok,1.0,1.0,1.0,-,-,4,0,0
CH12_510004533,ok,1.0,1.0,1.0,-,-,4,0,0
CH12_510004821,ok,1.0,1.0,1.0,-,-,2,0,0
CH12_510004824,ok,1.0,1.0,1.0,-,-,1,0,0
CH12_510004914,ok,1.0,1.0,1.0,-,-,2,0,0
CH12_510004919,ok,1.0,1.0,1.0,-,-,2,0,0
CH12_510004921,ok,1.0,1.0,1.0,-,-,2,0,0
CH12_510005028,ok,1.0,0.0,0.0,-,"R13,R14,R16",0,0,3
CH12_510005039,ok,1.0,1.0,1.0,-,-,1,0,0
CH12_510005208,ok,1.0,1.0,1.0,-,-,0,0,0
CH12_510005217,ok,1.0,1.0,1.0,-,-,0,0,0
CH12_510005270,ok,1.0,1.0,1.0,-,-,0,0,0
CH12_510005276,ok,1.0,0.5,0.67,-,R15,1,0,1
CH12_510005550,ok,1.0,1.0,1.0,-,-,1,0,0
CH12_510005560,ok,1.0,1.0,1.0,-,-,0,0,0
CH12_510005599,ok,0.75,1.0,0.86,R04,-,3,1,0
CH12_510005602,ok,1.0,1.0,1.0,-,-,1,0,0
CH12_510005857,ok,1.0,1.0,1.0,-,-,1,0,0
CH12_510006078,ok,1.0,1.0,1.0,-,-,1,0,0
CH12_510006089,ok,1.0,1.0,1.0,-,-,1,0,0
CH12_510006103,ok,1.0,1.0,1.0,-,-,4,0,0
CH12_510006552,ok,1.0,1.0,1.0,-,-,1,0,0
CH12_510006697,ok,1.0,1.0,1.0,-,-,0,0,0
CH12_510006698,ok,1.0,1.0,1.0,-,-,0,0,0
CH12_510006699,ok,1.0,1.0,1.0,-,-,0,0,0
CH12_510006950,ok,1.0,1.0,1.0,-,-,0,0,0
CH12_510006956,ok,1.0,1.0,1.0,-,-,1,0,0
CH12_510006959,ok,1.0,0.5,0.67,-,R15,1,0,1
CH12_510006962,ok,1.0,1.0,1.0,-,-,0,0,0
CH12_510007261,ok,1.0,1.0,1.0,-,-,5,0,0
CH12_510007268,ok,1.0,0.25,0.4,-,"R13,R15,R16",1,0,3
CH12_510007280,ok,1.0,1.0,1.0,-,-,0,0,0
CH12_510007319,ok,1.0,1.0,1.0,-,-,1,0,0
CH12_510007476,ok,1.0,1.0,1.0,-,-,4,0,0
CH12_510008331,ok,1.0,1.0,1.0,-,-,0,0,0
CH12_510008698,ok,1.0,1.0,1.0,-,-,0,0,0
CH12_510008768,ok,1.0,1.0,1.0,-,-,2,0,0
CH12_510008781,ok,1.0,1.0,1.0,-,-,2,0,0
CH12_510008903,ok,1.0,1.0,1.0,-,-,1,0,0
CH12_510008944,ok,1.0,1.0,1.0,-,-,0,0,0
CH12_510009158,ok,1.0,0.33,0.5,-,"R07,R15",1,0,2
CH12_510009281,ok,1.0,1.0,1.0,-,-,4,0,0
CH12_510009445,ok,1.0,0.5,0.67,-,R05,1,0,1
CH12_510009570,ok,1.0,1.0,1.0,-,-,3,0,0
CH12_510009583,ok,1.0,1.0,1.0,-,-,2,0,0
CH12_510009965,ok,1.0,1.0,1.0,-,-,0,0,0
CH12_510009985,ok,1.0,1.0,1.0,-,-,0,0,0
CH12_510010070,ok,1.0,1.0,1.0,-,-,2,0,0
CH12_510010205,ok,1.0,1.0,1.0,-,-,2,0,0
CH12_510010207,ok,1.0,1.0,1.0,-,-,3,0,0
CH12_510010209,ok,1.0,1.0,1.0,-,-,3,0,0
CH12_510010210,ok,1.0,1.0,1.0,-,-,3,0,0
CH12_510010447,ok,1.0,1.0,1.0,-,-,3,0,0
CH12_510010453,ok,1.0,0.0,0.0,-,R15,0,0,1
CH12_510010462,ok,1.0,0.25,0.4,-,"R03,R07,R27",1,0,3
CH12_510010562,ok,1.0,1.0,1.0,-,-,2,0,0
CH12_510010762,ok,1.0,1.0,1.0,-,-,1,0,0
CH12_510010765,ok,0.0,0.0,0.0,R07,"R06,R12",0,1,2
CH12_510010942,ok,1.0,1.0,1.0,-,-,1,0,0
CH12_510011568,ok,1.0,1.0,1.0,-,-,3,0,0
CH12_510011597,ok,1.0,0.67,0.8,-,R15,2,0,1
CH12_510011622,ok,1.0,1.0,1.0,-,-,1,0,0
CH12_510011671,ok,0.5,0.33,0.4,R06,"R07,R15",1,1,2
CH12_510011672,ok,1.0,1.0,1.0,-,-,2,0,0
CH12_510011682,ok,1.0,1.0,1.0,-,-,3,0,0
CH12_510011683,ok,1.0,1.0,1.0,-,-,2,0,0
CH12_510011686,ok,0.0,1.0,0.0,"R13,R16",-,0,2,0
CH12_510011687,ok,1.0,1.0,1.0,-,-,1,0,0
CH12_510011688,ok,1.0,1.0,1.0,-,-,3,0,0
CH12_510011788,ok,1.0,1.0,1.0,-,-,3,0,0
CH12_510011901,ok,1.0,1.0,1.0,-,-,1,0,0
CH12_510012043,ok,1.0,1.0,1.0,-,-,3,0,0
CH12_510012378,ok,0.83,1.0,0.91,R04,-,5,1,0
CH12_510012509,ok,1.0,1.0,1.0,-,-,1,0,0
CH12_510012681,ok,1.0,1.0,1.0,-,-,4,0,0
CH12_510013034,ok,1.0,1.0,1.0,-,-,1,0,0
CH12_510013188,ok,1.0,1.0,1.0,-,-,4,0,0
CH12_510013189,ok,1.0,1.0,1.0,-,-,4,0,0
CH12_510013190,ok,1.0,1.0,1.0,-,-,3,0,0
CH12_510013191,ok,1.0,1.0,1.0,-,-,1,0,0
CH12_510013446,ok,1.0,1.0,1.0,-,-,0,0,0
CH12_510013972,ok,1.0,1.0,1.0,-,-,3,0,0
CH12_510014318,ok,1.0,1.0,1.0,-,-,1,0,0
CH12_510014610,ok,1.0,1.0,1.0,-,-,3,0,0
CH12_510014743,ok,1.0,1.0,1.0,-,-,2,0,0
CH12_510014744,ok,1.0,1.0,1.0,-,-,3,0,0
CH12_510014749,ok,1.0,1.0,1.0,-,-,2,0,0
CH12_510014970,ok,1.0,1.0,1.0,-,-,3,0,0
CH12_510015316,ok,1.0,1.0,1.0,-,-,1,0,0
CH12_510015429,ok,1.0,1.0,1.0,-,-,3,0,0
CH12_510015434,ok,1.0,0.33,0.5,-,"R13,R16",1,0,2
CH12_510015435,ok,1.0,1.0,1.0,-,-,3,0,0
CH12_510015438,ok,1.0,1.0,1.0,-,-,4,0,0
CH12_510015443,ok,1.0,1.0,1.0,-,-,1,0,0
CH12_510015456,ok,1.0,1.0,1.0,-,-,7,0,0
CH12_510015459,ok,1.0,1.0,1.0,-,-,1,0,0
CH12_510015464,ok,1.0,1.0,1.0,-,-,3,0,0
CH12_510015466,ok,1.0,1.0,1.0,-,-,3,0,0
CH12_510015606,ok,1.0,1.0,1.0,-,-,4,0,0
CH12_510015634,ok,1.0,1.0,1.0,-,-,1,0,0
CH12_510015939,ok,1.0,1.0,1.0,-,-,1,0,0
CH12_510015944,ok,1.0,1.0,1.0,-,-,2,0,0
CH12_510015946,ok,1.0,1.0,1.0,-,-,2,0,0
CH12_510015958,ok,1.0,1.0,1.0,-,-,1,0,0
CH12_510016026,ok,1.0,1.0,1.0,-,-,1,0,0
CH12_510016094,ok,1.0,1.0,1.0,-,-,3,0,0
CH12_510016095,ok,1.0,1.0,1.0,-,-,4,0,0
CH12_510016101,ok,1.0,0.75,0.86,-,R15,3,0,1
CH12_510016107,ok,1.0,1.0,1.0,-,-,4,0,0
CH12_510016216,ok,1.0,1.0,1.0,-,-,1,0,0
CH12_510016231,ok,1.0,1.0,1.0,-,-,1,0,0
CH12_510016235,ok,1.0,1.0,1.0,-,-,1,0,0
CH12_510016319,ok,1.0,0.67,0.8,-,R15,2,0,1
CH12_510016332,ok,1.0,1.0,1.0,-,-,1,0,0
CH12_510016335,ok,1.0,1.0,1.0,-,-,1,0,0
CH12_510016344,ok,1.0,1.0,1.0,-,-,0,0,0
CH12_510016353,ok,1.0,1.0,1.0,-,-,1,0,0
CH12_510016376,ok,1.0,1.0,1.0,-,-,1,0,0
CH12_510016973,ok,1.0,1.0,1.0,-,-,0,0,0
CH12_510016980,ok,1.0,1.0,1.0,-,-,1,0,0
CH12_510016981,ok,1.0,1.0,1.0,-,-,2,0,0
CH12_510017001,ok,1.0,1.0,1.0,-,-,2,0,0
CH12_510017009,ok,1.0,1.0,1.0,-,-,0,0,0
CH12_510017056,ok,1.0,1.0,1.0,-,-,1,0,0
CH12_510017638,ok,1.0,1.0,1.0,-,-,1,0,0
CH12_510017799,ok,1.0,1.0,1.0,-,-,1,0,0
CH12_510018079,ok,0.0,0.0,0.0,"R06,R07","R03,R15",0,2,2
CH12_510018080,ok,0.0,0.0,0.0,"R06,R07","R03,R04,R15",0,2,3
CH12_510018213,ok,1.0,1.0,1.0,-,-,1,0,0
CH12_510018556,ok,1.0,1.0,1.0,-,-,1,0,0
CH12_510018564,ok,1.0,1.0,1.0,-,-,0,0,0
CH12_510019183,ok,1.0,1.0,1.0,-,-,2,0,0
CH12_510019226,ok,1.0,1.0,1.0,-,-,0,0,0
CH12_520002771,ok,1.0,1.0,1.0,-,-,1,0,0
CH12_610004761,ok,1.0,0.5,0.67,-,R15,1,0,1
CH12_610014876,ok,1.0,1.0,1.0,-,-,3,0,0
CH12_610027774,ok,1.0,1.0,1.0,-,-,3,0,0
CH12_610028928,ok,1.0,1.0,1.0,-,-,3,0,0
CH12_610028929,ok,1.0,1.0,1.0,-,-,3,0,0
CH12_610028931,ok,1.0,1.0,1.0,-,-,3,0,0
CH12_610028932,ok,1.0,0.67,0.8,-,R16,2,0,1
CH12_610046763,ok,0.5,0.25,0.33,R04,"R13,R15,R16",1,1,3
CH12_610062349,ok,1.0,1.0,1.0,-,-,0,0,0
CH12_610065005,ok,1.0,1.0,1.0,-,-,1,0,0
CH12_610071197,ok,1.0,1.0,1.0,-,-,5,0,0
CH13_510000000,ok,1.0,1.0,1.0,-,-,1,0,0
CH13_510000002,ok,1.0,1.0,1.0,-,-,1,0,0
CH14_510000008,ok,1.0,1.0,1.0,-,-,1,0,0
CH15_510000002,ok,0.0,0.0,0.0,"R06,R07","R04,R05,R15",0,2,3
CH15_510000003,ok,1.0,1.0,1.0,-,-,0,0,0
CH15_510000005,ok,1.0,1.0,1.0,-,-,2,0,0
CH15_510000006,ok,1.0,1.0,1.0,-,-,0,0,0
CH15_510000007,ok,1.0,1.0,1.0,-,-,1,0,0
CH15_510000009,ok,0.0,1.0,0.0,"R05,R07",-,0,2,0
CH15_510000017,ok,1.0,1.0,1.0,-,-,1,0,0
CH15_510000018,ok,1.0,1.0,1.0,-,-,0,0,0
CH15_510000022,ok,1.0,0.0,0.0,-,"R05,R07,R13,R15,R16",0,0,5
CH15_510000023,ok,1.0,0.5,0.67,-,"R13,R16",2,0,2
CH15_510000024,ok,1.0,1.0,1.0,-,-,4,0,0
CH15_510000031,ok,1.0,1.0,1.0,-,-,0,0,0
CH15_510000032,ok,1.0,1.0,1.0,-,-,3,0,0
CH15_510000033,ok,0.0,0.0,0.0,"R13,R15,R16","R06,R07",0,3,2
CH15_510000038,ok,1.0,0.33,0.5,-,"R06,R07",1,0,2
CH15_510000039,ok,0.5,0.33,0.4,R15,"R06,R07",1,1,2
CH15_510000040,ok,1.0,0.33,0.5,-,"R06,R07",1,0,2
CH15_510000042,ok,1.0,1.0,1.0,-,-,1,0,0
CH15_510000043,ok,0.0,0.0,0.0,"R05,R15","R03,R04,R27",0,2,3
CH15_510000044,ok,1.0,1.0,1.0,-,-,2,0,0
CH15_510000046,ok,1.0,0.0,0.0,-,R05,0,0,1
CH15_510000048,ok,0.0,0.0,0.0,R05,"R07,R13,R16",0,1,3
CH15_510000051,ok,0.0,0.0,0.0,R05,R06,0,1,1
CH15_510000053,ok,1.0,1.0,1.0,-,-,1,0,0
CH15_510000054,ok,1.0,1.0,1.0,-,-,1,0,0
CH15_510000057,ok,1.0,0.5,0.67,-,R06,1,0,1
CH15_510000063,ok,1.0,1.0,1.0,-,-,0,0,0
CH15_510000064,ok,0.0,1.0,0.0,R07,-,0,1,0
CH15_510000065,ok,1.0,0.0,0.0,-,"R13,R15,R16",0,0,3
CH15_510000066,ok,1.0,1.0,1.0,-,-,1,0,0
CH15_510000070,ok,1.0,0.33,0.5,-,"R06,R07",1,0,2
CH15_510000083,ok,0.0,0.0,0.0,R07,"R05,R15",0,1,2
CH15_510000085,ok,1.0,1.0,1.0,-,-,0,0,0
CH15_510000086,ok,1.0,0.0,0.0,-,"R05,R07,R15",0,0,3
CH15_510000092,ok,0.75,0.75,0.75,R04,R15,3,1,1
CH15_510000094,ok,0.0,0.0,0.0,R05,"R03,R04,R27",0,1,3
CH15_510000107,ok,1.0,0.0,0.0,-,"R05,R06,R07",0,0,3
CH15_510000113,ok,0.0,1.0,0.0,R05,-,0,1,0
CH15_510000114,ok,0.5,0.2,0.29,R15,"R06,R07,R13,R16",1,1,4
CH15_510000115,ok,1.0,0.25,0.4,-,"R13,R15,R16",1,0,3
CH15_510000116,ok,1.0,0.0,0.0,-,R05,0,0,1
CH15_510000117,ok,1.0,0.0,0.0,-,"R05,R06,R07,R09",0,0,4
CH15_510000119,ok,0.0,1.0,0.0,R07,-,0,1,0
CH15_510000125,ok,1.0,0.0,0.0,-,"R03,R04,R05,R27",0,0,4
CH15_510000130,ok,0.4,0.67,0.5,"R04,R06,R07",R15,2,3,1
CH15_510000133,ok,1.0,0.67,0.8,-,R05,2,0,1
CH15_510000136,ok,1.0,0.0,0.0,-,"R03,R15,R27",0,0,3
CH15_510000142,ok,0.0,1.0,0.0,"R04,R05",-,0,2,0
CH15_510000157,ok,0.0,1.0,0.0,R07,-,0,1,0
CH15_510000158,ok,1.0,1.0,1.0,-,-,3,0,0
CH15_510000159,ok,1.0,0.5,0.67,-,"R13,R16",2,0,2
CH15_510000160,ok,0.0,1.0,0.0,R05,-,0,1,0
CH15_510000163,ok,1.0,0.33,0.5,-,"R05,R07",1,0,2
CH15_510000166,ok,1.0,1.0,1.0,-,-,2,0,0
CH15_510000167,ok,1.0,1.0,1.0,-,-,2,0,0
CH15_510000168,ok,1.0,1.0,1.0,-,-,3,0,0
CH15_510000169,ok,1.0,0.0,0.0,-,"R06,R07",0,0,2
CH15_510000178,ok,1.0,0.0,0.0,-,"R06,R07",0,0,2
CH15_510000179,ok,1.0,1.0,1.0,-,-,1,0,0
CH15_510000184,ok,1.0,1.0,1.0,-,-,1,0,0
CH15_510000189,ok,0.0,0.0,0.0,"R05,R12",R15,0,2,1
CH15_510000191,ok,1.0,0.0,0.0,-,"R06,R07,R09",0,0,3
CH15_510000204,ok,1.0,1.0,1.0,-,-,4,0,0
CH15_510000206,ok,0.0,0.0,0.0,R06,"R03,R27",0,1,2
CH15_510000207,ok,0.0,1.0,0.0,"R06,R07",-,0,2,0
CH15_510000211,ok,1.0,0.0,0.0,-,"R03,R04,R05,R15,R27",0,0,5
CH15_510000212,ok,1.0,1.0,1.0,-,-,1,0,0
CH15_510000213,ok,1.0,0.25,0.4,-,"R13,R15,R16",1,0,3
CH15_510000214,ok,1.0,1.0,1.0,-,-,1,0,0
CH15_510000226,ok,1.0,0.0,0.0,-,"R05,R06,R07",0,0,3
CH15_510000231,ok,0.0,0.0,0.0,R07,"R03,R04,R27",0,1,3
CH15_510000232,ok,1.0,1.0,1.0,-,-,1,0,0
CH15_510000236,ok,0.0,0.0,0.0,R05,"R13,R15,R16",0,1,3
CH15_510000237,ok,1.0,1.0,1.0,-,-,1,0,0
CH15_510000249,ok,1.0,1.0,1.0,-,-,3,0,0
CH15_510000255,ok,1.0,1.0,1.0,-,-,1,0,0
CH15_510000257,ok,0.0,1.0,0.0,R07,-,0,1,0
CH15_510000264,ok,0.0,1.0,0.0,"R05,R06,R07",-,0,3,0
CH15_510000268,ok,1.0,1.0,1.0,-,-,1,0,0
CH15_510000271,ok,1.0,1.0,1.0,-,-,0,0,0
CH15_510000279,ok,1.0,0.0,0.0,-,"R06,R07,R09",0,0,3
CH15_510000283,ok,1.0,0.0,0.0,-,"R05,R07,R15",0,0,3
CH15_510000289,ok,0.0,1.0,0.0,R05,-,0,1,0
CH15_510000290,ok,1.0,1.0,1.0,-,-,1,0,0
CH15_510000291,ok,1.0,1.0,1.0,-,-,0,0,0
CH15_510000294,ok,1.0,1.0,1.0,-,-,1,0,0
CH15_510000296,ok,1.0,0.0,0.0,-,"R13,R14,R16",0,0,3
CH15_510000297,ok,0.0,0.0,0.0,"R05,R13,R15,R16","R06,R07",0,4,2
CH15_510000298,ok,1.0,1.0,1.0,-,-,4,0,0
CH15_510000299,ok,1.0,0.5,0.67,-,R15,1,0,1
CH15_510000300,ok,1.0,0.0,0.0,-,R12,0,0,1
CH15_510000303,ok,0.0,0.0,0.0,R05,"R06,R07",0,1,2
CH15_510000304,ok,0.5,0.33,0.4,R07,"R03,R15",1,1,2
CH15_510000306,ok,1.0,0.0,0.0,-,"R05,R06,R07,R13,R16",0,0,5
CH15_510000307,ok,1.0,0.25,0.4,-,"R13,R15,R16",1,0,3
CH15_510000308,ok,1.0,0.0,0.0,-,"R05,R13,R16",0,0,3
CH15_510000324,ok,0.0,0.0,0.0,R05,"R13,R15,R16",0,1,3
CH15_510000325,ok,1.0,0.67,0.8,-,R06,2,0,1
CH15_510000326,ok,0.33,1.0,0.5,"R07,R15",-,1,2,0
CH15_510000332,ok,1.0,1.0,1.0,-,-,1,0,0
CH15_510000334,ok,0.5,0.5,0.5,R01,R07,1,1,1
CH15_510000336,ok,0.0,0.0,0.0,"R01,R05","R06,R13,R16",0,2,3
CH15_510000337,ok,1.0,0.0,0.0,-,"R06,R07,R13,R15,R16",0,0,5
CH15_510000338,ok,1.0,0.0,0.0,-,"R06,R07,R13,R16",0,0,4
CH15_510000339,ok,0.0,0.0,0.0,R05,"R03,R04,R15,R27",0,1,4
CH15_510000340,ok,0.0,0.0,0.0,R05,R07,0,1,1
CH15_510000342,ok,1.0,1.0,1.0,-,-,0,0,0
CH15_510000345,ok,1.0,1.0,1.0,-,-,0,0,0
CH15_510000350,ok,1.0,0.0,0.0,-,R05,0,0,1
CH15_510000351,ok,1.0,1.0,1.0,-,-,1,0,0
CH15_510000352,ok,1.0,0.25,0.4,-,"R13,R15,R16",1,0,3
CH15_510000353,ok,1.0,1.0,1.0,-,-,1,0,0
CH15_510000354,ok,1.0,1.0,1.0,-,-,1,0,0
CH15_510000359,ok,1.0,0.0,0.0,-,"R13,R15,R16",0,0,3
CH15_510000361,ok,1.0,0.0,0.0,-,R05,0,0,1
CH15_510000370,ok,1.0,1.0,1.0,-,-,0,0,0
CH15_510000371,ok,1.0,1.0,1.0,-,-,1,0,0
CH15_510000374,ok,0.0,0.0,0.0,"R05,R07","R03,R04,R27",0,2,3
CH15_510000382,ok,1.0,1.0,1.0,-,-,1,0,0
CH15_510000383,ok,1.0,1.0,1.0,-,-,1,0,0
CH15_510000384,ok,1.0,0.33,0.5,-,"R03,R27",1,0,2
CH15_510000385,ok,1.0,1.0,1.0,-,-,1,0,0
CH15_510000387,ok,1.0,1.0,1.0,-,-,1,0,0
CH15_510000388,ok,1.0,1.0,1.0,-,-,1,0,0
CH15_510000389,ok,1.0,1.0,1.0,-,-,1,0,0
CH15_510000390,ok,1.0,1.0,1.0,-,-,1,0,0
CH15_510000391,ok,1.0,1.0,1.0,-,-,1,0,0
CH15_510000392,ok,1.0,1.0,1.0,-,-,1,0,0
CH15_510000393,ok,0.0,1.0,0.0,R05,-,0,1,0
CH15_510000394,ok,1.0,0.33,0.5,-,"R04,R15",1,0,2
CH15_510000395,ok,1.0,1.0,1.0,-,-,1,0,0
CH15_510000400,ok,1.0,1.0,1.0,-,-,1,0,0
CH15_510000402,ok,1.0,0.0,0.0,-,"R06,R07",0,0,2
CH15_510000403,ok,1.0,1.0,1.0,-,-,3,0,0
CH15_510000406,ok,1.0,0.0,0.0,-,R05,0,0,1
CH15_510000411,ok,0.0,1.0,0.0,"R05,R06",-,0,2,0
CH15_510000413,ok,0.0,1.0,0.0,"R05,R06,R07",-,0,3,0
CH15_510000414,ok,1.0,1.0,1.0,-,-,3,0,0
CH15_510000418,ok,1.0,0.5,0.67,-,"R05,R15",2,0,2
CH15_510000419,ok,0.5,0.33,0.4,R07,"R05,R15",1,1,2
CH15_510000424,ok,0.0,1.0,0.0,R05,-,0,1,0
CH15_510000426,ok,1.0,0.33,0.5,-,"R07,R15",1,0,2
CH15_510000427,ok,1.0,1.0,1.0,-,-,3,0,0
CH15_510000428,ok,1.0,0.33,0.5,-,"R07,R15",1,0,2
CH15_510000429,ok,0.0,0.0,0.0,R05,R06,0,1,1
CH15_510000430,ok,0.5,0.33,0.4,R05,"R03,R27",1,1,2
CH15_510000431,ok,1.0,0.5,0.67,-,R15,1,0,1
CH15_510000432,ok,1.0,1.0,1.0,-,-,2,0,0
CH15_510000433,ok,1.0,1.0,1.0,-,-,1,0,0
CH15_510000434,ok,1.0,0.5,0.67,-,R04,1,0,1
CH15_510000436,ok,1.0,1.0,1.0,-,-,0,0,0
CH15_510000438,ok,1.0,0.2,0.33,-,"R03,R04,R15,R27",1,0,4
CH15_510000440,ok,1.0,1.0,1.0,-,-,1,0,0
CH15_510000442,ok,1.0,1.0,1.0,-,-,0,0,0
CH15_510000444,ok,1.0,1.0,1.0,-,-,1,0,0
CH15_510000446,ok,1.0,1.0,1.0,-,-,0,0,0
CH15_510000448,ok,0.5,0.5,0.5,R05,R06,1,1,1
CH15_510000452,ok,0.0,0.0,0.0,R07,"R13,R15,R16",0,1,3
CH15_510000457,ok,1.0,1.0,1.0,-,-,0,0,0
CH15_510000459,ok,0.33,1.0,0.5,"R06,R07",-,1,2,0
CH15_510000460,ok,0.0,0.0,0.0,R07,R05,0,1,1
CH15_510000461,ok,1.0,1.0,1.0,-,-,1,0,0
CH15_510000463,ok,1.0,1.0,1.0,-,-,2,0,0
CH15_510000464,ok,1.0,1.0,1.0,-,-,1,0,0
CH15_510000465,ok,1.0,1.0,1.0,-,-,0,0,0
CH15_510000474,ok,0.0,0.0,0.0,R05,R03,0,1,1
CH15_510000480,ok,1.0,1.0,1.0,-,-,0,0,0
CH15_510000482,ok,1.0,1.0,1.0,-,-,0,0,0
CH15_510000487,ok,1.0,1.0,1.0,-,-,2,0,0
CH15_510000488,ok,0.5,0.67,0.57,"R13,R16",R05,2,2,1
CH15_510000489,ok,0.5,0.5,0.5,R06,R05,1,1,1
CH15_510000490,ok,0.0,1.0,0.0,"R06,R07",-,0,2,0
CH15_510000493,ok,0.0,1.0,0.0,R04,-,0,1,0
CH15_510000503,ok,1.0,1.0,1.0,-,-,0,0,0
CH15_510000504,ok,1.0,1.0,1.0,-,-,2,0,0
CH15_510000505,ok,1.0,1.0,1.0,-,-,2,0,0
CH15_510000507,ok,0.0,1.0,0.0,R05,-,0,1,0
CH15_510000508,ok,0.0,1.0,0.0,R06,-,0,1,0
CH15_510000510,ok,1.0,1.0,1.0,-,-,0,0,0
CH15_510000512,ok,0.0,0.0,0.0,"R13,R15,R16",R05,0,3,1
CH15_510000515,ok,0.0,1.0,0.0,"R06,R07",-,0,2,0
CH15_510000516,ok,1.0,0.0,0.0,-,R07,0,0,1
CH15_510000520,ok,1.0,1.0,1.0,-,-,1,0,0
CH15_510000521,ok,0.0,1.0,0.0,"R03,R05,R27",-,0,3,0
CH15_510000522,ok,0.0,1.0,0.0,R05,-,0,1,0
CH15_510000523,ok,1.0,1.0,1.0,-,-,4,0,0
CH15_510000528,ok,0.5,0.25,0.33,R04,"R13,R14,R16",1,1,3
CH15_510000530,ok,0.0,0.0,0.0,R05,"R06,R12",0,1,2
CH15_510000533,ok,1.0,1.0,1.0,-,-,3,0,0
CH15_510000534,ok,1.0,1.0,1.0,-,-,3,0,0
CH15_510000535,ok,0.0,0.0,0.0,"R05,R06,R07","R03,R04,R15,R27",0,3,4
CH15_510000536,ok,1.0,0.67,0.8,-,R07,2,0,1
CH15_510000538,ok,1.0,1.0,1.0,-,-,1,0,0
CH15_510000539,ok,1.0,0.5,0.67,-,R15,1,0,1
CH15_510000542,ok,0.0,0.0,0.0,R07,R06,0,1,1
CH15_510000543,ok,0.0,0.0,0.0,R05,"R06,R07",0,1,2
CH15_510000548,ok,0.0,0.0,0.0,R05,"R06,R12",0,1,2
CH15_510000549,ok,1.0,0.0,0.0,-,"R03,R04,R15",0,0,3
CH15_510000552,ok,1.0,1.0,1.0,-,-,1,0,0
CH15_510000556,ok,0.67,1.0,0.8,R05,-,2,1,0
CH15_510000557,ok,1.0,0.5,0.67,-,"R13,R15,R16",3,0,3
CH15_510000558,ok,1.0,0.0,0.0,-,"R05,R07,R09,R15",0,0,4
CH15_510000559,ok,0.0,0.0,0.0,"R06,R07,R13,R16","R03,R15,R27",0,4,3
CH15_510000564,ok,1.0,1.0,1.0,-,-,0,0,0
CH15_510000565,ok,1.0,1.0,1.0,-,-,0,0,0
CH15_510000566,ok,0.0,1.0,0.0,R05,-,0,1,0
CH15_510000567,ok,1.0,0.0,0.0,-,"R13,R14,R16",0,0,3
CH15_510000574,ok,1.0,0.75,0.86,-,R15,3,0,1
CH15_510000575,ok,1.0,1.0,1.0,-,-,1,0,0
CH15_510000576,ok,1.0,1.0,1.0,-,-,1,0,0
CH15_510000577,ok,1.0,1.0,1.0,-,-,2,0,0
CH15_510000582,ok,1.0,1.0,1.0,-,-,0,0,0
CH15_510000584,ok,1.0,0.0,0.0,-,R06,0,0,1
CH15_510000588,ok,0.0,0.0,0.0,"R06,R07","R13,R15,R16",0,2,3
CH15_510000596,ok,1.0,1.0,1.0,-,-,0,0,0
CH15_510000598,ok,0.0,1.0,0.0,"R04,R05",-,0,2,0
CH15_510000605,ok,1.0,1.0,1.0,-,-,1,0,0
CH17_510004021,ok,1.0,1.0,1.0,-,-,2,0,0
CH17_510004024,ok,1.0,1.0,1.0,-,-,0,0,0
CH17_510004164,ok,1.0,1.0,1.0,-,-,2,0,0
CH17_510007237,ok,1.0,1.0,1.0,-,-,1,0,0
CH17_510007453,ok,1.0,1.0,1.0,-,-,1,0,0
CH17_510007516,ok,1.0,1.0,1.0,-,-,3,0,0
CH17_510009416,ok,1.0,1.0,1.0,-,-,2,0,0
CH17_510011839,ok,1.0,0.0,0.0,-,"R13,R16",0,0,2
CH17_510015562,ok,1.0,1.0,1.0,-,-,1,0,0
CH17_510015596,ok,1.0,1.0,1.0,-,-,2,0,0
CH17_510015652,ok,1.0,1.0,1.0,-,-,3,0,0
CH17_510015749,ok,1.0,1.0,1.0,-,-,3,0,0
CH17_510018396,ok,1.0,1.0,1.0,-,-,1,0,0
CH17_510020435,ok,1.0,1.0,1.0,-,-,1,0,0
CH17_510023337,ok,1.0,1.0,1.0,-,-,0,0,0
CH17_510024695,ok,1.0,1.0,1.0,-,-,3,0,0
CH17_510024702,ok,1.0,1.0,1.0,-,-,4,0,0
CH17_510024791,ok,1.0,1.0,1.0,-,-,3,0,0
CH17_510024792,ok,1.0,1.0,1.0,-,-,3,0,0
CH17_510026726,ok,1.0,1.0,1.0,-,-,1,0,0
CH17_510027459,ok,1.0,1.0,1.0,-,-,1,0,0
CH17_510027776,ok,1.0,1.0,1.0,-,-,1,0,0
CH17_510027784,ok,1.0,1.0,1.0,-,-,0,0,0
CH17_510029811,ok,1.0,1.0,1.0,-,-,1,0,0
CH17_510038115,ok,1.0,1.0,1.0,-,-,0,0,0
CH17_510039071,ok,1.0,1.0,1.0,-,-,0,0,0
CH17_510039084,ok,1.0,1.0,1.0,-,-,3,0,0
CH17_510040912,ok,1.0,1.0,1.0,-,-,2,0,0
CH17_510048729,ok,1.0,1.0,1.0,-,-,3,0,0
CH17_510048838,ok,1.0,0.75,0.86,-,R15,3,0,1
CH17_510059462,ok,1.0,0.0,0.0,-,"R13,R15,R16",0,0,3
CH17_510061787,ok,1.0,1.0,1.0,-,-,1,0,0
CH17_510062497,ok,1.0,1.0,1.0,-,-,0,0,0
CH17_510062501,ok,1.0,1.0,1.0,-,-,0,0,0
CH17_510067468,ok,1.0,1.0,1.0,-,-,1,0,0
CH17_510070536,ok,1.0,1.0,1.0,-,-,1,0,0
CH17_510072199,ok,1.0,1.0,1.0,-,-,0,0,0
CH17_510074807,ok,1.0,1.0,1.0,-,-,0,0,0
CH17_510075018,ok,1.0,1.0,1.0,-,-,1,0,0
CH17_510078550,ok,1.0,1.0,1.0,-,-,1,0,0
CH17_510082656,ok,1.0,1.0,1.0,-,-,1,0,0
CH17_510085267,ok,1.0,1.0,1.0,-,-,1,0,0
CH17_610003896,ok,1.0,1.0,1.0,-,-,3,0,0
CH17_610003899,ok,1.0,1.0,1.0,-,-,3,0,0
CH17_610003900,ok,1.0,1.0,1.0,-,-,3,0,0
CH17_610020269,ok,1.0,1.0,1.0,-,-,3,0,0
CH17_610041818,ok,1.0,1.0,1.0,-,-,4,0,0
CH17_610041822,ok,1.0,1.0,1.0,-,-,3,0,0
CH17_610103356,ok,1.0,0.5,0.67,-,"R13,R16",2,0,2
CH17_610103357,ok,1.0,0.5,0.67,-,"R13,R16",2,0,2
CH17_610296657,ok,1.0,1.0,1.0,-,-,1,0,0
CH17_610312975,ok,1.0,1.0,1.0,-,-,3,0,0
CH17_610312978,ok,1.0,1.0,1.0,-,-,3,0,0
CH17_610339688,ok,1.0,1.0,1.0,-,-,3,0,0
CH17_610339689,ok,1.0,1.0,1.0,-,-,3,0,0
CH17_610364837,ok,1.0,0.6,0.75,-,"R13,R16",3,0,2
CH17_610364838,ok,1.0,1.0,1.0,-,-,3,0,0
CH17_610364839,ok,1.0,0.6,0.75,-,"R13,R16",3,0,2
CH17_610555416,ok,1.0,1.0,1.0,-,-,5,0,0
CH17_610575838,ok,1.0,1.0,1.0,-,-,3,0,0
CH17_610728746,ok,1.0,1.0,1.0,-,-,3,0,0
CH17_610728748,ok,1.0,1.0,1.0,-,-,3,0,0
CH17_611303230,ok,1.0,1.0,1.0,-,-,2,0,0
CH17_611605075,ok,0.0,1.0,0.0,R04,-,0,1,0
CH17_611837396,ok,1.0,1.0,1.0,-,-,0,0,0
CH17_611837397,ok,1.0,1.0,1.0,-,-,0,0,0
CH17_611837398,ok,1.0,1.0,1.0,-,-,0,0,0
CH17_611837399,ok,1.0,1.0,1.0,-,-,0,0,0
CH17_611837400,ok,1.0,1.0,1.0,-,-,0,0,0
CH17_611837401,ok,1.0,1.0,1.0,-,-,0,0,0
CH17_611837402,ok,1.0,1.0,1.0,-,-,0,0,0
CH17_611837403,ok,1.0,1.0,1.0,-,-,0,0,0
CH17_611837404,ok,1.0,1.0,1.0,-,-,0,0,0
CH17_611837407,ok,1.0,1.0,1.0,-,-,0,0,0
CH17_611837408,ok,1.0,1.0,1.0,-,-,0,0,0
CH17_611837412,ok,1.0,1.0,1.0,-,-,0,0,0
CH17_611837413,ok,1.0,1.0,1.0,-,-,0,0,0
CH17_611837414,ok,1.0,1.0,1.0,-,-,0,0,0
CH17_611837415,ok,1.0,1.0,1.0,-,-,0,0,0
CH17_611837416,ok,1.0,1.0,1.0,-,-,0,0,0
CH17_611837427,ok,1.0,1.0,1.0,-,-,0,0,0
CH17_611837429,ok,1.0,1.0,1.0,-,-,0,0,0
CH17_611837430,ok,1.0,1.0,1.0,-,-,0,0,0
CH17_611837433,ok,1.0,1.0,1.0,-,-,0,0,0
CH17_611837436,ok,1.0,1.0,1.0,-,-,0,0,0
CH17_611837437,ok,1.0,1.0,1.0,-,-,0,0,0
CH17_611837640,ok,1.0,1.0,1.0,-,-,0,0,0
CH17_611837641,ok,1.0,1.0,1.0,-,-,0,0,0
CH17_611837642,ok,1.0,1.0,1.0,-,-,0,0,0
CH17_611837643,ok,1.0,1.0,1.0,-,-,0,0,0
CH17_611837645,ok,1.0,1.0,1.0,-,-,0,0,0
CH17_611837646,ok,1.0,1.0,1.0,-,-,0,0,0
CH17_611837647,ok,1.0,1.0,1.0,-,-,0,0,0
CH17_611840848,ok,1.0,1.0,1.0,-,-,0,0,0
CH17_611840849,ok,1.0,1.0,1.0,-,-,0,0,0
CH17_611840920,ok,1.0,1.0,1.0,-,-,0,0,0
CH17_611840921,ok,1.0,1.0,1.0,-,-,0,0,0
CH17_611840922,ok,1.0,1.0,1.0,-,-,0,0,0
CH17_611840924,ok,1.0,1.0,1.0,-,-,0,0,0
CH17_611840925,ok,1.0,1.0,1.0,-,-,0,0,0
CH17_611840926,ok,1.0,1.0,1.0,-,-,0,0,0
CH17_611840927,ok,1.0,1.0,1.0,-,-,0,0,0
CH17_611840928,ok,1.0,1.0,1.0,-,-,0,0,0
CH17_611840929,ok,1.0,1.0,1.0,-,-,0,0,0
CH17_611840930,ok,1.0,1.0,1.0,-,-,0,0,0
CH17_611840931,ok,1.0,1.0,1.0,-,-,0,0,0
CH17_611840932,ok,1.0,1.0,1.0,-,-,0,0,0
CH17_611840933,ok,1.0,1.0,1.0,-,-,0,0,0
CH17_611840934,ok,1.0,1.0,1.0,-,-,0,0,0
CH17_611840935,ok,1.0,1.0,1.0,-,-,0,0,0
CH17_611840936,ok,1.0,1.0,1.0,-,-,0,0,0
CH17_611840937,ok,1.0,1.0,1.0,-,-,0,0,0
CH17_611840938,ok,1.0,1.0,1.0,-,-,0,0,0
CH17_611840939,ok,1.0,1.0,1.0,-,-,0,0,0
CH17_611840940,ok,1.0,1.0,1.0,-,-,0,0,0
CH17_611840941,ok,1.0,1.0,1.0,-,-,0,0,0
CH17_611840942,ok,1.0,1.0,1.0,-,-,0,0,0
CH17_611840947,ok,1.0,1.0,1.0,-,-,0,0,0
CH17_611840949,ok,1.0,1.0,1.0,-,-,0,0,0
CH17_611840950,ok,1.0,1.0,1.0,-,-,0,0,0
CH17_611840951,ok,1.0,1.0,1.0,-,-,0,0,0
CH17_611840952,ok,1.0,1.0,1.0,-,-,0,0,0
CH17_611840953,ok,1.0,1.0,1.0,-,-,0,0,0
CH17_611840954,ok,1.0,1.0,1.0,-,-,0,0,0
CH17_611840955,ok,1.0,1.0,1.0,-,-,0,0,0
CH17_611840956,ok,1.0,1.0,1.0,-,-,0,0,0
CH17_611840957,ok,1.0,1.0,1.0,-,-,0,0,0
CH17_611840970,ok,1.0,1.0,1.0,-,-,0,0,0
CH17_611840971,ok,1.0,1.0,1.0,-,-,0,0,0
CH17_611840972,ok,1.0,1.0,1.0,-,-,0,0,0
CH17_611840973,ok,1.0,1.0,1.0,-,-,0,0,0
CH17_611840974,ok,1.0,1.0,1.0,-,-,0,0,0
CH17_611840975,ok,1.0,1.0,1.0,-,-,0,0,0
CH17_611840982,ok,1.0,1.0,1.0,-,-,0,0,0
CH17_611840984,ok,1.0,1.0,1.0,-,-,0,0,0
CH17_611840986,ok,1.0,1.0,1.0,-,-,0,0,0
CH17_611840987,ok,1.0,1.0,1.0,-,-,0,0,0
CH17_611840988,ok,1.0,1.0,1.0,-,-,0,0,0
CH17_611840989,ok,1.0,1.0,1.0,-,-,0,0,0
CH17_611840990,ok,1.0,1.0,1.0,-,-,0,0,0
CH17_611840991,ok,1.0,1.0,1.0,-,-,0,0,0
CH17_611840992,ok,1.0,1.0,1.0,-,-,0,0,0
CH17_611840993,ok,1.0,1.0,1.0,-,-,0,0,0
CH17_611840998,ok,1.0,1.0,1.0,-,-,0,0,0
CH17_611840999,ok,1.0,1.0,1.0,-,-,0,0,0
CH17_611841000,ok,1.0,1.0,1.0,-,-,0,0,0
CH17_611841001,ok,1.0,1.0,1.0,-,-,0,0,0
CH17_611841002,ok,1.0,1.0,1.0,-,-,0,0,0
CH17_611841003,ok,1.0,1.0,1.0,-,-,0,0,0
CH17_611841004,ok,1.0,1.0,1.0,-,-,0,0,0
CH17_611841005,ok,1.0,1.0,1.0,-,-,0,0,0
CH17_611841006,ok,1.0,1.0,1.0,-,-,0,0,0
CH17_611841007,ok,1.0,1.0,1.0,-,-,0,0,0
CH17_611841008,ok,1.0,1.0,1.0,-,-,0,0,0
CH17_611841009,ok,1.0,1.0,1.0,-,-,0,0,0
CH17_611841010,ok,1.0,1.0,1.0,-,-,0,0,0
CH17_611841011,ok,1.0,1.0,1.0,-,-,0,0,0
CH17_611841012,ok,1.0,1.0,1.0,-,-,0,0,0
CH17_611847062,ok,1.0,1.0,1.0,-,-,0,0,0
CH17_611847063,ok,1.0,1.0,1.0,-,-,0,0,0
CH17_611847096,ok,1.0,1.0,1.0,-,-,0,0,0
CH17_611847097,ok,1.0,1.0,1.0,-,-,0,0,0
CH17_611847098,ok,1.0,1.0,1.0,-,-,0,0,0
CH17_611847099,ok,1.0,1.0,1.0,-,-,0,0,0
CH17_611847100,ok,1.0,1.0,1.0,-,-,0,0,0
CH17_611847101,ok,1.0,1.0,1.0,-,-,0,0,0
CH17_611847103,ok,1.0,1.0,1.0,-,-,0,0,0
CH17_611847104,ok,1.0,1.0,1.0,-,-,0,0,0
CH17_611847105,ok,1.0,1.0,1.0,-,-,0,0,0
CH17_611847106,ok,1.0,1.0,1.0,-,-,0,0,0
CH17_611847107,ok,1.0,1.0,1.0,-,-,0,0,0
CH17_611847109,ok,1.0,1.0,1.0,-,-,0,0,0
CH17_611847111,ok,1.0,1.0,1.0,-,-,0,0,0
CH17_611847112,ok,1.0,1.0,1.0,-,-,0,0,0
CH17_611847115,ok,1.0,1.0,1.0,-,-,0,0,0
CH17_611847117,ok,1.0,1.0,1.0,-,-,0,0,0
CH17_611847118,ok,1.0,1.0,1.0,-,-,0,0,0
CH17_611847119,ok,1.0,1.0,1.0,-,-,0,0,0
CH17_611847120,ok,1.0,1.0,1.0,-,-,0,0,0
CH17_611847121,ok,1.0,1.0,1.0,-,-,0,0,0
CH17_611847122,ok,1.0,1.0,1.0,-,-,0,0,0
CH17_611847123,ok,1.0,1.0,1.0,-,-,0,0,0
CH17_611847124,ok,1.0,1.0,1.0,-,-,0,0,0
CH17_611847125,ok,1.0,1.0,1.0,-,-,0,0,0
CH17_611847126,ok,1.0,1.0,1.0,-,-,0,0,0
CH17_611847127,ok,1.0,1.0,1.0,-,-,0,0,0
CH17_611847128,ok,1.0,1.0,1.0,-,-,0,0,0
CH17_611847130,ok,1.0,1.0,1.0,-,-,0,0,0
CH17_611847131,ok,1.0,1.0,1.0,-,-,0,0,0
CH17_611847133,ok,1.0,1.0,1.0,-,-,0,0,0
CH17_611847136,ok,1.0,1.0,1.0,-,-,0,0,0
CH17_611847138,ok,1.0,1.0,1.0,-,-,0,0,0
CH17_611847141,ok,1.0,1.0,1.0,-,-,0,0,0
CH17_611847142,ok,1.0,1.0,1.0,-,-,0,0,0
CH17_611847143,ok,1.0,1.0,1.0,-,-,0,0,0
CH17_611847148,ok,1.0,1.0,1.0,-,-,0,0,0
CH17_611858172,ok,1.0,1.0,1.0,-,-,3,0,0
CH1A_510000033,ok,1.0,1.0,1.0,-,-,0,0,0
CH1A_510000170,ok,1.0,1.0,1.0,-,-,1,0,0
CH1I_5100000006,ok,1.0,0.5,0.67,-,R09,1,0,1
CH1R_510000003,ok,1.0,0.33,0.5,-,"R06,R07",1,0,2
CH1R_510000006,ok,1.0,1.0,1.0,-,-,0,0,0
CH1R_510000007,ok,1.0,1.0,1.0,-,-,0,0,0
CH1R_510000018,ok,1.0,1.0,1.0,-,-,0,0,0
CH1R_510000029,ok,0.0,0.0,0.0,R05,"R06,R07",0,1,2
CH1R_510000043,ok,1.0,1.0,1.0,-,-,3,0,0
CH1R_510000067,ok,1.0,1.0,1.0,-,-,3,0,0
CH20_4082473172,ok,1.0,1.0,1.0,-,-,1,0,0
CH20_4105805554,ok,1.0,1.0,1.0,-,-,0,0,0
CH20_4105805569,ok,1.0,1.0,1.0,-,-,0,0,0
CH20_4105805573,ok,1.0,1.0,1.0,-,-,0,0,0
CH21_510000004,ok,0.5,1.0,0.67,R04,-,1,1,0
CH21_510000005,ok,1.0,1.0,1.0,-,-,0,0,0
CH21_510000019,ok,1.0,0.25,0.4,-,"R13,R14,R16",1,0,3
CH21_510000020,ok,1.0,0.0,0.0,-,R05,0,0,1
CH21_510000021,ok,0.0,1.0,0.0,"R03,R05,R27",-,0,3,0
CH21_510000025,ok,1.0,1.0,1.0,-,-,1,0,0
CH21_510000028,ok,1.0,1.0,1.0,-,-,1,0,0
CH21_510000030,ok,1.0,1.0,1.0,-,-,1,0,0
CH21_510000032,ok,0.0,1.0,0.0,R05,-,0,1,0
CH21_510000033,ok,1.0,1.0,1.0,-,-,0,0,0
CH21_510000035,ok,1.0,1.0,1.0,-,-,3,0,0
CH21_510000041,ok,0.0,1.0,0.0,R05,-,0,1,0
CH21_510000045,ok,1.0,1.0,1.0,-,-,0,0,0
CH21_510000048,ok,1.0,1.0,1.0,-,-,0,0,0
CH21_510000052,ok,1.0,0.0,0.0,-,R05,0,0,1
CH21_510000054,ok,1.0,1.0,1.0,-,-,4,0,0
CH21_510000056,ok,1.0,0.5,0.67,-,"R04,R27",2,0,2
CH21_510000062,ok,1.0,1.0,1.0,-,-,1,0,0
CH21_510000063,ok,1.0,1.0,1.0,-,-,1,0,0
CH21_510000069,ok,0.0,1.0,0.0,R05,-,0,1,0
CH21_510000072,ok,1.0,1.0,1.0,-,-,4,0,0
CH21_510000074,ok,1.0,1.0,1.0,-,-,0,0,0
CH21_510000099,ok,1.0,1.0,1.0,-,-,0,0,0
CH21_510000107,ok,0.5,0.5,0.5,R04,R12,1,1,1
CH21_510000111,ok,0.0,1.0,0.0,R05,-,0,1,0
CH21_510000112,ok,1.0,1.0,1.0,-,-,0,0,0
CH21_510000117,ok,1.0,1.0,1.0,-,-,1,0,0
CH21_510000118,ok,1.0,1.0,1.0,-,-,0,0,0
CH21_510000125,ok,1.0,0.33,0.5,-,"R13,R16",1,0,2
CH21_510000136,ok,1.0,1.0,1.0,-,-,2,0,0
CH21_510000138,ok,1.0,1.0,1.0,-,-,3,0,0
CH21_510000141,ok,1.0,1.0,1.0,-,-,1,0,0
CH21_510000158,ok,1.0,1.0,1.0,-,-,1,0,0
CH21_510000162,ok,1.0,1.0,1.0,-,-,0,0,0
CH21_510000167,ok,0.0,1.0,0.0,R05,-,0,1,0
CH21_510000175,ok,1.0,1.0,1.0,-,-,0,0,0
CH21_510000179,ok,0.0,0.0,0.0,R05,"R03,R09,R27",0,1,3
CH21_510000182,ok,1.0,1.0,1.0,-,-,1,0,0
CH21_510000184,ok,1.0,1.0,1.0,-,-,1,0,0
CH21_510000188,ok,0.0,0.0,0.0,R05,"R03,R13,R14,R16,R27",0,1,5
CH21_510000198,ok,1.0,1.0,1.0,-,-,1,0,0
CH21_510000212,ok,1.0,1.0,1.0,-,-,1,0,0
CH21_510000216,ok,1.0,1.0,1.0,-,-,1,0,0
CH21_510000228,ok,1.0,0.0,0.0,-,R05,0,0,1
CH21_510000230,ok,0.5,1.0,0.67,R04,-,1,1,0
CH21_510000231,ok,0.0,0.0,0.0,R05,"R03,R04,R27",0,1,3
CH21_510000235,ok,1.0,1.0,1.0,-,-,1,0,0
CH21_510000239,ok,1.0,1.0,1.0,-,-,1,0,0
CH21_510000252,ok,1.0,0.0,0.0,-,R05,0,0,1
CH21_510000258,ok,1.0,1.0,1.0,-,-,1,0,0
CH21_510000261,ok,0.83,1.0,0.91,R04,-,5,1,0
CH21_510000272,ok,0.0,1.0,0.0,R05,-,0,1,0
CH21_510000274,ok,1.0,0.0,0.0,-,R04,0,0,1
CH21_510000276,ok,0.5,0.33,0.4,R09,"R03,R15",1,1,2
CH21_510000277,ok,1.0,1.0,1.0,-,-,0,0,0
CH21_510000279,ok,1.0,0.0,0.0,-,R05,0,0,1
CH21_510000280,ok,0.0,1.0,0.0,"R03,R04,R27",-,0,3,0
CH21_510000281,ok,1.0,1.0,1.0,-,-,0,0,0
CH21_510000309,ok,1.0,1.0,1.0,-,-,0,0,0
CH21_510000325,ok,1.0,1.0,1.0,-,-,1,0,0
CH21_510000339,ok,0.0,1.0,0.0,R05,-,0,1,0
CH21_510000340,ok,1.0,1.0,1.0,-,-,0,0,0
CH21_510000341,ok,1.0,1.0,1.0,-,-,0,0,0
CH27_100000003,ok,0.0,1.0,0.0,R07,-,0,1,0
CH27_100000015,ok,1.0,1.0,1.0,-,-,1,0,0
CH27_100000018,ok,1.0,1.0,1.0,-,-,0,0,0
CH27_100000099,ok,1.0,1.0,1.0,-,-,4,0,0
CH27_100000107,ok,0.0,0.0,0.0,R05,"R06,R07,R15",0,1,3
CH27_100000165,ok,1.0,0.67,0.8,-,R15,2,0,1
CH27_100000166,ok,1.0,0.5,0.67,-,R15,1,0,1
CH27_100000186,ok,1.0,1.0,1.0,-,-,4,0,0
CH27_100000230,ok,1.0,1.0,1.0,-,-,1,0,0
CH27_100000339,ok,1.0,0.67,0.8,-,R15,2,0,1
CH27_100000341,ok,1.0,0.5,0.67,-,R15,1,0,1
CH27_100000342,ok,1.0,0.5,0.67,-,R15,1,0,1
CH27_100000355,ok,1.0,1.0,1.0,-,-,2,0,0
CH27_100000356,ok,1.0,0.5,0.67,-,R15,1,0,1
CH27_100000358,ok,1.0,1.0,1.0,-,-,2,0,0
CH27_100000367,ok,1.0,1.0,1.0,-,-,3,0,0
CH27_100000389,ok,1.0,0.0,0.0,-,"R06,R15",0,0,2
CH27_100000393,ok,1.0,1.0,1.0,-,-,4,0,0
CH27_100000415,ok,1.0,0.5,0.67,-,R15,1,0,1
CH27_100000428,ok,1.0,1.0,1.0,-,-,3,0,0
CH27_100000436,ok,1.0,0.5,0.67,-,R15,1,0,1
CH27_100000453,ok,1.0,1.0,1.0,-,-,1,0,0
CH27_100000467,ok,1.0,1.0,1.0,-,-,4,0,0
CH27_100000474,ok,1.0,0.5,0.67,-,R15,1,0,1
CH27_100000477,ok,1.0,1.0,1.0,-,-,0,0,0
CH27_100000538,ok,1.0,0.5,0.67,-,R15,1,0,1
CH27_100000539,ok,1.0,1.0,1.0,-,-,3,0,0
CH27_100000540,ok,1.0,0.67,0.8,-,R15,2,0,1
CH27_100000547,ok,1.0,0.25,0.4,-,"R07,R13,R16",1,0,3
CH27_100000564,ok,1.0,1.0,1.0,-,-,4,0,0
CH27_100000598,ok,1.0,1.0,1.0,-,-,0,0,0
CH27_100000600,ok,1.0,1.0,1.0,-,-,1,0,0
CH27_100000610,ok,1.0,1.0,1.0,-,-,2,0,0
CH27_100000611,ok,0.0,0.0,0.0,R15,R07,0,1,1
CH27_100000695,ok,1.0,1.0,1.0,-,-,2,0,0
CH27_510000182,ok,1.0,1.0,1.0,-,-,1,0,0
CH27_510000378,ok,1.0,1.0,1.0,-,-,2,0,0
CH27_610001253,ok,1.0,1.0,1.0,-,-,2,0,0
CH27_610001254,ok,1.0,1.0,1.0,-,-,1,0,0
CH30_510000020,ok,1.0,1.0,1.0,-,-,2,0,0
CH30_510000034,ok,1.0,1.0,1.0,-,-,2,0,0
CH30_510000035,ok,1.0,1.0,1.0,-,-,2,0,0
CH30_510000663,ok,1.0,1.0,1.0,-,-,0,0,0
CH30_510000783,ok,1.0,1.0,1.0,-,-,0,0,0
CH30_510001324,ok,1.0,1.0,1.0,-,-,1,0,0
CH30_510002063,ok,1.0,1.0,1.0,-,-,2,0,0
CH30_510002193,ok,1.0,1.0,1.0,-,-,1,0,0
CH30_510002221,ok,1.0,1.0,1.0,-,-,2,0,0
CH30_510002237,ok,1.0,1.0,1.0,-,-,2,0,0
CH30_510003293,ok,1.0,1.0,1.0,-,-,2,0,0
CH30_510003295,ok,1.0,1.0,1.0,-,-,1,0,0
CH30_510003296,ok,1.0,1.0,1.0,-,-,2,0,0
CH30_510003298,ok,1.0,1.0,1.0,-,-,0,0,0
CH30_510003299,ok,1.0,0.5,0.67,-,R15,1,0,1
CH30_510003301,ok,1.0,0.75,0.86,-,R15,3,0,1
CH30_510003302,ok,1.0,1.0,1.0,-,-,4,0,0
CH30_510003303,ok,1.0,1.0,1.0,-,-,4,0,0
CH30_510003453,ok,1.0,0.4,0.57,-,"R13,R14,R16",2,0,3
CH30_510003455,ok,1.0,1.0,1.0,-,-,1,0,0
CH30_510003676,ok,1.0,1.0,1.0,-,-,0,0,0
CH30_510003938,ok,1.0,0.6,0.75,-,"R13,R16",3,0,2
CH30_510004827,ok,1.0,1.0,1.0,-,-,2,0,0
CH30_510006069,ok,1.0,1.0,1.0,-,-,1,0,0
CH30_510008833,ok,1.0,1.0,1.0,-,-,0,0,0
CH30_510009168,ok,1.0,1.0,1.0,-,-,2,0,0
CH30_510009172,ok,1.0,1.0,1.0,-,-,2,0,0
CH30_510009794,ok,1.0,1.0,1.0,-,-,1,0,0
CH30_510009822,ok,1.0,1.0,1.0,-,-,1,0,0
CH30_510011156,ok,1.0,1.0,1.0,-,-,0,0,0
CH30_510011361,ok,1.0,0.75,0.86,-,R15,3,0,1
CH30_510012076,ok,1.0,0.67,0.8,-,R15,2,0,1
CH30_510013703,ok,1.0,1.0,1.0,-,-,1,0,0
CH30_510013709,ok,1.0,1.0,1.0,-,-,0,0,0
CH30_510013716,ok,1.0,1.0,1.0,-,-,1,0,0
CH30_510013818,ok,1.0,1.0,1.0,-,-,2,0,0
CH30_510016388,ok,1.0,1.0,1.0,-,-,0,0,0
CH30_510017179,ok,1.0,1.0,1.0,-,-,0,0,0
CH30_510017191,ok,1.0,1.0,1.0,-,-,1,0,0
CH30_510017298,ok,1.0,1.0,1.0,-,-,1,0,0
CH30_510017817,ok,1.0,1.0,1.0,-,-,0,0,0
CH30_510018407,ok,1.0,1.0,1.0,-,-,1,0,0
CH30_510019026,ok,1.0,1.0,1.0,-,-,1,0,0
CH30_520005162,ok,1.0,1.0,1.0,-,-,3,0,0
CH30_520005163,ok,1.0,1.0,1.0,-,-,3,0,0
CH30_520008581,ok,1.0,1.0,1.0,-,-,3,0,0
CH30_520008585,ok,1.0,1.0,1.0,-,-,3,0,0
CH30_520015418,ok,1.0,1.0,1.0,-,-,1,0,0
CH30_520018124,ok,1.0,1.0,1.0,-,-,1,0,0
CH30_520020757,ok,1.0,1.0,1.0,-,-,3,0,0
CH30_520020759,ok,1.0,1.0,1.0,-,-,3,0,0
CH31_510000935,ok,1.0,1.0,1.0,-,-,2,0,0
CH31_510001564,ok,1.0,1.0,1.0,-,-,0,0,0
CH34_510000001,ok,1.0,0.0,0.0,-,"R05,R06,R07",0,0,3
CH34_510000002,ok,1.0,0.0,0.0,-,"R05,R06,R07,R13,R14,R16",0,0,6
CH34_510000003,ok,1.0,0.25,0.4,-,"R13,R15,R16",1,0,3
CH34_510000004,ok,1.0,1.0,1.0,-,-,1,0,0
CH34_510000006,ok,1.0,0.0,0.0,-,R05,0,0,1
CH34_510000009,ok,1.0,0.0,0.0,-,"R05,R06,R07",0,0,3
CH34_510000010,ok,1.0,0.33,0.5,-,"R06,R07",1,0,2
CH34_510000011,ok,1.0,0.33,0.5,-,"R06,R07",1,0,2
CH34_510000014,ok,1.0,1.0,1.0,-,-,3,0,0
CH34_510000020,ok,0.0,0.0,0.0,R05,"R06,R07",0,1,2
CH34_510000025,ok,1.0,1.0,1.0,-,-,3,0,0
CH34_510000026,ok,1.0,1.0,1.0,-,-,7,0,0
CH34_510000028,ok,1.0,1.0,1.0,-,-,3,0,0
CH34_510000029,ok,0.5,0.2,0.29,R05,"R07,R13,R14,R16",1,1,4
CH34_510000037,ok,1.0,1.0,1.0,-,-,3,0,0
CH34_510000039,ok,0.5,0.25,0.33,R06,"R13,R14,R16",1,1,3
CH34_510000040,ok,1.0,0.4,0.57,-,"R13,R14,R16",2,0,3
CH34_510000044,ok,1.0,0.0,0.0,-,R06,0,0,1
CH34_510000045,ok,0.0,1.0,0.0,R05,-,0,1,0
CH34_510000049,ok,1.0,1.0,1.0,-,-,0,0,0
CH34_510000051,ok,1.0,1.0,1.0,-,-,0,0,0
CH34_510000052,ok,1.0,1.0,1.0,-,-,0,0,0
CH34_510000053,ok,1.0,1.0,1.0,-,-,0,0,0
CH34_510000056,ok,1.0,1.0,1.0,-,-,0,0,0
CH34_510000058,ok,1.0,1.0,1.0,-,-,0,0,0
CH34_510000060,ok,1.0,1.0,1.0,-,-,0,0,0
CH34_510000061,ok,1.0,1.0,1.0,-,-,0,0,0
CH34_510000062,ok,1.0,0.0,0.0,-,"R06,R07,R11",0,0,3
CH34_510000063,ok,1.0,1.0,1.0,-,-,0,0,0
CH34_510000064,ok,1.0,0.0,0.0,-,R05,0,0,1
CH34_510000065,ok,1.0,1.0,1.0,-,-,1,0,0
CH34_510000067,ok,1.0,1.0,1.0,-,-,0,0,0
CH34_510000068,ok,0.0,1.0,0.0,"R06,R11",-,0,2,0
CH34_510000070,ok,0.0,0.0,0.0,"R06,R07,R11",R05,0,3,1
CH34_510000071,ok,1.0,1.0,1.0,-,-,0,0,0
CH34_510000072,ok,1.0,0.0,0.0,-,"R05,R07,R13,R15,R16",0,0,5
CH34_510000078,ok,1.0,1.0,1.0,-,-,4,0,0
CH34_510000079,ok,0.33,0.25,0.29,"R05,R06","R03,R04,R27",1,2,3
CH34_510000080,ok,1.0,1.0,1.0,-,-,0,0,0
CH34_510000084,ok,0.0,0.0,0.0,R07,"R01,R06",0,1,2
CH34_510000085,ok,1.0,0.0,0.0,-,"R01,R06,R07",0,0,3
CH34_510000086,ok,1.0,0.0,0.0,-,"R01,R05,R13,R14,R16",0,0,5
CH34_510000088,ok,1.0,0.0,0.0,-,"R01,R06",0,0,2
CH34_510000089,ok,0.0,0.0,0.0,R05,"R01,R06,R07",0,1,3
CH34_510000090,ok,0.0,0.0,0.0,"R04,R13,R14,R15,R16","R01,R06,R07",0,5,3
CH34_510000091,ok,1.0,0.0,0.0,-,"R01,R06,R07",0,0,3
CH34_510000099,ok,1.0,0.0,0.0,-,"R05,R07",0,0,2
CH34_510000104,ok,1.0,0.0,0.0,-,R05,0,0,1
CH34_510000115,ok,1.0,1.0,1.0,-,-,0,0,0
CH34_510000119,ok,1.0,1.0,1.0,-,-,0,0,0
CH34_510000125,ok,1.0,1.0,1.0,-,-,1,0,0
CH34_510000126,ok,1.0,1.0,1.0,-,-,1,0,0
CH34_510000127,ok,1.0,1.0,1.0,-,-,1,0,0
CH34_510000132,ok,0.0,1.0,0.0,"R06,R07",-,0,2,0
CH34_510000133,ok,0.0,1.0,0.0,"R06,R07,R11",-,0,3,0
CH34_510000135,ok,0.5,0.2,0.29,R06,"R05,R13,R14,R16",1,1,4
CH34_510000136,ok,1.0,1.0,1.0,-,-,0,0,0
CH34_510000137,ok,1.0,0.0,0.0,-,"R05,R06",0,0,2
CH34_510000139,ok,1.0,0.0,0.0,-,"R05,R06,R07",0,0,3
CH34_510000140,ok,1.0,0.0,0.0,-,"R05,R13,R14,R16",0,0,4
CH34_510000145,ok,0.0,1.0,0.0,"R05,R07",-,0,2,0
CH34_510000147,ok,0.0,1.0,0.0,R05,-,0,1,0
CH34_510000150,ok,1.0,1.0,1.0,-,-,1,0,0
CH34_510000151,ok,1.0,1.0,1.0,-,-,3,0,0
CH34_510000153,ok,1.0,1.0,1.0,-,-,3,0,0
CH34_510000156,ok,1.0,0.0,0.0,-,R05,0,0,1
CH34_510000157,ok,1.0,1.0,1.0,-,-,0,0,0
CH34_510000158,ok,1.0,0.0,0.0,-,"R05,R06,R07",0,0,3
CH34_510000163,ok,1.0,1.0,1.0,-,-,2,0,0
CH34_510000169,ok,1.0,0.0,0.0,-,"R05,R13,R14,R16",0,0,4
CH34_510000170,ok,1.0,0.0,0.0,-,"R05,R13,R14,R16",0,0,4
CH34_510000173,ok,1.0,0.0,0.0,-,"R13,R16",0,0,2
CH34_510000179,ok,1.0,1.0,1.0,-,-,0,0,0
CH34_510000181,ok,1.0,1.0,1.0,-,-,1,0,0
CH34_510000182,ok,0.33,1.0,0.5,"R06,R07",-,1,2,0
CH34_510000183,ok,1.0,1.0,1.0,-,-,0,0,0
CH34_510000184,ok,1.0,1.0,1.0,-,-,0,0,0
CH34_510000185,ok,1.0,1.0,1.0,-,-,0,0,0
CH34_510000186,ok,1.0,1.0,1.0,-,-,0,0,0
CH34_510000187,ok,1.0,1.0,1.0,-,-,0,0,0
CH34_510000188,ok,1.0,1.0,1.0,-,-,0,0,0
CH34_510000189,ok,1.0,1.0,1.0,-,-,0,0,0
CH34_510000190,ok,1.0,1.0,1.0,-,-,0,0,0
CH34_510000191,ok,1.0,0.0,0.0,-,"R03,R05,R27",0,0,3
CH34_510000193,ok,0.0,1.0,0.0,"R03,R27",-,0,2,0
CH34_510000195,ok,1.0,1.0,1.0,-,-,0,0,0
CH34_510000198,ok,0.67,1.0,0.8,R05,-,2,1,0
CH43_510000001,ok,1.0,1.0,1.0,-,-,1,0,0
CH51_510000005,ok,1.0,1.0,1.0,-,-,0,0,0
CH51_510000006,ok,1.0,1.0,1.0,-,-,0,0,0
CH51_510000007,ok,1.0,1.0,1.0,-,-,0,0,0
CH51_510000022,ok,1.0,1.0,1.0,-,-,0,0,0
CH51_510000031,ok,1.0,0.0,0.0,-,R05,0,0,1
CH51_510000051,ok,0.0,0.0,0.0,R12,R05,0,1,1
CH51_510000068,ok,1.0,1.0,1.0,-,-,0,0,0
CH51_510000088,ok,1.0,1.0,1.0,-,-,0,0,0
CH78_510000010,ok,1.0,1.0,1.0,-,-,1,0,0
CH82_510000017,ok,1.0,1.0,1.0,-,-,0,0,0
CH82_510000074,ok,1.0,1.0,1.0,-,-,0,0,0
CH82_510000110,ok,1.0,1.0,1.0,-,-,1,0,0
CH82_510000235,ok,1.0,1.0,1.0,-,-,1,0,0
CH82_510000549,ok,1.0,1.0,1.0,-,-,0,0,0
CH82_510000569,ok,1.0,1.0,1.0,-,-,1,0,0
CH82_510000745,ok,1.0,1.0,1.0,-,-,1,0,0
CH82_510001005,ok,1.0,1.0,1.0,-,-,1,0,0
CH82_510001093,ok,1.0,1.0,1.0,-,-,0,0,0
CH82_510001656,ok,1.0,1.0,1.0,-,-,0,0,0
CH82_510001682,ok,1.0,1.0,1.0,-,-,2,0,0
CH82_510002558,ok,1.0,1.0,1.0,-,-,0,0,0
CH82_510002620,ok,1.0,1.0,1.0,-,-,0,0,0
CH82_510002792,ok,1.0,1.0,1.0,-,-,2,0,0
CH82_510003313,ok,1.0,1.0,1.0,-,-,0,0,0
CH82_510003386,ok,1.0,1.0,1.0,-,-,1,0,0
CH82_510003438,ok,1.0,1.0,1.0,-,-,1,0,0
CH82_510003701,ok,1.0,1.0,1.0,-,-,0,0,0
CH82_510003959,ok,1.0,1.0,1.0,-,-,0,0,0
CH82_510004411,ok,1.0,1.0,1.0,-,-,1,0,0
CH82_6100021519,ok,1.0,1.0,1.0,-,-,1,0,0
CH82_6100022138,ok,1.0,1.0,1.0,-,-,1,0,0
CH85_510000752,ok,1.0,1.0,1.0,-,-,0,0,0
CH85_510001388,ok,1.0,1.0,1.0,-,-,1,0,0
CH85_510004020,ok,1.0,1.0,1.0,-,-,1,0,0
CH85_510004831,ok,1.0,1.0,1.0,-,-,0,0,0
CH85_510005214,ok,1.0,1.0,1.0,-,-,0,0,0
CH85_510005372,ok,1.0,1.0,1.0,-,-,1,0,0
CH85_510005373,ok,1.0,1.0,1.0,-,-,0,0,0
CH85_510005512,ok,1.0,1.0,1.0,-,-,1,0,0
CH85_510014592,ok,1.0,1.0,1.0,-,-,1,0,0
CH85_510016180,ok,1.0,1.0,1.0,-,-,1,0,0
CH85_510016181,ok,1.0,1.0,1.0,-,-,1,0,0
CH85_510016187,ok,1.0,1.0,1.0,-,-,1,0,0
CH85_510016189,ok,1.0,1.0,1.0,-,-,1,0,0
CH85_510016190,ok,1.0,1.0,1.0,-,-,1,0,0
CH85_510016191,ok,1.0,1.0,1.0,-,-,1,0,0
CH85_510016192,ok,1.0,1.0,1.0,-,-,1,0,0
CH85_510016525,ok,1.0,1.0,1.0,-,-,0,0,0
CH85_510018233,ok,1.0,1.0,1.0,-,-,1,0,0
CH85_530000009,ok,1.0,1.0,1.0,-,-,1,0,0
CH85_530000025,ok,1.0,1.0,1.0,-,-,1,0,0
CH85_530000029,ok,1.0,0.0,0.0,-,"R05,R15,R27",0,0,3
CH85_530000046,ok,1.0,1.0,1.0,-,-,1,0,0
CH85_530000080,ok,1.0,1.0,1.0,-,-,0,0,0
CH85_530000086,ok,1.0,1.0,1.0,-,-,1,0,0
CH85_530000119,ok,1.0,1.0,1.0,-,-,0,0,0
CH85_530000120,ok,1.0,1.0,1.0,-,-,1,0,0
CH85_530000130,ok,1.0,0.0,0.0,-,R05,0,0,1
CH85_530000131,ok,1.0,0.0,0.0,-,R05,0,0,1
CH85_530000132,ok,1.0,0.0,0.0,-,R05,0,0,1
CH85_530000139,ok,0.0,0.0,0.0,"R06,R07",R05,0,2,1
CH85_530000239,ok,0.0,1.0,0.0,R05,-,0,1,0
CH85_530000284,ok,1.0,0.0,0.0,-,R05,0,0,1
CH85_530000308,ok,1.0,0.0,0.0,-,R05,0,0,1
CH85_530000313,ok,1.0,1.0,1.0,-,-,1,0,0
CH85_530000314,ok,1.0,1.0,1.0,-,-,1,0,0
CH85_530000319,ok,1.0,1.0,1.0,-,-,1,0,0
CH85_530000337,ok,1.0,1.0,1.0,-,-,1,0,0
CH85_530000346,ok,1.0,1.0,1.0,-,-,1,0,0
CH85_530000354,ok,1.0,1.0,1.0,-,-,1,0,0
CH85_530000373,ok,1.0,1.0,1.0,-,-,1,0,0
CH85_530000410,ok,0.0,0.0,0.0,R05,"R03,R04,R27",0,1,3
CH85_530000442,ok,1.0,1.0,1.0,-,-,0,0,0
CH85_530000542,ok,1.0,1.0,1.0,-,-,1,0,0
CH85_530000584,ok,1.0,0.0,0.0,-,"R03,R04,R15,R27",0,0,4
CH85_530000589,ok,0.0,0.0,0.0,R06,R05,0,1,1
CH85_530000597,ok,1.0,0.0,0.0,-,R05,0,0,1
CH85_530000650,ok,1.0,1.0,1.0,-,-,0,0,0
CH85_530000652,ok,1.0,1.0,1.0,-,-,0,0,0
CH85_530000804,ok,1.0,1.0,1.0,-,-,0,0,0
CH85_530000830,ok,1.0,1.0,1.0,-,-,0,0,0
CH85_530000924,ok,1.0,0.0,0.0,-,R05,0,0,1
CH85_530000933,ok,1.0,0.0,0.0,-,R05,0,0,1
CH85_530000949,ok,1.0,1.0,1.0,-,-,0,0,0
CH85_530000950,ok,1.0,1.0,1.0,-,-,0,0,0
CH85_530000951,ok,1.0,1.0,1.0,-,-,0,0,0
CH85_530000955,ok,1.0,1.0,1.0,-,-,0,0,0
CH85_530000960,ok,1.0,1.0,1.0,-,-,1,0,0
CH85_530000961,ok,1.0,1.0,1.0,-,-,1,0,0
CH85_530001013,ok,1.0,1.0,1.0,-,-,1,0,0
CH85_530001031,ok,0.5,1.0,0.67,R04,-,1,1,0
CH85_530001032,ok,0.5,1.0,0.67,R04,-,1,1,0
CH85_530001033,ok,0.5,1.0,0.67,R04,-,1,1,0
CH85_530001035,ok,0.5,1.0,0.67,R04,-,1,1,0
CH85_610000006,ok,1.0,1.0,1.0,-,-,3,0,0
CH85_610020565,ok,1.0,1.0,1.0,-,-,1,0,0
CH85_610020573,ok,1.0,1.0,1.0,-,-,1,0,0
CH85_610025445,ok,1.0,1.0,1.0,-,-,0,0,0
CH85_610033865,ok,1.0,1.0,1.0,-,-,0,0,0
CH9U_510000004,ok,1.0,1.0,1.0,-,-,2,0,0
CH9U_510000009,ok,1.0,1.0,1.0,-,-,2,0,0
CH9U_510000014,ok,1.0,1.0,1.0,-,-,3,0,0
CH9U_510000020,ok,1.0,1.0,1.0,-,-,0,0,0
CH9U_510000022,ok,1.0,1.0,1.0,-,-,3,0,0
CH9U_510000025,ok,1.0,1.0,1.0,-,-,3,0,0
CH9U_510000026,ok,1.0,1.0,1.0,-,-,0,0,0
CH9U_510000027,ok,1.0,1.0,1.0,-,-,1,0,0
CH9U_510000029,ok,1.0,1.0,1.0,-,-,0,0,0
CH9U_510000040,ok,1.0,1.0,1.0,-,-,2,0,0
CI11_510000177,ok,1.0,1.0,1.0,-,-,1,0,0
CL10_100013953,ok,1.0,1.0,1.0,-,-,0,0,0
CL10_100013955,ok,1.0,1.0,1.0,-,-,1,0,0
CL10_100026642,ok,1.0,1.0,1.0,-,-,1,0,0
CL10_100028090,ok,1.0,1.0,1.0,-,-,1,0,0
CL10_5100004522,ok,1.0,1.0,1.0,-,-,1,0,0
CL10_5100018811,ok,1.0,1.0,1.0,-,-,1,0,0
CL10_5100024802,ok,1.0,1.0,1.0,-,-,0,0,0
CL10_5100024808,ok,1.0,1.0,1.0,-,-,0,0,0
CL10_5100024824,ok,1.0,1.0,1.0,-,-,0,0,0
CL10_5100024827,ok,1.0,1.0,1.0,-,-,0,0,0
CL10_5100024831,ok,1.0,1.0,1.0,-,-,1,0,0
CL10_5100033404,ok,1.0,1.0,1.0,-,-,1,0,0
CL10_5100035215,ok,1.0,1.0,1.0,-,-,1,0,0
CL10_5100044521,ok,1.0,1.0,1.0,-,-,1,0,0
CL10_5100048606,ok,1.0,1.0,1.0,-,-,1,0,0
CL10_5100050061,ok,1.0,1.0,1.0,-,-,1,0,0
CL10_5100050079,ok,1.0,1.0,1.0,-,-,1,0,0
CL10_5100050084,ok,1.0,1.0,1.0,-,-,1,0,0
CL10_5100061678,ok,1.0,1.0,1.0,-,-,0,0,0
CL10_5100065463,ok,1.0,1.0,1.0,-,-,1,0,0
CL10_5100069718,ok,1.0,1.0,1.0,-,-,0,0,0
CL10_5100069723,ok,1.0,1.0,1.0,-,-,0,0,0
CL10_5100069735,ok,1.0,1.0,1.0,-,-,0,0,0
CL10_5100069740,ok,1.0,1.0,1.0,-,-,0,0,0
CL10_5100069743,ok,1.0,1.0,1.0,-,-,0,0,0
CL10_5100069747,ok,1.0,1.0,1.0,-,-,1,0,0
CL10_5100098043,ok,1.0,1.0,1.0,-,-,1,0,0
CL10_5100103952,ok,1.0,1.0,1.0,-,-,1,0,0
CL10_5100104998,ok,1.0,1.0,1.0,-,-,0,0,0
CL10_5100105003,ok,1.0,1.0,1.0,-,-,0,0,0
CL10_5100105019,ok,1.0,1.0,1.0,-,-,0,0,0
CL10_5100105026,ok,1.0,1.0,1.0,-,-,1,0,0
CL10_5100111354,ok,1.0,1.0,1.0,-,-,1,0,0
CL10_5100111355,ok,1.0,1.0,1.0,-,-,1,0,0
CL10_6100000029,ok,1.0,1.0,1.0,-,-,2,0,0
CL10_6100000030,ok,1.0,1.0,1.0,-,-,2,0,0
CL10_6100006866,ok,1.0,1.0,1.0,-,-,0,0,0
CL10_6100006961,ok,1.0,1.0,1.0,-,-,0,0,0
CL10_6100007033,ok,1.0,1.0,1.0,-,-,0,0,0
CL10_6100007036,ok,1.0,1.0,1.0,-,-,1,0,0
CL10_6100007037,ok,1.0,1.0,1.0,-,-,0,0,0
CL10_6100007058,ok,1.0,1.0,1.0,-,-,0,0,0
CL10_6100007059,ok,1.0,1.0,1.0,-,-,0,0,0
CL10_6100007064,ok,1.0,1.0,1.0,-,-,1,0,0
CL10_6100007067,ok,1.0,1.0,1.0,-,-,0,0,0
CL10_6100007071,ok,1.0,1.0,1.0,-,-,0,0,0
CL10_6100007077,ok,1.0,1.0,1.0,-,-,0,0,0
CL10_6100007078,ok,1.0,1.0,1.0,-,-,0,0,0
CL10_6100007083,ok,1.0,1.0,1.0,-,-,0,0,0
CL10_6100007084,ok,1.0,1.0,1.0,-,-,0,0,0
CL10_6100007093,ok,1.0,1.0,1.0,-,-,1,0,0
CL10_6100007094,ok,1.0,1.0,1.0,-,-,1,0,0
CL10_6100010017,ok,1.0,1.0,1.0,-,-,0,0,0
CL10_6100010022,ok,1.0,1.0,1.0,-,-,0,0,0
CL10_6100010025,ok,1.0,1.0,1.0,-,-,0,0,0
CL10_6100015468,ok,1.0,1.0,1.0,-,-,1,0,0
CL10_6100017644,ok,1.0,1.0,1.0,-,-,0,0,0
CL10_6100040320,ok,1.0,1.0,1.0,-,-,0,0,0
CL10_6100040504,ok,1.0,1.0,1.0,-,-,1,0,0
CL10_6100040784,ok,1.0,1.0,1.0,-,-,1,0,0
CL10_6100045072,ok,1.0,1.0,1.0,-,-,2,0,0
CL10_6100045073,ok,1.0,1.0,1.0,-,-,2,0,0
CL10_6100046417,ok,1.0,1.0,1.0,-,-,1,0,0
CL10_6100046418,ok,1.0,1.0,1.0,-,-,1,0,0
CL10_6100046419,ok,1.0,1.0,1.0,-,-,1,0,0
CL10_6100046420,ok,1.0,1.0,1.0,-,-,1,0,0
CL10_6100047664,ok,1.0,1.0,1.0,-,-,2,0,0
CL10_6100047690,ok,1.0,1.0,1.0,-,-,0,0,0
CL10_6100047694,ok,1.0,1.0,1.0,-,-,0,0,0
CL10_6100047698,ok,1.0,1.0,1.0,-,-,0,0,0
CL10_6100047704,ok,1.0,1.0,1.0,-,-,0,0,0
CL10_6100047707,ok,1.0,1.0,1.0,-,-,0,0,0
CL10_6100047710,ok,1.0,1.0,1.0,-,-,0,0,0
CL10_6100061185,ok,1.0,1.0,1.0,-,-,0,0,0
CL10_6100061186,ok,1.0,1.0,1.0,-,-,0,0,0
CL10_6100061191,ok,1.0,1.0,1.0,-,-,0,0,0
CL10_6100061201,ok,1.0,1.0,1.0,-,-,0,0,0
CL10_6100061334,ok,1.0,1.0,1.0,-,-,0,0,0
CL10_6100061518,ok,1.0,1.0,1.0,-,-,0,0,0
CL10_6100061554,ok,1.0,1.0,1.0,-,-,0,0,0
CL10_6100061698,ok,1.0,1.0,1.0,-,-,0,0,0
CL10_6100061727,ok,1.0,1.0,1.0,-,-,0,0,0
CL10_6100061737,ok,1.0,1.0,1.0,-,-,0,0,0
CL10_6100061738,ok,1.0,1.0,1.0,-,-,0,0,0
CL10_6100061743,ok,1.0,1.0,1.0,-,-,0,0,0
CL10_6100061744,ok,0.0,1.0,0.0,"R04,R13,R16",-,0,3,0
CL10_6100061745,ok,1.0,1.0,1.0,-,-,0,0,0
CL10_6100061746,ok,1.0,1.0,1.0,-,-,0,0,0
CL10_6100061761,ok,1.0,1.0,1.0,-,-,0,0,0
CL10_6100061762,ok,1.0,1.0,1.0,-,-,0,0,0
CL10_6100061764,ok,1.0,1.0,1.0,-,-,0,0,0
CL10_6100061766,ok,1.0,1.0,1.0,-,-,0,0,0
CL10_6100061769,ok,1.0,1.0,1.0,-,-,0,0,0
CL10_6100062250,ok,1.0,1.0,1.0,-,-,1,0,0
CL10_6100065341,ok,1.0,1.0,1.0,-,-,2,0,0
CL10_6100065342,ok,1.0,1.0,1.0,-,-,2,0,0
CL10_6100065343,ok,1.0,1.0,1.0,-,-,2,0,0
CL10_6100065344,ok,1.0,1.0,1.0,-,-,2,0,0
CL10_6100065346,ok,1.0,1.0,1.0,-,-,2,0,0
CL10_6100065347,ok,1.0,1.0,1.0,-,-,2,0,0
CL10_6100066928,ok,1.0,1.0,1.0,-,-,1,0,0
CL10_6100066930,ok,1.0,1.0,1.0,-,-,1,0,0
CL10_6100072136,ok,1.0,1.0,1.0,-,-,0,0,0
CL10_6100072140,ok,1.0,1.0,1.0,-,-,0,0,0
CL10_6100072412,ok,1.0,1.0,1.0,-,-,0,0,0
CL10_6100072486,ok,1.0,1.0,1.0,-,-,0,0,0
CL10_6100072506,ok,1.0,1.0,1.0,-,-,0,0,0
CL10_6100072520,ok,1.0,1.0,1.0,-,-,0,0,0
CL10_6100074581,ok,1.0,1.0,1.0,-,-,2,0,0
CL10_6100084969,ok,1.0,1.0,1.0,-,-,2,0,0
CL10_6100084970,ok,1.0,1.0,1.0,-,-,2,0,0
CL10_6100084971,ok,1.0,1.0,1.0,-,-,2,0,0
CL10_6100084976,ok,1.0,1.0,1.0,-,-,2,0,0
CL10_6100084977,ok,1.0,1.0,1.0,-,-,2,0,0
CL10_6100084979,ok,1.0,1.0,1.0,-,-,2,0,0
CL10_6100086428,ok,1.0,1.0,1.0,-,-,0,0,0
CL10_6100086441,ok,1.0,1.0,1.0,-,-,0,0,0
CL10_6100086444,ok,1.0,1.0,1.0,-,-,0,0,0
CL10_6100086455,ok,1.0,1.0,1.0,-,-,0,0,0
CL10_6100086457,ok,1.0,1.0,1.0,-,-,0,0,0
CL10_6100086468,ok,1.0,1.0,1.0,-,-,0,0,0
CL10_6100086483,ok,1.0,1.0,1.0,-,-,1,0,0
CL10_6100086486,ok,1.0,1.0,1.0,-,-,1,0,0
CL10_6100086487,ok,1.0,1.0,1.0,-,-,1,0,0
CL10_6100086494,ok,1.0,1.0,1.0,-,-,1,0,0
CL10_6100086503,ok,1.0,1.0,1.0,-,-,1,0,0
CL10_6100086504,ok,1.0,1.0,1.0,-,-,1,0,0
CL10_6100086508,ok,1.0,1.0,1.0,-,-,1,0,0
CL10_6100086509,ok,1.0,1.0,1.0,-,-,1,0,0
CL10_6100086510,ok,1.0,1.0,1.0,-,-,1,0,0
CL10_6100086513,ok,1.0,1.0,1.0,-,-,1,0,0
CL10_6100086514,ok,1.0,1.0,1.0,-,-,1,0,0
CL10_6100086515,ok,1.0,1.0,1.0,-,-,1,0,0
CL10_6100086516,ok,1.0,1.0,1.0,-,-,1,0,0
CL10_6100086519,ok,1.0,1.0,1.0,-,-,1,0,0
CL10_6100086520,ok,1.0,1.0,1.0,-,-,1,0,0
CL10_6100086528,ok,1.0,1.0,1.0,-,-,1,0,0
CL10_6100086529,ok,1.0,1.0,1.0,-,-,1,0,0
CL10_6100086531,ok,1.0,1.0,1.0,-,-,1,0,0
CL10_6100086532,ok,1.0,1.0,1.0,-,-,1,0,0
CL10_6100086533,ok,1.0,1.0,1.0,-,-,1,0,0
CL10_6100086541,ok,1.0,1.0,1.0,-,-,1,0,0
CL10_6100086574,ok,1.0,1.0,1.0,-,-,1,0,0
CL10_6100086575,ok,1.0,1.0,1.0,-,-,1,0,0
CL10_6100086576,ok,1.0,1.0,1.0,-,-,1,0,0
CL10_6100086577,ok,1.0,1.0,1.0,-,-,1,0,0
CL10_6100086578,ok,1.0,1.0,1.0,-,-,1,0,0
CL10_6100105994,ok,1.0,1.0,1.0,-,-,2,0,0
CL10_6100105995,ok,1.0,1.0,1.0,-,-,1,0,0
CL10_6100115985,ok,1.0,1.0,1.0,-,-,1,0,0
CL10_6100116027,ok,1.0,0.0,0.0,-,"R06,R24",0,0,2
CL10_6100116028,ok,1.0,0.5,0.67,-,R24,1,0,1
CL10_6100116165,ok,1.0,1.0,1.0,-,-,2,0,0
CL10_6100116191,ok,1.0,1.0,1.0,-,-,2,0,0
CL10_6100116216,ok,1.0,0.0,0.0,-,R05,0,0,1
CL10_6100117033,ok,1.0,1.0,1.0,-,-,2,0,0
CL10_6100117034,ok,1.0,1.0,1.0,-,-,2,0,0
CL10_6100117035,ok,1.0,1.0,1.0,-,-,2,0,0
CL10_6100117036,ok,1.0,1.0,1.0,-,-,2,0,0
CL10_6100117037,ok,1.0,1.0,1.0,-,-,2,0,0
CL10_6100117039,ok,1.0,1.0,1.0,-,-,2,0,0
CL10_6100117040,ok,1.0,1.0,1.0,-,-,2,0,0
CL10_6100117041,ok,1.0,1.0,1.0,-,-,2,0,0
CL10_6100117042,ok,1.0,1.0,1.0,-,-,2,0,0
CL10_6100117043,ok,1.0,1.0,1.0,-,-,2,0,0
CL10_6100117044,ok,1.0,1.0,1.0,-,-,2,0,0
CL10_6100117045,ok,1.0,1.0,1.0,-,-,2,0,0
CL10_6100117046,ok,1.0,1.0,1.0,-,-,2,0,0
CL10_6100117047,ok,1.0,1.0,1.0,-,-,2,0,0
CL10_6100117048,ok,1.0,1.0,1.0,-,-,2,0,0
CL10_6100117049,ok,1.0,1.0,1.0,-,-,2,0,0
CL10_6100117050,ok,1.0,1.0,1.0,-,-,2,0,0
CL10_6100117051,ok,1.0,1.0,1.0,-,-,2,0,0
CL10_6100117052,ok,1.0,1.0,1.0,-,-,2,0,0
CL10_6100124585,ok,1.0,1.0,1.0,-,-,1,0,0
CL10_6100124586,ok,1.0,1.0,1.0,-,-,2,0,0
CL10_6100124587,ok,1.0,1.0,1.0,-,-,2,0,0
CL10_6100136956,ok,1.0,1.0,1.0,-,-,0,0,0
CL10_6100141954,ok,1.0,1.0,1.0,-,-,2,0,0
CL10_6100141955,ok,1.0,1.0,1.0,-,-,1,0,0
CL10_6100141957,ok,1.0,1.0,1.0,-,-,2,0,0
CL10_6100141959,ok,1.0,1.0,1.0,-,-,2,0,0
CL10_6100141960,ok,1.0,1.0,1.0,-,-,2,0,0
CL10_6100141963,ok,1.0,1.0,1.0,-,-,2,0,0
CL10_6100153470,ok,1.0,1.0,1.0,-,-,2,0,0
CL10_6100153647,ok,1.0,1.0,1.0,-,-,2,0,0
CL10_6100153650,ok,1.0,1.0,1.0,-,-,2,0,0
CL10_6100153651,ok,1.0,1.0,1.0,-,-,2,0,0
CL10_6100172587,ok,1.0,1.0,1.0,-,-,0,0,0
CL10_6100172638,ok,1.0,1.0,1.0,-,-,0,0,0
CL10_6100172640,ok,1.0,1.0,1.0,-,-,0,0,0
CL10_6100172651,ok,1.0,1.0,1.0,-,-,0,0,0
CL10_6100172652,ok,1.0,1.0,1.0,-,-,0,0,0
CL10_6100172653,ok,1.0,1.0,1.0,-,-,0,0,0
CL10_6100172656,ok,1.0,1.0,1.0,-,-,0,0,0
CL10_6100172669,ok,1.0,1.0,1.0,-,-,0,0,0
CL10_6100172671,ok,1.0,1.0,1.0,-,-,0,0,0
CL10_6100172683,ok,1.0,1.0,1.0,-,-,0,0,0
CL10_6100172684,ok,1.0,1.0,1.0,-,-,0,0,0
CL10_6100176509,ok,1.0,1.0,1.0,-,-,0,0,0
CL10_6100176511,ok,1.0,1.0,1.0,-,-,0,0,0
CL10_6100176515,ok,1.0,1.0,1.0,-,-,0,0,0
CL10_6100176517,ok,1.0,1.0,1.0,-,-,0,0,0
CL10_6100176556,ok,1.0,1.0,1.0,-,-,0,0,0
CL10_6100176572,ok,1.0,1.0,1.0,-,-,0,0,0
CL10_6100176591,ok,1.0,1.0,1.0,-,-,0,0,0
CL10_6100176594,ok,0.5,1.0,0.67,R04,-,1,1,0
CL10_6100176599,ok,1.0,1.0,1.0,-,-,0,0,0
CL10_6100184272,ok,1.0,1.0,1.0,-,-,0,0,0
CL10_6100184293,ok,1.0,1.0,1.0,-,-,1,0,0
CL10_6100184366,ok,1.0,1.0,1.0,-,-,0,0,0
CL10_6100184367,ok,1.0,1.0,1.0,-,-,0,0,0
CL10_6100184382,ok,1.0,1.0,1.0,-,-,0,0,0
CL10_6100184386,ok,1.0,1.0,1.0,-,-,0,0,0
CL10_6100184391,ok,1.0,1.0,1.0,-,-,0,0,0
CL10_6100184395,ok,1.0,1.0,1.0,-,-,0,0,0
CL10_6100184396,ok,1.0,1.0,1.0,-,-,0,0,0
CL10_6100184397,ok,1.0,1.0,1.0,-,-,0,0,0
CL10_6100184398,ok,1.0,1.0,1.0,-,-,0,0,0
CL10_6100184399,ok,1.0,1.0,1.0,-,-,0,0,0
CL10_6100184414,ok,1.0,1.0,1.0,-,-,0,0,0
CL10_6100187341,ok,1.0,1.0,1.0,-,-,2,0,0
CL10_6100187416,ok,1.0,1.0,1.0,-,-,2,0,0
CL10_6100187418,ok,1.0,1.0,1.0,-,-,2,0,0
CL10_6100194596,ok,1.0,1.0,1.0,-,-,0,0,0
CL10_6100194597,ok,1.0,1.0,1.0,-,-,0,0,0
CL10_6100194598,ok,1.0,1.0,1.0,-,-,0,0,0
CL10_6100194605,ok,1.0,1.0,1.0,-,-,0,0,0
CL10_6100194623,ok,1.0,1.0,1.0,-,-,0,0,0
CL10_6100194624,ok,1.0,1.0,1.0,-,-,0,0,0
CL10_6100194635,ok,1.0,1.0,1.0,-,-,0,0,0
CL10_6100196859,ok,1.0,1.0,1.0,-,-,0,0,0
CL10_6100198436,ok,1.0,1.0,1.0,-,-,2,0,0
CL10_6100199985,ok,1.0,1.0,1.0,-,-,1,0,0
CL10_6100199986,ok,1.0,1.0,1.0,-,-,1,0,0
CL10_6100206410,ok,1.0,1.0,1.0,-,-,0,0,0
CL10_6100206411,ok,1.0,1.0,1.0,-,-,1,0,0
CL10_6100206433,ok,1.0,1.0,1.0,-,-,0,0,0
CL10_6100210646,ok,1.0,1.0,1.0,-,-,1,0,0
CL10_6100211242,ok,1.0,1.0,1.0,-,-,2,0,0
CL10_6100217049,ok,1.0,1.0,1.0,-,-,0,0,0
CL10_6100221014,ok,1.0,1.0,1.0,-,-,0,0,0
CL10_6100228420,ok,1.0,1.0,1.0,-,-,0,0,0
CL10_6100228427,ok,1.0,1.0,1.0,-,-,0,0,0
CL10_6100228433,ok,1.0,1.0,1.0,-,-,0,0,0
CL10_6100228458,ok,1.0,1.0,1.0,-,-,0,0,0
CL10_6100228460,ok,1.0,1.0,1.0,-,-,0,0,0
CL10_6100228463,ok,1.0,1.0,1.0,-,-,0,0,0
CL10_6100228654,ok,1.0,1.0,1.0,-,-,2,0,0
CL10_6100228728,ok,1.0,1.0,1.0,-,-,2,0,0
CL10_6100228730,ok,1.0,1.0,1.0,-,-,2,0,0
CL10_6100228731,ok,1.0,1.0,1.0,-,-,2,0,0
CL10_6100232057,ok,1.0,1.0,1.0,-,-,1,0,0
CL10_6100232697,ok,1.0,1.0,1.0,-,-,1,0,0
CL10_6100243646,ok,1.0,1.0,1.0,-,-,2,0,0
CL10_6100244607,ok,1.0,1.0,1.0,-,-,3,0,0
CL10_6100244612,ok,1.0,1.0,1.0,-,-,2,0,0
CL10_6100244613,ok,1.0,1.0,1.0,-,-,2,0,0
CL10_6100244614,ok,1.0,1.0,1.0,-,-,2,0,0
CL10_6100244615,ok,1.0,1.0,1.0,-,-,1,0,0
CL10_6100253868,ok,1.0,1.0,1.0,-,-,0,0,0
CL10_6100253869,ok,1.0,1.0,1.0,-,-,0,0,0
CL10_6100253870,ok,1.0,1.0,1.0,-,-,0,0,0
CL10_6100253871,ok,1.0,1.0,1.0,-,-,0,0,0
CL10_6100253885,ok,1.0,1.0,1.0,-,-,4,0,0
CL10_6100254469,ok,1.0,1.0,1.0,-,-,0,0,0
CL10_6100254488,ok,1.0,1.0,1.0,-,-,0,0,0
CL10_6100254489,ok,1.0,1.0,1.0,-,-,0,0,0
CL10_6100254491,ok,1.0,1.0,1.0,-,-,0,0,0
CL10_6100255061,ok,0.0,1.0,0.0,R05,-,0,1,0
CL10_6100262322,ok,1.0,1.0,1.0,-,-,2,0,0
CL10_6100262324,ok,1.0,1.0,1.0,-,-,2,0,0
CL10_6100262326,ok,1.0,1.0,1.0,-,-,1,0,0
CL10_6100262958,ok,1.0,1.0,1.0,-,-,0,0,0
CL10_6100262959,ok,1.0,1.0,1.0,-,-,0,0,0
CL10_6100262963,ok,1.0,1.0,1.0,-,-,0,0,0
CL10_6100262980,ok,1.0,1.0,1.0,-,-,0,0,0
CL10_6100262981,ok,1.0,1.0,1.0,-,-,0,0,0
CL10_6100262993,ok,1.0,1.0,1.0,-,-,0,0,0
CL10_6100263054,ok,1.0,1.0,1.0,-,-,1,0,0
CL10_6100263057,ok,1.0,1.0,1.0,-,-,0,0,0
CL10_6100263065,ok,1.0,1.0,1.0,-,-,0,0,0
CL10_6100263067,ok,1.0,1.0,1.0,-,-,0,0,0
CL10_6100263068,ok,1.0,1.0,1.0,-,-,0,0,0
CL10_6100263080,ok,1.0,1.0,1.0,-,-,0,0,0
CL10_6100263096,ok,1.0,1.0,1.0,-,-,0,0,0
CL10_6100263097,ok,1.0,1.0,1.0,-,-,0,0,0
CL10_6100263098,ok,1.0,1.0,1.0,-,-,0,0,0
CL10_6100263101,ok,1.0,1.0,1.0,-,-,0,0,0
CL10_6100263102,ok,1.0,1.0,1.0,-,-,0,0,0
CL10_6100263103,ok,1.0,1.0,1.0,-,-,0,0,0
CL10_6100263105,ok,1.0,1.0,1.0,-,-,0,0,0
CL10_6100263106,ok,1.0,1.0,1.0,-,-,0,0,0
CL10_6100263107,ok,1.0,1.0,1.0,-,-,0,0,0
CL10_6100263108,ok,1.0,1.0,1.0,-,-,0,0,0
CL10_6100263109,ok,1.0,1.0,1.0,-,-,0,0,0
CL10_6100263110,ok,1.0,1.0,1.0,-,-,0,0,0
CL10_6100263111,ok,1.0,1.0,1.0,-,-,0,0,0
CL10_6100263130,ok,1.0,1.0,1.0,-,-,0,0,0
CL10_6100263132,ok,1.0,1.0,1.0,-,-,0,0,0
CL10_6100263133,ok,1.0,1.0,1.0,-,-,0,0,0
CL10_6100263134,ok,1.0,1.0,1.0,-,-,0,0,0
CL10_6100263138,ok,1.0,1.0,1.0,-,-,0,0,0
CL10_6100263146,ok,1.0,1.0,1.0,-,-,0,0,0
CL10_6100263148,ok,1.0,1.0,1.0,-,-,0,0,0
CL10_6100264919,ok,1.0,1.0,1.0,-,-,2,0,0
CL10_6100264927,ok,1.0,1.0,1.0,-,-,2,0,0
CL10_6100272668,ok,1.0,1.0,1.0,-,-,2,0,0
CL10_6100272675,ok,1.0,1.0,1.0,-,-,1,0,0
CL10_6100285469,ok,1.0,1.0,1.0,-,-,1,0,0
CL10_6100285476,ok,1.0,1.0,1.0,-,-,0,0,0
CL10_6100285477,ok,1.0,1.0,1.0,-,-,0,0,0
CL10_6100285487,ok,1.0,1.0,1.0,-,-,0,0,0
CL10_6100285496,ok,1.0,1.0,1.0,-,-,0,0,0
CL10_6100285591,ok,1.0,1.0,1.0,-,-,0,0,0
CL10_6100285594,ok,1.0,1.0,1.0,-,-,0,0,0
CL10_6100285604,ok,1.0,1.0,1.0,-,-,0,0,0
CL10_6100285686,ok,1.0,1.0,1.0,-,-,0,0,0
CL10_6100285715,ok,1.0,1.0,1.0,-,-,0,0,0
CL10_6100285727,ok,1.0,1.0,1.0,-,-,0,0,0
CL10_6100285742,ok,1.0,1.0,1.0,-,-,0,0,0
CL10_6100285766,ok,1.0,1.0,1.0,-,-,0,0,0
CL10_6100288267,ok,1.0,1.0,1.0,-,-,4,0,0
CL10_6100288270,ok,1.0,1.0,1.0,-,-,2,0,0
CL10_6100288273,ok,1.0,1.0,1.0,-,-,2,0,0
CL10_6100288274,ok,1.0,1.0,1.0,-,-,2,0,0
CL10_6100288275,ok,1.0,1.0,1.0,-,-,2,0,0
CL10_6100288276,ok,1.0,1.0,1.0,-,-,2,0,0
CL10_6100289469,ok,1.0,1.0,1.0,-,-,1,0,0
CL10_6100289470,ok,1.0,1.0,1.0,-,-,2,0,0
CL10_6100289471,ok,1.0,1.0,1.0,-,-,1,0,0
CL10_6100289472,ok,1.0,1.0,1.0,-,-,1,0,0
CL10_6100289473,ok,1.0,1.0,1.0,-,-,2,0,0
CL10_6100289475,ok,1.0,1.0,1.0,-,-,1,0,0
CL10_6100289476,ok,1.0,1.0,1.0,-,-,2,0,0
CL10_6100307537,ok,1.0,1.0,1.0,-,-,2,0,0
CL10_6100307541,ok,1.0,1.0,1.0,-,-,2,0,0
CL10_6100307544,ok,1.0,1.0,1.0,-,-,1,0,0
CL10_6100307718,ok,1.0,1.0,1.0,-,-,0,0,0
CL10_6100319107,ok,1.0,1.0,1.0,-,-,2,0,0
CL10_6100319109,ok,1.0,1.0,1.0,-,-,2,0,0
CL10_6100319113,ok,1.0,1.0,1.0,-,-,2,0,0
CL10_6100319117,ok,1.0,1.0,1.0,-,-,2,0,0
CL10_6100326376,ok,1.0,1.0,1.0,-,-,0,0,0
CL10_6100326392,ok,1.0,1.0,1.0,-,-,0,0,0
CL10_6100330961,ok,1.0,1.0,1.0,-,-,2,0,0
CL10_6100330962,ok,1.0,1.0,1.0,-,-,2,0,0
CL10_6100333086,ok,1.0,1.0,1.0,-,-,0,0,0
CL10_6100333087,ok,1.0,1.0,1.0,-,-,0,0,0
CL10_6100333185,ok,1.0,1.0,1.0,-,-,0,0,0
CL10_6100333539,ok,1.0,1.0,1.0,-,-,0,0,0
CL10_6100333541,ok,1.0,1.0,1.0,-,-,0,0,0
CL10_6100333542,ok,1.0,1.0,1.0,-,-,0,0,0
CL10_6100333642,ok,1.0,1.0,1.0,-,-,0,0,0
CL10_6100333678,ok,1.0,1.0,1.0,-,-,0,0,0
CL10_6100333685,ok,1.0,1.0,1.0,-,-,0,0,0
CL10_6100333692,ok,1.0,1.0,1.0,-,-,0,0,0
CL10_6100333693,ok,1.0,1.0,1.0,-,-,0,0,0
CL10_6100333748,ok,1.0,1.0,1.0,-,-,0,0,0
CL10_6100333749,ok,1.0,1.0,1.0,-,-,0,0,0
CL10_6100338584,ok,1.0,1.0,1.0,-,-,2,0,0
CL10_6100338585,ok,1.0,1.0,1.0,-,-,1,0,0
CL10_6100346825,ok,1.0,1.0,1.0,-,-,1,0,0
CL10_6100353089,ok,1.0,1.0,1.0,-,-,0,0,0
CL10_6100360014,ok,1.0,1.0,1.0,-,-,1,0,0
CL11_6100000128,ok,1.0,1.0,1.0,-,-,0,0,0
CL11_6100000593,ok,1.0,1.0,1.0,-,-,1,0,0
CL11_6100001459,ok,1.0,1.0,1.0,-,-,1,0,0
CL14_5100000010,ok,1.0,1.0,1.0,-,-,0,0,0
CL14_5100000011,ok,1.0,1.0,1.0,-,-,0,0,0
CL14_5100000014,ok,1.0,1.0,1.0,-,-,0,0,0
CL14_5100000017,ok,1.0,1.0,1.0,-,-,0,0,0
CL14_5100000520,ok,1.0,1.0,1.0,-,-,0,0,0
CL14_5100000521,ok,1.0,1.0,1.0,-,-,0,0,0
CL14_5100000522,ok,1.0,1.0,1.0,-,-,0,0,0
CL14_5100000523,ok,1.0,1.0,1.0,-,-,0,0,0
CL14_5100001121,ok,1.0,1.0,1.0,-,-,0,0,0
CL14_5100001122,ok,1.0,1.0,1.0,-,-,0,0,0
CL14_5100001123,ok,1.0,1.0,1.0,-,-,0,0,0
CL14_5100001124,ok,1.0,1.0,1.0,-,-,0,0,0
CL14_5100001126,ok,1.0,1.0,1.0,-,-,0,0,0
CL14_5100001127,ok,1.0,1.0,1.0,-,-,0,0,0
CL14_5100001129,ok,1.0,1.0,1.0,-,-,0,0,0
CL14_5100001131,ok,1.0,1.0,1.0,-,-,0,0,0
CL14_5100001135,ok,1.0,1.0,1.0,-,-,0,0,0
CL14_5100001139,ok,1.0,1.0,1.0,-,-,0,0,0
CL14_5100001140,ok,1.0,1.0,1.0,-,-,0,0,0
CL14_5100001146,ok,1.0,1.0,1.0,-,-,0,0,0
CL14_5100002387,ok,1.0,1.0,1.0,-,-,0,0,0
CN0A_100000062,ok,1.0,0.0,0.0,-,"R05,R12",0,0,2
CN0A_100000231,ok,1.0,1.0,1.0,-,-,0,0,0
CN0H_100000316,ok,1.0,1.0,1.0,-,-,2,0,0
CN0H_1500000023,ok,1.0,1.0,1.0,-,-,1,0,0
CN0S_100000338,ok,1.0,1.0,1.0,-,-,1,0,0
CN0T_100000133,ok,1.0,1.0,1.0,-,-,0,0,0
CN0T_100000205,ok,1.0,1.0,1.0,-,-,0,0,0
CN0W_100000092,ok,1.0,1.0,1.0,-,-,0,0,0
CN0Z_1500000004,ok,1.0,1.0,1.0,-,-,0,0,0
CN11_510000215,ok,1.0,1.0,1.0,-,-,0,0,0
CN11_510000217,ok,1.0,1.0,1.0,-,-,0,0,0
CN11_510000249,ok,1.0,1.0,1.0,-,-,0,0,0
CN11_510000956,ok,1.0,1.0,1.0,-,-,1,0,0
CN11_510002402,ok,1.0,1.0,1.0,-,-,0,0,0
CN11_510002445,ok,1.0,1.0,1.0,-,-,0,0,0
CN11_510002456,ok,1.0,1.0,1.0,-,-,0,0,0
CN11_510004362,ok,1.0,1.0,1.0,-,-,3,0,0
CN11_510004451,ok,1.0,1.0,1.0,-,-,4,0,0
CN11_510004477,ok,1.0,1.0,1.0,-,-,0,0,0
CN11_510004478,ok,1.0,1.0,1.0,-,-,0,0,0
CN11_510004484,ok,1.0,1.0,1.0,-,-,0,0,0
CN11_510004488,ok,1.0,1.0,1.0,-,-,0,0,0
CN11_510004506,ok,1.0,1.0,1.0,-,-,3,0,0
CN11_510007513,ok,1.0,0.0,0.0,-,R05,0,0,1
CN11_510007879,ok,1.0,1.0,1.0,-,-,0,0,0
CN11_510010134,ok,1.0,1.0,1.0,-,-,0,0,0
CN11_510011045,ok,1.0,1.0,1.0,-,-,1,0,0
CN11_510015559,ok,1.0,1.0,1.0,-,-,0,0,0
CN11_510015560,ok,1.0,1.0,1.0,-,-,0,0,0
CN11_510016775,ok,1.0,1.0,1.0,-,-,0,0,0
CN11_510016858,ok,1.0,1.0,1.0,-,-,3,0,0
CN11_510018103,ok,1.0,1.0,1.0,-,-,0,0,0
CN11_510022453,ok,1.0,1.0,1.0,-,-,0,0,0
CN11_510022455,ok,1.0,1.0,1.0,-,-,0,0,0
CN11_510022499,ok,1.0,1.0,1.0,-,-,0,0,0
CN11_510022500,ok,1.0,1.0,1.0,-,-,0,0,0
CN11_510022501,ok,1.0,1.0,1.0,-,-,0,0,0
CN11_510022506,ok,1.0,1.0,1.0,-,-,0,0,0
CN11_510022507,ok,1.0,1.0,1.0,-,-,0,0,0
CN11_510022570,ok,1.0,1.0,1.0,-,-,1,0,0
CN11_510022590,ok,1.0,1.0,1.0,-,-,0,0,0
CN11_510024844,ok,1.0,1.0,1.0,-,-,1,0,0
CN11_510024845,ok,1.0,1.0,1.0,-,-,0,0,0
CN11_510025135,ok,1.0,1.0,1.0,-,-,0,0,0
CN11_610032501,ok,1.0,1.0,1.0,-,-,1,0,0
CN11_610039571,ok,1.0,1.0,1.0,-,-,1,0,0
CN12_510002902,ok,1.0,1.0,1.0,-,-,1,0,0
CN12_510004133,ok,1.0,1.0,1.0,-,-,1,0,0
CN12_510004134,ok,1.0,1.0,1.0,-,-,2,0,0
CN12_510006217,ok,1.0,1.0,1.0,-,-,1,0,0
CN12_510006224,ok,1.0,1.0,1.0,-,-,1,0,0
CN12_510006225,ok,1.0,1.0,1.0,-,-,1,0,0
CN12_510006226,ok,1.0,1.0,1.0,-,-,1,0,0
CN12_610002511,ok,1.0,1.0,1.0,-,-,2,0,0
CN14_510000668,ok,1.0,1.0,1.0,-,-,2,0,0
CN14_5300000006,ok,0.0,1.0,0.0,R03,-,0,1,0
CN14_610004754,ok,1.0,1.0,1.0,-,-,1,0,0
CN19_510000654,ok,1.0,1.0,1.0,-,-,0,0,0
CN19_510002570,ok,1.0,1.0,1.0,-,-,0,0,0
CN19_510011821,ok,1.0,1.0,1.0,-,-,0,0,0
CN19_610001577,ok,1.0,1.0,1.0,-,-,1,0,0
CN19_610001740,ok,0.0,1.0,0.0,R05,-,0,1,0
CN19_610002538,ok,1.0,1.0,1.0,-,-,1,0,0
CN19_610010484,ok,1.0,1.0,1.0,-,-,3,0,0
CN19_610011474,ok,1.0,1.0,1.0,-,-,1,0,0
CN19_610012395,ok,1.0,1.0,1.0,-,-,1,0,0
CN19_610017900,ok,1.0,1.0,1.0,-,-,1,0,0
CN1A_100000090,ok,1.0,1.0,1.0,-,-,0,0,0
CN1A_100000155,ok,1.0,1.0,1.0,-,-,0,0,0
CN1H_100000104,ok,1.0,1.0,1.0,-,-,0,0,0
CN1Q_100000486,ok,0.5,1.0,0.67,R04,-,1,1,0
CN1Y_100000122,ok,1.0,1.0,1.0,-,-,1,0,0
CN23_510002584,ok,1.0,1.0,1.0,-,-,1,0,0
CN23_5300000002,ok,1.0,1.0,1.0,-,-,0,0,0
CN23_5300000003,ok,1.0,1.0,1.0,-,-,0,0,0
CN23_5300000004,ok,1.0,1.0,1.0,-,-,0,0,0
CN23_5300000021,ok,0.0,1.0,0.0,R01,-,0,1,0
CN23_5300000039,ok,1.0,1.0,1.0,-,-,2,0,0
CN23_5300000040,ok,1.0,1.0,1.0,-,-,1,0,0
CN23_5300000041,ok,1.0,1.0,1.0,-,-,2,0,0
CN23_5300000042,ok,1.0,1.0,1.0,-,-,1,0,0
CN23_5300000043,ok,1.0,1.0,1.0,-,-,1,0,0
CN23_5300000044,ok,1.0,1.0,1.0,-,-,1,0,0
CN23_5300000045,ok,1.0,1.0,1.0,-,-,1,0,0
CN23_5300000046,ok,1.0,1.0,1.0,-,-,1,0,0
CN23_5300000047,ok,1.0,1.0,1.0,-,-,0,0,0
CN23_5300000048,ok,1.0,1.0,1.0,-,-,0,0,0
CN23_5300000049,ok,1.0,1.0,1.0,-,-,0,0,0
CN23_5300000076,ok,1.0,1.0,1.0,-,-,0,0,0
CN23_5300000078,ok,1.0,1.0,1.0,-,-,0,0,0
CN23_610002040,ok,1.0,1.0,1.0,-,-,1,0,0
CN23_610002201,ok,1.0,1.0,1.0,-,-,1,0,0
CN26_510000650,ok,1.0,1.0,1.0,-,-,1,0,0
CN26_510000804,ok,1.0,1.0,1.0,-,-,0,0,0
CN26_510000807,ok,1.0,1.0,1.0,-,-,0,0,0
CN26_510000814,ok,1.0,1.0,1.0,-,-,0,0,0
CN26_510000827,ok,1.0,1.0,1.0,-,-,0,0,0
CN26_510000833,ok,1.0,1.0,1.0,-,-,0,0,0
CN26_510000834,ok,1.0,1.0,1.0,-,-,1,0,0
CN26_510000854,ok,1.0,1.0,1.0,-,-,0,0,0
CN26_510000878,ok,1.0,1.0,1.0,-,-,0,0,0
CN26_510000885,ok,1.0,1.0,1.0,-,-,1,0,0
CN26_510001005,ok,1.0,1.0,1.0,-,-,0,0,0
CN26_510001032,ok,1.0,1.0,1.0,-,-,0,0,0
CN26_510001081,ok,1.0,1.0,1.0,-,-,0,0,0
CN26_510001088,ok,1.0,1.0,1.0,-,-,0,0,0
CN26_510001112,ok,1.0,1.0,1.0,-,-,1,0,0
CN26_510001120,ok,1.0,1.0,1.0,-,-,1,0,0
CN26_510001156,ok,1.0,1.0,1.0,-,-,0,0,0
CN26_510002730,ok,1.0,1.0,1.0,-,-,0,0,0
CN26_510003000,ok,1.0,0.0,0.0,-,R05,0,0,1
CN26_510003002,ok,1.0,1.0,1.0,-,-,0,0,0
CN26_510003006,ok,1.0,1.0,1.0,-,-,0,0,0
CN26_510003007,ok,1.0,0.0,0.0,-,R05,0,0,1
CN26_510003011,ok,0.0,0.0,0.0,R07,R05,0,1,1
CN26_510003020,ok,1.0,1.0,1.0,-,-,1,0,0
CN26_510003022,ok,1.0,0.0,0.0,-,R05,0,0,1
CN26_510003024,ok,1.0,0.0,0.0,-,R05,0,0,1
CN26_510003027,ok,1.0,0.0,0.0,-,R05,0,0,1
CN26_510004679,ok,1.0,1.0,1.0,-,-,0,0,0
CN26_510004681,ok,1.0,1.0,1.0,-,-,0,0,0
CN26_510004690,ok,1.0,1.0,1.0,-,-,0,0,0
CN26_510004691,ok,1.0,1.0,1.0,-,-,0,0,0
CN26_510004710,ok,1.0,1.0,1.0,-,-,0,0,0
CN26_510004711,ok,1.0,1.0,1.0,-,-,0,0,0
CN26_510004715,ok,1.0,1.0,1.0,-,-,0,0,0
CN26_510004728,ok,1.0,1.0,1.0,-,-,1,0,0
CN26_510004730,ok,1.0,1.0,1.0,-,-,0,0,0
CN26_510004746,ok,1.0,1.0,1.0,-,-,1,0,0
CN26_510004750,ok,1.0,1.0,1.0,-,-,0,0,0
CN26_510004751,ok,1.0,1.0,1.0,-,-,1,0,0
CN26_510004758,ok,1.0,1.0,1.0,-,-,1,0,0
CN26_510004761,ok,1.0,1.0,1.0,-,-,0,0,0
CN26_510004765,ok,1.0,1.0,1.0,-,-,1,0,0
CN26_510004773,ok,1.0,1.0,1.0,-,-,0,0,0
CN26_510004789,ok,1.0,1.0,1.0,-,-,0,0,0
CN26_510004794,ok,1.0,1.0,1.0,-,-,0,0,0
CN26_510004801,ok,1.0,1.0,1.0,-,-,0,0,0
CN26_510004806,ok,1.0,1.0,1.0,-,-,1,0,0
CN26_510004813,ok,1.0,1.0,1.0,-,-,0,0,0
CN26_510004818,ok,1.0,1.0,1.0,-,-,1,0,0
CN26_510004819,ok,1.0,1.0,1.0,-,-,0,0,0
CN26_510004825,ok,1.0,1.0,1.0,-,-,1,0,0
CN26_510004826,ok,1.0,1.0,1.0,-,-,0,0,0
CN26_510004829,ok,1.0,1.0,1.0,-,-,0,0,0
CN26_510004839,ok,1.0,1.0,1.0,-,-,0,0,0
CN26_510004840,ok,1.0,1.0,1.0,-,-,0,0,0
CN26_510004848,ok,1.0,1.0,1.0,-,-,0,0,0
CN26_510004864,ok,1.0,1.0,1.0,-,-,1,0,0
CN26_510004882,ok,1.0,1.0,1.0,-,-,1,0,0
CN26_510004884,ok,1.0,1.0,1.0,-,-,0,0,0
CN26_510004893,ok,1.0,1.0,1.0,-,-,0,0,0
CN26_510004901,ok,1.0,1.0,1.0,-,-,0,0,0
CN26_510004906,ok,1.0,1.0,1.0,-,-,1,0,0
CN26_510004951,ok,1.0,1.0,1.0,-,-,0,0,0
CN26_510004952,ok,1.0,1.0,1.0,-,-,1,0,0
CN26_510004959,ok,1.0,1.0,1.0,-,-,0,0,0
CN26_510004973,ok,1.0,1.0,1.0,-,-,0,0,0
CN26_510005009,ok,1.0,1.0,1.0,-,-,1,0,0
CN26_510005021,ok,1.0,1.0,1.0,-,-,1,0,0
CN26_510005031,ok,1.0,1.0,1.0,-,-,0,0,0
CN26_510005064,ok,1.0,1.0,1.0,-,-,0,0,0
CN26_510005065,ok,1.0,1.0,1.0,-,-,1,0,0
CN26_510005322,ok,1.0,1.0,1.0,-,-,0,0,0
CN26_510007169,ok,1.0,1.0,1.0,-,-,1,0,0
CN26_510007170,ok,1.0,0.0,0.0,-,R05,0,0,1
CN26_510007185,ok,1.0,0.5,0.67,-,R15,1,0,1
CN26_510007193,ok,1.0,0.0,0.0,-,R05,0,0,1
CN26_510007200,ok,1.0,0.0,0.0,-,R05,0,0,1
CN26_510007201,ok,1.0,0.0,0.0,-,R05,0,0,1
CN26_510007212,ok,1.0,0.0,0.0,-,R05,0,0,1
CN26_510007216,ok,1.0,0.0,0.0,-,R05,0,0,1
CN26_510007253,ok,1.0,1.0,1.0,-,-,1,0,0
CN26_510007257,ok,1.0,0.0,0.0,-,R05,0,0,1
CN26_510007260,ok,1.0,0.0,0.0,-,"R05,R15",0,0,2
CN26_510007263,ok,1.0,0.0,0.0,-,R05,0,0,1
CN26_510007264,ok,0.0,1.0,0.0,R05,-,0,1,0
CN26_510007268,ok,1.0,0.0,0.0,-,R05,0,0,1
CN26_510007269,ok,1.0,0.0,0.0,-,R05,0,0,1
CN26_510007270,ok,1.0,0.0,0.0,-,R05,0,0,1
CN26_510007272,ok,1.0,0.0,0.0,-,R05,0,0,1
CN26_510007273,ok,1.0,0.0,0.0,-,R05,0,0,1
CN26_510007274,ok,1.0,1.0,1.0,-,-,1,0,0
CN26_510007276,ok,0.5,1.0,0.67,R07,-,1,1,0
CN26_510007279,ok,0.0,1.0,0.0,R05,-,0,1,0
CN26_510007281,ok,1.0,0.0,0.0,-,R05,0,0,1
CN26_510007283,ok,1.0,0.0,0.0,-,R05,0,0,1
CN26_510007289,ok,1.0,0.0,0.0,-,R05,0,0,1
CN26_510007292,ok,1.0,0.0,0.0,-,R05,0,0,1
CN26_510007328,ok,1.0,0.0,0.0,-,R05,0,0,1
CN26_510007330,ok,1.0,1.0,1.0,-,-,1,0,0
CN26_510007331,ok,1.0,0.0,0.0,-,"R04,R05",0,0,2
CN26_510007349,ok,1.0,0.0,0.0,-,"R04,R05",0,0,2
CN26_510007359,ok,1.0,1.0,1.0,-,-,1,0,0
CN26_510007362,ok,1.0,1.0,1.0,-,-,1,0,0
CN26_510007372,ok,1.0,0.0,0.0,-,R05,0,0,1
CN26_510007373,ok,1.0,0.5,0.67,-,R15,1,0,1
CN26_510007420,ok,1.0,0.0,0.0,-,R05,0,0,1
CN26_510007427,ok,1.0,0.0,0.0,-,R05,0,0,1
CN26_510007448,ok,0.0,0.0,0.0,R04,"R03,R15",0,1,2
CN26_510009643,ok,1.0,1.0,1.0,-,-,0,0,0
CN26_510009644,ok,1.0,1.0,1.0,-,-,1,0,0
CN26_510009648,ok,1.0,1.0,1.0,-,-,1,0,0
CN26_510009649,ok,1.0,1.0,1.0,-,-,1,0,0
CN26_510009650,ok,1.0,1.0,1.0,-,-,0,0,0
CN26_510009654,ok,1.0,1.0,1.0,-,-,1,0,0
CN26_510009655,ok,1.0,1.0,1.0,-,-,0,0,0
CN26_510009656,ok,1.0,1.0,1.0,-,-,1,0,0
CN26_510009657,ok,1.0,1.0,1.0,-,-,0,0,0
CN26_510009658,ok,1.0,1.0,1.0,-,-,1,0,0
CN26_510009659,ok,1.0,1.0,1.0,-,-,1,0,0
CN26_510009663,ok,1.0,1.0,1.0,-,-,0,0,0
CN26_510009668,ok,1.0,1.0,1.0,-,-,0,0,0
CN26_510009670,ok,1.0,1.0,1.0,-,-,0,0,0
CN26_510009672,ok,1.0,1.0,1.0,-,-,0,0,0
CN26_510009673,ok,1.0,1.0,1.0,-,-,0,0,0
CN26_510009679,ok,1.0,1.0,1.0,-,-,0,0,0
CN26_510009680,ok,1.0,1.0,1.0,-,-,0,0,0
CN26_510009681,ok,1.0,1.0,1.0,-,-,0,0,0
CN26_510009682,ok,1.0,1.0,1.0,-,-,0,0,0
CN26_510009685,ok,1.0,1.0,1.0,-,-,1,0,0
CN26_510009686,ok,1.0,1.0,1.0,-,-,0,0,0
CN26_510009689,ok,1.0,1.0,1.0,-,-,0,0,0
CN26_510009690,ok,1.0,1.0,1.0,-,-,0,0,0
CN26_510009691,ok,1.0,1.0,1.0,-,-,1,0,0
CN26_510009693,ok,1.0,1.0,1.0,-,-,0,0,0
CN26_510009694,ok,1.0,1.0,1.0,-,-,0,0,0
CN26_510009695,ok,1.0,1.0,1.0,-,-,0,0,0
CN26_510009698,ok,1.0,1.0,1.0,-,-,0,0,0
CN26_510009702,ok,1.0,1.0,1.0,-,-,0,0,0
CN26_510009705,ok,1.0,1.0,1.0,-,-,0,0,0
CN26_510009710,ok,1.0,1.0,1.0,-,-,0,0,0
CN26_510009712,ok,1.0,1.0,1.0,-,-,1,0,0
CN26_510009716,ok,1.0,1.0,1.0,-,-,1,0,0
CN26_510009717,ok,1.0,1.0,1.0,-,-,0,0,0
CN26_510009718,ok,1.0,1.0,1.0,-,-,1,0,0
CN26_510009719,ok,1.0,1.0,1.0,-,-,0,0,0
CN26_510009724,ok,1.0,1.0,1.0,-,-,0,0,0
CN26_510009732,ok,1.0,1.0,1.0,-,-,0,0,0
CN26_510009735,ok,1.0,1.0,1.0,-,-,0,0,0
CN26_510009740,ok,1.0,1.0,1.0,-,-,0,0,0
CN26_510009741,ok,1.0,1.0,1.0,-,-,0,0,0
CN26_510009744,ok,1.0,1.0,1.0,-,-,0,0,0
CN26_510009745,ok,1.0,1.0,1.0,-,-,1,0,0
CN26_510009746,ok,1.0,1.0,1.0,-,-,0,0,0
CN26_510009752,ok,1.0,1.0,1.0,-,-,0,0,0
CN26_510009754,ok,1.0,1.0,1.0,-,-,1,0,0
CN26_510009758,ok,1.0,1.0,1.0,-,-,0,0,0
CN26_510009763,ok,1.0,1.0,1.0,-,-,0,0,0
CN26_510009764,ok,1.0,1.0,1.0,-,-,0,0,0
CN26_510009768,ok,1.0,1.0,1.0,-,-,0,0,0
CN26_510009770,ok,1.0,1.0,1.0,-,-,0,0,0
CN26_510009773,ok,1.0,1.0,1.0,-,-,0,0,0
CN26_510009775,ok,1.0,1.0,1.0,-,-,0,0,0
CN26_510009776,ok,1.0,1.0,1.0,-,-,3,0,0
CN26_510009779,ok,1.0,1.0,1.0,-,-,0,0,0
CN26_510009780,ok,1.0,1.0,1.0,-,-,1,0,0
CN26_510009784,ok,1.0,1.0,1.0,-,-,0,0,0
CN26_510009791,ok,1.0,1.0,1.0,-,-,1,0,0
CN26_510009792,ok,1.0,1.0,1.0,-,-,1,0,0
CN26_510009797,ok,1.0,1.0,1.0,-,-,1,0,0
CN26_510009798,ok,1.0,1.0,1.0,-,-,0,0,0
CN26_510009799,ok,1.0,1.0,1.0,-,-,1,0,0
CN26_510009808,ok,1.0,1.0,1.0,-,-,1,0,0
CN26_510009819,ok,1.0,1.0,1.0,-,-,1,0,0
CN26_510009827,ok,1.0,1.0,1.0,-,-,0,0,0
CN26_510009841,ok,1.0,1.0,1.0,-,-,0,0,0
CN26_510009846,ok,1.0,1.0,1.0,-,-,0,0,0
CN26_510009848,ok,1.0,1.0,1.0,-,-,0,0,0
CN26_510009851,ok,1.0,1.0,1.0,-,-,1,0,0
CN26_510009854,ok,1.0,1.0,1.0,-,-,0,0,0
CN26_510009855,ok,1.0,1.0,1.0,-,-,0,0,0
CN26_510009856,ok,1.0,1.0,1.0,-,-,0,0,0
CN26_510009859,ok,1.0,1.0,1.0,-,-,1,0,0
CN26_510009860,ok,1.0,1.0,1.0,-,-,1,0,0
CN26_510009861,ok,1.0,1.0,1.0,-,-,0,0,0
CN26_510009866,ok,1.0,1.0,1.0,-,-,1,0,0
CN26_510009868,ok,1.0,1.0,1.0,-,-,1,0,0
CN26_510009873,ok,1.0,1.0,1.0,-,-,0,0,0
CN26_510009874,ok,1.0,1.0,1.0,-,-,1,0,0
CN26_510009875,ok,1.0,1.0,1.0,-,-,0,0,0
CN26_510009879,ok,1.0,1.0,1.0,-,-,1,0,0
CN26_510009886,ok,1.0,1.0,1.0,-,-,1,0,0
CN26_510009892,ok,1.0,1.0,1.0,-,-,0,0,0
CN26_510009894,ok,1.0,1.0,1.0,-,-,0,0,0
CN26_510009896,ok,1.0,1.0,1.0,-,-,0,0,0
CN26_510009897,ok,1.0,1.0,1.0,-,-,0,0,0
CN26_510009900,ok,1.0,1.0,1.0,-,-,0,0,0
CN26_510009912,ok,1.0,1.0,1.0,-,-,0,0,0
CN26_510009917,ok,1.0,1.0,1.0,-,-,1,0,0
CN26_510009925,ok,1.0,1.0,1.0,-,-,0,0,0
CN26_510009927,ok,1.0,1.0,1.0,-,-,0,0,0
CN26_510012922,ok,1.0,1.0,1.0,-,-,0,0,0
CN26_510012923,ok,1.0,1.0,1.0,-,-,0,0,0
CN26_510012924,ok,1.0,1.0,1.0,-,-,0,0,0
CN26_510012925,ok,1.0,1.0,1.0,-,-,0,0,0
CN26_510012928,ok,1.0,1.0,1.0,-,-,0,0,0
CN26_510012936,ok,1.0,1.0,1.0,-,-,0,0,0
CN26_510012943,ok,1.0,1.0,1.0,-,-,0,0,0
CN26_510012944,ok,1.0,1.0,1.0,-,-,0,0,0
CN26_510012945,ok,1.0,1.0,1.0,-,-,0,0,0
CN26_510012946,ok,1.0,1.0,1.0,-,-,1,0,0
CN26_510012949,ok,1.0,1.0,1.0,-,-,0,0,0
CN26_510012950,ok,1.0,1.0,1.0,-,-,0,0,0
CN26_510012951,ok,1.0,1.0,1.0,-,-,0,0,0
CN26_510012952,ok,1.0,1.0,1.0,-,-,0,0,0
CN26_510012953,ok,1.0,1.0,1.0,-,-,0,0,0
CN26_510012955,ok,1.0,1.0,1.0,-,-,0,0,0
CN26_510012957,ok,1.0,1.0,1.0,-,-,0,0,0
CN26_510012958,ok,1.0,1.0,1.0,-,-,1,0,0
CN26_510012959,ok,1.0,1.0,1.0,-,-,0,0,0
CN26_510012960,ok,1.0,1.0,1.0,-,-,1,0,0
CN26_510012963,ok,1.0,1.0,1.0,-,-,0,0,0
CN26_510012965,ok,1.0,1.0,1.0,-,-,0,0,0
CN26_510012966,ok,1.0,1.0,1.0,-,-,0,0,0
CN26_510012969,ok,1.0,1.0,1.0,-,-,0,0,0
CN26_510012970,ok,1.0,1.0,1.0,-,-,0,0,0
CN26_510012971,ok,1.0,1.0,1.0,-,-,0,0,0
CN26_510012972,ok,1.0,1.0,1.0,-,-,0,0,0
CN26_510012973,ok,1.0,1.0,1.0,-,-,0,0,0
CN26_510012975,ok,1.0,1.0,1.0,-,-,0,0,0
CN26_510012976,ok,1.0,1.0,1.0,-,-,0,0,0
CN26_510012978,ok,1.0,1.0,1.0,-,-,1,0,0
CN26_510012979,ok,1.0,1.0,1.0,-,-,0,0,0
CN26_510012980,ok,1.0,1.0,1.0,-,-,1,0,0
CN26_510012981,ok,1.0,1.0,1.0,-,-,1,0,0
CN26_510012985,ok,1.0,1.0,1.0,-,-,0,0,0
CN26_510012986,ok,1.0,1.0,1.0,-,-,0,0,0
CN26_510012989,ok,1.0,1.0,1.0,-,-,0,0,0
CN26_510012991,ok,1.0,1.0,1.0,-,-,1,0,0
CN26_510012992,ok,1.0,1.0,1.0,-,-,0,0,0
CN26_510012997,ok,1.0,1.0,1.0,-,-,1,0,0
CN26_510013000,ok,1.0,1.0,1.0,-,-,0,0,0
CN26_510013003,ok,1.0,1.0,1.0,-,-,0,0,0
CN26_510013007,ok,1.0,1.0,1.0,-,-,1,0,0
CN26_510013008,ok,1.0,1.0,1.0,-,-,0,0,0
CN26_510013011,ok,1.0,1.0,1.0,-,-,0,0,0
CN26_510013014,ok,1.0,1.0,1.0,-,-,0,0,0
CN26_510013016,ok,1.0,1.0,1.0,-,-,0,0,0
CN26_510013018,ok,1.0,1.0,1.0,-,-,0,0,0
CN26_510013024,ok,1.0,1.0,1.0,-,-,0,0,0
CN26_510013026,ok,1.0,1.0,1.0,-,-,0,0,0
CN26_510013028,ok,1.0,1.0,1.0,-,-,0,0,0
CN26_510013029,ok,1.0,1.0,1.0,-,-,0,0,0
CN26_510013030,ok,1.0,1.0,1.0,-,-,0,0,0
CN26_510013035,ok,1.0,1.0,1.0,-,-,0,0,0
CN26_510013041,ok,1.0,1.0,1.0,-,-,1,0,0
CN26_510013043,ok,1.0,1.0,1.0,-,-,1,0,0
CN26_510013046,ok,1.0,1.0,1.0,-,-,1,0,0
CN26_510013048,ok,1.0,1.0,1.0,-,-,1,0,0
CN26_510013054,ok,1.0,1.0,1.0,-,-,0,0,0
CN26_510013058,ok,1.0,1.0,1.0,-,-,0,0,0
CN26_510013062,ok,1.0,1.0,1.0,-,-,1,0,0
CN26_510013063,ok,1.0,1.0,1.0,-,-,0,0,0
CN26_510013064,ok,1.0,1.0,1.0,-,-,0,0,0
CN26_510013068,ok,1.0,1.0,1.0,-,-,0,0,0
CN26_510013074,ok,1.0,1.0,1.0,-,-,0,0,0
CN26_510013077,ok,1.0,1.0,1.0,-,-,0,0,0
CN26_510013085,ok,1.0,1.0,1.0,-,-,0,0,0
CN26_510013090,ok,1.0,1.0,1.0,-,-,0,0,0
CN26_510013096,ok,1.0,1.0,1.0,-,-,0,0,0
CN26_510013098,ok,1.0,1.0,1.0,-,-,1,0,0
CN26_510013105,ok,1.0,1.0,1.0,-,-,1,0,0
CN26_510013108,ok,1.0,1.0,1.0,-,-,1,0,0
CN26_510013112,ok,1.0,1.0,1.0,-,-,1,0,0
CN26_510013116,ok,1.0,1.0,1.0,-,-,1,0,0
CN26_510013118,ok,1.0,1.0,1.0,-,-,1,0,0
CN26_510013120,ok,1.0,1.0,1.0,-,-,1,0,0
CN26_510013122,ok,1.0,1.0,1.0,-,-,1,0,0
CN26_510013128,ok,1.0,1.0,1.0,-,-,0,0,0
CN26_510013129,ok,1.0,1.0,1.0,-,-,0,0,0
CN26_510013130,ok,1.0,1.0,1.0,-,-,0,0,0
CN26_510013133,ok,1.0,1.0,1.0,-,-,0,0,0
CN26_510013135,ok,1.0,1.0,1.0,-,-,1,0,0
CN26_510013136,ok,1.0,1.0,1.0,-,-,1,0,0
CN26_510013137,ok,1.0,1.0,1.0,-,-,1,0,0
CN26_510013138,ok,1.0,1.0,1.0,-,-,0,0,0
CN26_510013143,ok,1.0,1.0,1.0,-,-,1,0,0
CN26_510013145,ok,1.0,1.0,1.0,-,-,1,0,0
CN26_510013150,ok,1.0,1.0,1.0,-,-,1,0,0
CN26_510013152,ok,1.0,1.0,1.0,-,-,0,0,0
CN26_510013154,ok,1.0,1.0,1.0,-,-,0,0,0
CN26_510013155,ok,1.0,1.0,1.0,-,-,1,0,0
CN26_510013158,ok,1.0,1.0,1.0,-,-,1,0,0
CN26_510013160,ok,1.0,1.0,1.0,-,-,1,0,0
CN26_510013171,ok,1.0,1.0,1.0,-,-,1,0,0
CN26_510013312,ok,1.0,1.0,1.0,-,-,0,0,0
CN26_510013314,ok,1.0,1.0,1.0,-,-,0,0,0
CN26_510013327,ok,1.0,1.0,1.0,-,-,0,0,0
CN26_510013328,ok,1.0,1.0,1.0,-,-,0,0,0
CN26_510013329,ok,1.0,1.0,1.0,-,-,0,0,0
CN26_510013334,ok,1.0,1.0,1.0,-,-,2,0,0
CN26_510013335,ok,1.0,1.0,1.0,-,-,1,0,0
CN26_510013337,ok,1.0,1.0,1.0,-,-,0,0,0
CN26_510013342,ok,1.0,1.0,1.0,-,-,0,0,0
CN26_510013344,ok,1.0,1.0,1.0,-,-,0,0,0
CN26_510013362,ok,1.0,1.0,1.0,-,-,1,0,0
CN26_510014930,ok,0.0,1.0,0.0,R05,-,0,1,0
CN26_510014933,ok,1.0,0.0,0.0,-,R05,0,0,1
CN26_510014934,ok,1.0,1.0,1.0,-,-,0,0,0
CN26_510014939,ok,1.0,1.0,1.0,-,-,1,0,0
CN26_510014943,ok,0.0,1.0,0.0,R05,-,0,1,0
CN26_510014946,ok,1.0,1.0,1.0,-,-,0,0,0
CN26_510014954,ok,1.0,0.0,0.0,-,R05,0,0,1
CN26_510014955,ok,1.0,1.0,1.0,-,-,0,0,0
CN26_510014958,ok,1.0,1.0,1.0,-,-,0,0,0
CN26_510014965,ok,1.0,1.0,1.0,-,-,0,0,0
CN26_510014970,ok,0.0,0.0,0.0,R05,R09,0,1,1
CN26_510014973,ok,1.0,1.0,1.0,-,-,0,0,0
CN26_510014976,ok,1.0,1.0,1.0,-,-,1,0,0
CN26_510014977,ok,0.0,1.0,0.0,R05,-,0,1,0
CN26_510014982,ok,1.0,1.0,1.0,-,-,0,0,0
CN26_510014983,ok,1.0,0.0,0.0,-,"R05,R09",0,0,2
CN26_510014986,ok,1.0,1.0,1.0,-,-,0,0,0
CN26_510014994,ok,1.0,0.0,0.0,-,R05,0,0,1
CN26_510014996,ok,1.0,0.0,0.0,-,R05,0,0,1
CN26_510014999,ok,1.0,1.0,1.0,-,-,1,0,0
CN26_510015003,ok,1.0,0.0,0.0,-,R05,0,0,1
CN26_510015004,ok,0.0,1.0,0.0,R07,-,0,1,0
CN26_510015005,ok,1.0,1.0,1.0,-,-,1,0,0
CN26_510015006,ok,1.0,1.0,1.0,-,-,0,0,0
CN26_510015008,ok,1.0,1.0,1.0,-,-,0,0,0
CN26_510015016,ok,1.0,0.0,0.0,-,R05,0,0,1
CN26_510015022,ok,1.0,0.0,0.0,-,R05,0,0,1
CN26_510015028,ok,0.0,1.0,0.0,R05,-,0,1,0
CN26_510015029,ok,1.0,0.0,0.0,-,"R05,R09",0,0,2
CN26_510015042,ok,1.0,0.5,0.67,-,R09,1,0,1
CN26_510015051,ok,1.0,1.0,1.0,-,-,1,0,0
CN26_510015053,ok,0.0,1.0,0.0,R05,-,0,1,0
CN26_510015054,ok,1.0,0.0,0.0,-,R05,0,0,1
CN26_510015058,ok,1.0,1.0,1.0,-,-,0,0,0
CN26_510015060,ok,1.0,0.0,0.0,-,R09,0,0,1
CN26_510015074,ok,1.0,1.0,1.0,-,-,0,0,0
CN26_510015076,ok,1.0,1.0,1.0,-,-,1,0,0
CN26_510015080,ok,0.0,1.0,0.0,R05,-,0,1,0
CN26_510015098,ok,1.0,1.0,1.0,-,-,0,0,0
CN26_510015115,ok,1.0,1.0,1.0,-,-,1,0,0
CN26_510015116,ok,1.0,1.0,1.0,-,-,0,0,0
CN26_510015141,ok,1.0,0.0,0.0,-,R05,0,0,1
CN26_510015143,ok,1.0,1.0,1.0,-,-,0,0,0
CN26_510015153,ok,1.0,1.0,1.0,-,-,0,0,0
CN26_510015165,ok,1.0,1.0,1.0,-,-,1,0,0
CN26_510015169,ok,1.0,1.0,1.0,-,-,0,0,0
CN26_510015175,ok,1.0,1.0,1.0,-,-,1,0,0
CN26_510015177,ok,1.0,1.0,1.0,-,-,0,0,0
CN26_510015183,ok,1.0,1.0,1.0,-,-,1,0,0
CN26_510015187,ok,1.0,1.0,1.0,-,-,0,0,0
CN26_510015190,ok,1.0,0.0,0.0,-,R05,0,0,1
CN26_510015193,ok,1.0,1.0,1.0,-,-,0,0,0
CN26_510015196,ok,1.0,1.0,1.0,-,-,1,0,0
CN26_510015197,ok,1.0,1.0,1.0,-,-,0,0,0
CN26_510015198,ok,1.0,0.0,0.0,-,R05,0,0,1
CN26_510015201,ok,1.0,1.0,1.0,-,-,0,0,0
CN26_510015209,ok,1.0,1.0,1.0,-,-,0,0,0
CN26_510015211,ok,1.0,1.0,1.0,-,-,0,0,0
CN26_510015216,ok,1.0,1.0,1.0,-,-,1,0,0
CN26_510015217,ok,1.0,1.0,1.0,-,-,0,0,0
CN26_510015227,ok,1.0,1.0,1.0,-,-,0,0,0
CN26_510015232,ok,1.0,1.0,1.0,-,-,0,0,0
CN26_510015242,ok,1.0,1.0,1.0,-,-,0,0,0
CN26_510015246,ok,0.0,1.0,0.0,R05,-,0,1,0
CN26_510015247,ok,1.0,0.0,0.0,-,R05,0,0,1
CN26_510015259,ok,1.0,1.0,1.0,-,-,0,0,0
CN26_510015287,ok,0.0,1.0,0.0,R05,-,0,1,0
CN26_510016602,ok,1.0,1.0,1.0,-,-,0,0,0
CN26_510016627,ok,1.0,1.0,1.0,-,-,0,0,0
CN26_510016677,ok,1.0,1.0,1.0,-,-,1,0,0
CN26_510016706,ok,1.0,1.0,1.0,-,-,0,0,0
CN26_510016715,ok,1.0,1.0,1.0,-,-,0,0,0
CN26_510016764,ok,1.0,1.0,1.0,-,-,1,0,0
CN26_510016793,ok,1.0,1.0,1.0,-,-,1,0,0
CN26_510018790,ok,1.0,1.0,1.0,-,-,0,0,0
CN26_510018840,ok,1.0,1.0,1.0,-,-,0,0,0
CN26_510018862,ok,1.0,1.0,1.0,-,-,0,0,0
CN26_510018958,ok,1.0,1.0,1.0,-,-,1,0,0
CN26_510020828,ok,1.0,1.0,1.0,-,-,0,0,0
CN26_510020885,ok,1.0,1.0,1.0,-,-,1,0,0
CN26_510020958,ok,1.0,1.0,1.0,-,-,0,0,0
CN26_510021181,ok,1.0,1.0,1.0,-,-,0,0,0
CN26_510024183,ok,0.0,0.0,0.0,R07,R05,0,1,1
CN26_510024598,ok,1.0,1.0,1.0,-,-,0,0,0
CN26_510026071,ok,1.0,1.0,1.0,-,-,1,0,0
CN26_510026333,ok,1.0,1.0,1.0,-,-,0,0,0
CN26_510027929,ok,1.0,1.0,1.0,-,-,0,0,0
CN26_510028022,ok,1.0,1.0,1.0,-,-,0,0,0
CN26_510028281,ok,1.0,1.0,1.0,-,-,0,0,0
CN26_510029287,ok,1.0,1.0,1.0,-,-,0,0,0
CN26_510031223,ok,1.0,1.0,1.0,-,-,0,0,0
CN26_510031329,ok,1.0,1.0,1.0,-,-,0,0,0
CN26_510031338,ok,1.0,1.0,1.0,-,-,0,0,0
CN26_510031343,ok,1.0,1.0,1.0,-,-,0,0,0
CN26_510031350,ok,1.0,1.0,1.0,-,-,1,0,0
CN26_510031353,ok,1.0,1.0,1.0,-,-,0,0,0
CN26_510031376,ok,1.0,1.0,1.0,-,-,1,0,0
CN26_510031565,ok,1.0,1.0,1.0,-,-,0,0,0
CN26_510031570,ok,1.0,1.0,1.0,-,-,0,0,0
CN26_510031573,ok,1.0,1.0,1.0,-,-,0,0,0
CN26_510031599,ok,1.0,1.0,1.0,-,-,0,0,0
CN26_510031601,ok,1.0,1.0,1.0,-,-,0,0,0
CN26_510032867,ok,1.0,1.0,1.0,-,-,0,0,0
CN26_510032870,ok,1.0,1.0,1.0,-,-,0,0,0
CN26_510032872,ok,1.0,1.0,1.0,-,-,1,0,0
CN26_510032873,ok,1.0,1.0,1.0,-,-,1,0,0
CN26_510032874,ok,1.0,1.0,1.0,-,-,0,0,0
CN26_510032875,ok,1.0,1.0,1.0,-,-,1,0,0
CN26_510032876,ok,1.0,1.0,1.0,-,-,0,0,0
CN26_510032881,ok,1.0,1.0,1.0,-,-,0,0,0
CN26_510032887,ok,1.0,1.0,1.0,-,-,1,0,0
CN26_510032890,ok,1.0,1.0,1.0,-,-,0,0,0
CN26_510032891,ok,1.0,1.0,1.0,-,-,0,0,0
CN26_510032893,ok,1.0,1.0,1.0,-,-,0,0,0
CN26_510032896,ok,1.0,1.0,1.0,-,-,1,0,0
CN26_510032899,ok,1.0,1.0,1.0,-,-,0,0,0
CN26_510032903,ok,1.0,1.0,1.0,-,-,0,0,0
CN26_510032917,ok,1.0,1.0,1.0,-,-,0,0,0
CN26_510032943,ok,1.0,1.0,1.0,-,-,1,0,0
CN26_510032959,ok,1.0,1.0,1.0,-,-,0,0,0
CN26_510032981,ok,1.0,1.0,1.0,-,-,0,0,0
CN26_510032993,ok,1.0,1.0,1.0,-,-,0,0,0
CN26_510032998,ok,1.0,1.0,1.0,-,-,0,0,0
CN26_510033003,ok,1.0,1.0,1.0,-,-,1,0,0
CN26_510033005,ok,1.0,1.0,1.0,-,-,1,0,0
CN26_510033043,ok,1.0,1.0,1.0,-,-,0,0,0
CN26_510033050,ok,1.0,1.0,1.0,-,-,0,0,0
CN26_510033055,ok,1.0,1.0,1.0,-,-,0,0,0
CN26_510033057,ok,1.0,1.0,1.0,-,-,0,0,0
CN26_510033065,ok,1.0,1.0,1.0,-,-,0,0,0
CN26_510033083,ok,1.0,1.0,1.0,-,-,0,0,0
CN26_510033084,ok,1.0,1.0,1.0,-,-,0,0,0
CN26_510033085,ok,1.0,1.0,1.0,-,-,1,0,0
CN26_510033092,ok,1.0,1.0,1.0,-,-,1,0,0
CN26_510033099,ok,1.0,1.0,1.0,-,-,0,0,0
CN26_510033107,ok,1.0,1.0,1.0,-,-,1,0,0
CN26_510033126,ok,1.0,1.0,1.0,-,-,0,0,0
CN26_510033157,ok,1.0,1.0,1.0,-,-,0,0,0
CN26_510034297,ok,0.67,1.0,0.8,R06,-,2,1,0
CN26_510034835,ok,1.0,1.0,1.0,-,-,1,0,0
CN26_510034841,ok,1.0,1.0,1.0,-,-,1,0,0
CN26_510034845,ok,1.0,1.0,1.0,-,-,0,0,0
CN26_510034851,ok,1.0,1.0,1.0,-,-,0,0,0
CN26_510034856,ok,0.0,1.0,0.0,R05,-,0,1,0
CN26_510034858,ok,1.0,1.0,1.0,-,-,1,0,0
CN26_510034860,ok,1.0,1.0,1.0,-,-,0,0,0
CN26_510034866,ok,0.0,1.0,0.0,R05,-,0,1,0
CN26_510034868,ok,0.0,1.0,0.0,R05,-,0,1,0
CN26_510034870,ok,0.0,1.0,0.0,R05,-,0,1,0
CN26_510034871,ok,0.0,1.0,0.0,R05,-,0,1,0
CN26_510034873,ok,1.0,0.0,0.0,-,R05,0,0,1
CN26_510034876,ok,0.0,1.0,0.0,R05,-,0,1,0
CN26_510034879,ok,1.0,1.0,1.0,-,-,0,0,0
CN26_510034893,ok,0.0,1.0,0.0,R05,-,0,1,0
CN26_510034920,ok,0.0,1.0,0.0,R05,-,0,1,0
CN26_510034925,ok,1.0,1.0,1.0,-,-,0,0,0
CN26_510034941,ok,0.0,1.0,0.0,R05,-,0,1,0
CN26_510034950,ok,0.0,1.0,0.0,R05,-,0,1,0
CN26_510034951,ok,1.0,1.0,1.0,-,-,1,0,0
CN26_510034952,ok,0.0,1.0,0.0,R05,-,0,1,0
CN26_510034956,ok,1.0,1.0,1.0,-,-,0,0,0
CN26_510035002,ok,0.0,1.0,0.0,"R03,R04",-,0,2,0
CN26_510036768,ok,1.0,1.0,1.0,-,-,1,0,0
CN26_510036770,ok,1.0,1.0,1.0,-,-,1,0,0
CN26_510036773,ok,1.0,1.0,1.0,-,-,1,0,0
CN26_510036777,ok,1.0,1.0,1.0,-,-,1,0,0
CN26_510036784,ok,1.0,1.0,1.0,-,-,1,0,0
CN26_510036785,ok,1.0,1.0,1.0,-,-,1,0,0
CN26_510036786,ok,1.0,1.0,1.0,-,-,1,0,0
CN26_510036787,ok,1.0,1.0,1.0,-,-,0,0,0
CN26_510036788,ok,1.0,1.0,1.0,-,-,0,0,0
CN26_510036790,ok,1.0,1.0,1.0,-,-,0,0,0
CN26_510036795,ok,0.0,1.0,0.0,R05,-,0,1,0
CN26_510036796,ok,1.0,1.0,1.0,-,-,1,0,0
CN26_510036797,ok,1.0,1.0,1.0,-,-,1,0,0
CN26_510036800,ok,1.0,1.0,1.0,-,-,0,0,0
CN26_510036804,ok,1.0,1.0,1.0,-,-,0,0,0
CN26_510036805,ok,1.0,1.0,1.0,-,-,0,0,0
CN26_510036808,ok,1.0,1.0,1.0,-,-,1,0,0
CN26_510036813,ok,0.0,1.0,0.0,R05,-,0,1,0
CN26_510036815,ok,0.0,1.0,0.0,R05,-,0,1,0
CN26_510036816,ok,1.0,1.0,1.0,-,-,0,0,0
CN26_510036818,ok,1.0,1.0,1.0,-,-,0,0,0
CN26_510036821,ok,1.0,0.0,0.0,-,R05,0,0,1
CN26_510036825,ok,1.0,1.0,1.0,-,-,0,0,0
CN26_510036828,ok,1.0,1.0,1.0,-,-,1,0,0
CN26_510036829,ok,1.0,1.0,1.0,-,-,0,0,0
CN26_510036830,ok,1.0,1.0,1.0,-,-,1,0,0
CN26_510036831,ok,1.0,1.0,1.0,-,-,1,0,0
CN26_510036834,ok,1.0,1.0,1.0,-,-,0,0,0
CN26_510036837,ok,1.0,1.0,1.0,-,-,0,0,0
CN26_510036839,ok,1.0,1.0,1.0,-,-,1,0,0
CN26_510036841,ok,1.0,1.0,1.0,-,-,0,0,0
CN26_510036844,ok,1.0,1.0,1.0,-,-,0,0,0
CN26_510036849,ok,1.0,1.0,1.0,-,-,1,0,0
CN26_510036850,ok,1.0,1.0,1.0,-,-,0,0,0
CN26_510036864,ok,1.0,1.0,1.0,-,-,1,0,0
CN26_510036879,ok,1.0,1.0,1.0,-,-,0,0,0
CN26_510036886,ok,1.0,1.0,1.0,-,-,1,0,0
CN26_510036890,ok,1.0,1.0,1.0,-,-,1,0,0
CN26_510036896,ok,1.0,1.0,1.0,-,-,0,0,0
CN26_510036898,ok,1.0,1.0,1.0,-,-,0,0,0
CN26_510036901,ok,1.0,1.0,1.0,-,-,0,0,0
CN26_510036903,ok,1.0,1.0,1.0,-,-,1,0,0
CN26_510036904,ok,1.0,1.0,1.0,-,-,1,0,0
CN26_510036905,ok,1.0,1.0,1.0,-,-,0,0,0
CN26_510036906,ok,1.0,1.0,1.0,-,-,1,0,0
CN26_510036911,ok,1.0,1.0,1.0,-,-,0,0,0
CN26_510036915,ok,1.0,1.0,1.0,-,-,1,0,0
CN26_510036916,ok,1.0,1.0,1.0,-,-,0,0,0
CN26_510036918,ok,1.0,1.0,1.0,-,-,0,0,0
CN26_510036926,ok,1.0,1.0,1.0,-,-,1,0,0
CN26_510036928,ok,1.0,1.0,1.0,-,-,0,0,0
CN26_510036929,ok,1.0,1.0,1.0,-,-,0,0,0
CN26_510036930,ok,1.0,1.0,1.0,-,-,1,0,0
CN26_510036932,ok,1.0,1.0,1.0,-,-,1,0,0
CN26_510036934,ok,1.0,1.0,1.0,-,-,1,0,0
CN26_510036935,ok,1.0,1.0,1.0,-,-,0,0,0
CN26_510036941,ok,1.0,1.0,1.0,-,-,1,0,0
CN26_510036943,ok,1.0,1.0,1.0,-,-,0,0,0
CN26_510036945,ok,1.0,1.0,1.0,-,-,1,0,0
CN26_510036946,ok,1.0,1.0,1.0,-,-,0,0,0
CN26_510036953,ok,1.0,1.0,1.0,-,-,0,0,0
CN26_510036954,ok,1.0,1.0,1.0,-,-,0,0,0
CN26_510036955,ok,1.0,1.0,1.0,-,-,0,0,0
CN26_510036956,ok,1.0,1.0,1.0,-,-,0,0,0
CN26_510036960,ok,1.0,1.0,1.0,-,-,0,0,0
CN26_510036967,ok,1.0,1.0,1.0,-,-,0,0,0
CN26_510036978,ok,1.0,1.0,1.0,-,-,0,0,0
CN26_510036980,ok,1.0,1.0,1.0,-,-,0,0,0
CN26_510036986,ok,1.0,1.0,1.0,-,-,1,0,0
CN26_510036987,ok,1.0,1.0,1.0,-,-,1,0,0
CN26_510036994,ok,1.0,1.0,1.0,-,-,0,0,0
CN26_510036995,ok,1.0,1.0,1.0,-,-,0,0,0
CN26_510036997,ok,1.0,1.0,1.0,-,-,1,0,0
CN26_510037000,ok,1.0,1.0,1.0,-,-,0,0,0
CN26_510037002,ok,1.0,1.0,1.0,-,-,1,0,0
CN26_510037003,ok,1.0,1.0,1.0,-,-,0,0,0
CN26_510037006,ok,1.0,1.0,1.0,-,-,0,0,0
CN26_510037037,ok,1.0,1.0,1.0,-,-,0,0,0
CN26_510037043,ok,1.0,1.0,1.0,-,-,1,0,0
CN26_510037048,ok,1.0,1.0,1.0,-,-,1,0,0
CN26_510040750,ok,1.0,1.0,1.0,-,-,0,0,0
CN26_510040790,ok,1.0,1.0,1.0,-,-,1,0,0
CN26_510040830,ok,1.0,1.0,1.0,-,-,0,0,0
CN26_510040834,ok,1.0,1.0,1.0,-,-,0,0,0
CN26_510040888,ok,1.0,1.0,1.0,-,-,0,0,0
CN26_510040911,ok,1.0,1.0,1.0,-,-,0,0,0
CN26_510041111,ok,1.0,1.0,1.0,-,-,0,0,0
CN26_510042255,ok,1.0,1.0,1.0,-,-,0,0,0
CN26_510042259,ok,1.0,1.0,1.0,-,-,0,0,0
CN26_510042262,ok,1.0,1.0,1.0,-,-,0,0,0
CN26_510042264,ok,1.0,1.0,1.0,-,-,0,0,0
CN26_510042267,ok,1.0,1.0,1.0,-,-,0,0,0
CN26_510042268,ok,1.0,1.0,1.0,-,-,0,0,0
CN26_510042271,ok,1.0,1.0,1.0,-,-,0,0,0
CN26_510042273,ok,1.0,1.0,1.0,-,-,0,0,0
CN26_510042274,ok,1.0,1.0,1.0,-,-,0,0,0
CN26_510042275,ok,1.0,1.0,1.0,-,-,0,0,0
CN26_510042277,ok,1.0,1.0,1.0,-,-,0,0,0
CN26_510042283,ok,1.0,1.0,1.0,-,-,0,0,0
CN26_510042284,ok,1.0,1.0,1.0,-,-,0,0,0
CN26_510042286,ok,1.0,1.0,1.0,-,-,0,0,0
CN26_510042288,ok,1.0,1.0,1.0,-,-,0,0,0
CN26_510042289,ok,1.0,0.0,0.0,-,R05,0,0,1
CN26_510042294,ok,1.0,1.0,1.0,-,-,0,0,0
CN26_510042299,ok,1.0,1.0,1.0,-,-,0,0,0
CN26_510042300,ok,1.0,1.0,1.0,-,-,0,0,0
CN26_510042301,ok,1.0,1.0,1.0,-,-,0,0,0
CN26_510042302,ok,1.0,1.0,1.0,-,-,1,0,0
CN26_510042304,ok,1.0,1.0,1.0,-,-,0,0,0
CN26_510042313,ok,1.0,0.0,0.0,-,R05,0,0,1
CN26_510042342,ok,1.0,1.0,1.0,-,-,0,0,0
CN26_510042347,ok,1.0,1.0,1.0,-,-,1,0,0
CN26_510042357,ok,0.5,1.0,0.67,R04,-,1,1,0
CN26_510042361,ok,1.0,1.0,1.0,-,-,0,0,0
CN26_510042377,ok,1.0,1.0,1.0,-,-,1,0,0
CN26_510042384,ok,1.0,1.0,1.0,-,-,0,0,0
CN26_510042385,ok,1.0,1.0,1.0,-,-,0,0,0
CN26_510042393,ok,1.0,1.0,1.0,-,-,1,0,0
CN26_510042394,ok,1.0,1.0,1.0,-,-,0,0,0
CN26_510042395,ok,1.0,1.0,1.0,-,-,0,0,0
CN26_510042396,ok,1.0,1.0,1.0,-,-,0,0,0
CN26_510042398,ok,1.0,1.0,1.0,-,-,0,0,0
CN26_510042400,ok,1.0,1.0,1.0,-,-,1,0,0
CN26_510042406,ok,1.0,1.0,1.0,-,-,0,0,0
CN26_510042407,ok,1.0,1.0,1.0,-,-,1,0,0
CN26_510042413,ok,1.0,1.0,1.0,-,-,0,0,0
CN26_510042437,ok,1.0,1.0,1.0,-,-,0,0,0
CN26_510042448,ok,1.0,1.0,1.0,-,-,0,0,0
CN26_510042449,ok,1.0,1.0,1.0,-,-,0,0,0
CN26_510042453,ok,1.0,1.0,1.0,-,-,1,0,0
CN26_510042456,ok,1.0,1.0,1.0,-,-,0,0,0
CN26_510042461,ok,1.0,1.0,1.0,-,-,0,0,0
CN26_510042463,ok,1.0,1.0,1.0,-,-,1,0,0
CN26_510042464,ok,1.0,1.0,1.0,-,-,1,0,0
CN26_510042466,ok,1.0,1.0,1.0,-,-,1,0,0
CN26_510042469,ok,1.0,1.0,1.0,-,-,0,0,0
CN26_510042480,ok,1.0,1.0,1.0,-,-,1,0,0
CN26_510042482,ok,1.0,1.0,1.0,-,-,1,0,0
CN26_510042489,ok,1.0,1.0,1.0,-,-,0,0,0
CN26_510042499,ok,1.0,1.0,1.0,-,-,0,0,0
CN26_510042502,ok,1.0,1.0,1.0,-,-,1,0,0
CN26_510042506,ok,1.0,1.0,1.0,-,-,0,0,0
CN26_510042507,ok,1.0,1.0,1.0,-,-,0,0,0
CN26_510042512,ok,1.0,1.0,1.0,-,-,1,0,0
CN26_510042522,ok,1.0,1.0,1.0,-,-,0,0,0
CN26_510044036,ok,1.0,1.0,1.0,-,-,0,0,0
CN26_510044038,ok,1.0,1.0,1.0,-,-,1,0,0
CN26_510044040,ok,1.0,1.0,1.0,-,-,0,0,0
CN26_510044041,ok,1.0,0.0,0.0,-,R05,0,0,1
CN26_510045963,ok,1.0,1.0,1.0,-,-,1,0,0
CN26_510046068,ok,1.0,1.0,1.0,-,-,1,0,0
CN26_510046151,ok,0.0,1.0,0.0,R05,-,0,1,0
CN26_510046158,ok,1.0,1.0,1.0,-,-,0,0,0
CN26_510046161,ok,1.0,0.0,0.0,-,R05,0,0,1
CN26_510046164,ok,1.0,1.0,1.0,-,-,0,0,0
CN26_510046213,ok,1.0,1.0,1.0,-,-,0,0,0
CN26_510046220,ok,0.0,1.0,0.0,R05,-,0,1,0
CN26_510046230,ok,1.0,0.0,0.0,-,R05,0,0,1
CN26_510046557,ok,1.0,1.0,1.0,-,-,1,0,0
CN26_510047229,ok,0.0,1.0,0.0,R04,-,0,1,0
CN26_510047234,ok,1.0,1.0,1.0,-,-,1,0,0
CN26_510047245,ok,1.0,1.0,1.0,-,-,0,0,0
CN26_510047251,ok,1.0,1.0,1.0,-,-,0,0,0
CN26_510047263,ok,1.0,1.0,1.0,-,-,0,0,0
CN26_510047271,ok,1.0,1.0,1.0,-,-,0,0,0
CN26_510047288,ok,1.0,1.0,1.0,-,-,1,0,0
CN26_510047297,ok,1.0,1.0,1.0,-,-,0,0,0
CN26_510047316,ok,1.0,1.0,1.0,-,-,1,0,0
CN26_510047322,ok,1.0,1.0,1.0,-,-,0,0,0
CN26_510047325,ok,1.0,1.0,1.0,-,-,0,0,0
CN26_510047345,ok,1.0,1.0,1.0,-,-,0,0,0
CN26_510047393,ok,1.0,1.0,1.0,-,-,0,0,0
CN26_510047403,ok,1.0,1.0,1.0,-,-,1,0,0
CN26_510047412,ok,1.0,1.0,1.0,-,-,0,0,0
CN26_510047423,ok,1.0,1.0,1.0,-,-,1,0,0
CN26_510047440,ok,1.0,1.0,1.0,-,-,1,0,0
CN26_510047444,ok,1.0,1.0,1.0,-,-,0,0,0
CN26_510047446,ok,1.0,1.0,1.0,-,-,0,0,0
CN26_510047513,ok,1.0,1.0,1.0,-,-,0,0,0
CN26_510047517,ok,1.0,1.0,1.0,-,-,0,0,0
CN26_510047526,ok,1.0,1.0,1.0,-,-,1,0,0
CN26_510048957,ok,1.0,1.0,1.0,-,-,1,0,0
CN26_510048973,ok,1.0,0.0,0.0,-,R05,0,0,1
CN26_510048976,ok,1.0,1.0,1.0,-,-,0,0,0
CN26_510049040,ok,1.0,1.0,1.0,-,-,1,0,0
CN26_510049069,ok,1.0,1.0,1.0,-,-,0,0,0
CN26_510049182,ok,1.0,1.0,1.0,-,-,0,0,0
CN26_510049500,ok,1.0,1.0,1.0,-,-,1,0,0
CN26_510050628,ok,1.0,1.0,1.0,-,-,1,0,0
CN26_510050667,ok,1.0,1.0,1.0,-,-,0,0,0
CN26_510050690,ok,1.0,1.0,1.0,-,-,0,0,0
CN26_510050700,ok,1.0,1.0,1.0,-,-,0,0,0
CN26_510050707,ok,1.0,1.0,1.0,-,-,0,0,0
CN26_510050711,ok,1.0,1.0,1.0,-,-,0,0,0
CN26_510050754,ok,1.0,1.0,1.0,-,-,0,0,0
CN26_510050761,ok,1.0,1.0,1.0,-,-,1,0,0
CN26_510050780,ok,1.0,1.0,1.0,-,-,1,0,0
CN26_510050781,ok,1.0,1.0,1.0,-,-,0,0,0
CN26_510050786,ok,1.0,1.0,1.0,-,-,1,0,0
CN26_510050787,ok,1.0,1.0,1.0,-,-,0,0,0
CN26_510050816,ok,1.0,1.0,1.0,-,-,2,0,0
CN26_510050858,ok,1.0,1.0,1.0,-,-,1,0,0
CN26_510050877,ok,1.0,1.0,1.0,-,-,0,0,0
CN26_510050892,ok,1.0,1.0,1.0,-,-,0,0,0
CN26_510052567,ok,1.0,1.0,1.0,-,-,0,0,0
CN26_510052574,ok,1.0,1.0,1.0,-,-,0,0,0
CN26_510052577,ok,1.0,1.0,1.0,-,-,0,0,0
CN26_510052579,ok,1.0,1.0,1.0,-,-,1,0,0
CN26_510052584,ok,1.0,1.0,1.0,-,-,1,0,0
CN26_510052596,ok,1.0,1.0,1.0,-,-,1,0,0
CN26_510052606,ok,1.0,1.0,1.0,-,-,1,0,0
CN26_510052621,ok,1.0,1.0,1.0,-,-,1,0,0
CN26_510052629,ok,1.0,1.0,1.0,-,-,0,0,0
CN26_510052651,ok,1.0,1.0,1.0,-,-,0,0,0
CN26_510052670,ok,1.0,1.0,1.0,-,-,0,0,0
CN26_510052682,ok,1.0,1.0,1.0,-,-,0,0,0
CN26_510052754,ok,1.0,1.0,1.0,-,-,0,0,0
CN26_510054556,ok,1.0,1.0,1.0,-,-,0,0,0
CN26_510054573,ok,1.0,1.0,1.0,-,-,0,0,0
CN26_510054580,ok,1.0,1.0,1.0,-,-,0,0,0
CN26_510054584,ok,1.0,1.0,1.0,-,-,0,0,0
CN26_510054590,ok,1.0,1.0,1.0,-,-,1,0,0
CN26_510054609,ok,1.0,1.0,1.0,-,-,0,0,0
CN26_510054633,ok,1.0,1.0,1.0,-,-,0,0,0
CN26_510054654,ok,1.0,1.0,1.0,-,-,0,0,0
CN26_510054678,ok,1.0,1.0,1.0,-,-,0,0,0
CN26_510054688,ok,0.0,1.0,0.0,R05,-,0,1,0
CN26_510054715,ok,1.0,1.0,1.0,-,-,1,0,0
CN26_510054734,ok,1.0,1.0,1.0,-,-,1,0,0
CN26_510054744,ok,1.0,1.0,1.0,-,-,0,0,0
CN26_510054746,ok,1.0,1.0,1.0,-,-,0,0,0
CN26_510054753,ok,1.0,1.0,1.0,-,-,1,0,0
CN26_510054781,ok,1.0,1.0,1.0,-,-,1,0,0
CN26_5300000375,ok,1.0,1.0,1.0,-,-,0,0,0
CN26_5300000379,ok,1.0,1.0,1.0,-,-,0,0,0
CN26_5300000380,ok,1.0,1.0,1.0,-,-,0,0,0
CN26_5300000384,ok,1.0,1.0,1.0,-,-,0,0,0
CN2D_100000754,ok,1.0,1.0,1.0,-,-,2,0,0
CN2H_100000142,ok,1.0,1.0,1.0,-,-,2,0,0
CN2I_100000001,ok,1.0,1.0,1.0,-,-,4,0,0
CN2I_100000013,ok,1.0,1.0,1.0,-,-,3,0,0
CN2X_100000115,ok,1.0,1.0,1.0,-,-,1,0,0
CN2X_100000116,ok,1.0,1.0,1.0,-,-,1,0,0
CN2X_100000117,ok,1.0,1.0,1.0,-,-,1,0,0
CN2Y_100000044,ok,1.0,1.0,1.0,-,-,0,0,0
CN2Y_100000084,ok,1.0,1.0,1.0,-,-,0,0,0
CN2Y_100000132,ok,1.0,1.0,1.0,-,-,0,0,0
CN37_510000097,ok,1.0,1.0,1.0,-,-,0,0,0
CN37_510000098,ok,1.0,1.0,1.0,-,-,2,0,0
CN37_510000328,ok,1.0,1.0,1.0,-,-,0,0,0
CN37_510000453,ok,1.0,1.0,1.0,-,-,0,0,0
CN37_510000470,ok,1.0,1.0,1.0,-,-,3,0,0
CN37_510000471,ok,1.0,1.0,1.0,-,-,2,0,0
CN37_510001297,ok,1.0,1.0,1.0,-,-,1,0,0
CN37_610001183,ok,1.0,1.0,1.0,-,-,1,0,0
CN45_100005937,ok,1.0,1.0,1.0,-,-,2,0,0
CN45_100006252,ok,1.0,1.0,1.0,-,-,1,0,0
CN45_100006254,ok,1.0,1.0,1.0,-,-,1,0,0
CN45_100007067,ok,1.0,1.0,1.0,-,-,1,0,0
CN45_100009188,ok,1.0,1.0,1.0,-,-,1,0,0
CN45_100009447,ok,1.0,1.0,1.0,-,-,1,0,0
CN45_510000077,ok,1.0,1.0,1.0,-,-,1,0,0
CN45_510000078,ok,1.0,1.0,1.0,-,-,0,0,0
CN45_510000079,ok,1.0,1.0,1.0,-,-,1,0,0
CN45_510000103,ok,1.0,1.0,1.0,-,-,1,0,0
CN45_510000106,ok,1.0,1.0,1.0,-,-,0,0,0
CN45_510000107,ok,1.0,0.0,0.0,-,R05,0,0,1
CN45_510000417,ok,1.0,0.0,0.0,-,R05,0,0,1
CN45_510000457,ok,1.0,1.0,1.0,-,-,1,0,0
CN45_510000461,ok,1.0,1.0,1.0,-,-,1,0,0
CN45_510000465,ok,1.0,1.0,1.0,-,-,0,0,0
CN45_510000502,ok,1.0,1.0,1.0,-,-,0,0,0
CN45_510000627,ok,1.0,0.0,0.0,-,"R05,R07",0,0,2
CN45_510000688,ok,1.0,0.0,0.0,-,R05,0,0,1
CN45_510000697,ok,1.0,1.0,1.0,-,-,1,0,0
CN45_510000727,ok,1.0,1.0,1.0,-,-,1,0,0
CN45_510000792,ok,1.0,1.0,1.0,-,-,1,0,0
CN45_510000793,ok,1.0,1.0,1.0,-,-,1,0,0
CN45_510000795,ok,1.0,1.0,1.0,-,-,1,0,0
CN45_510000818,ok,1.0,1.0,1.0,-,-,0,0,0
CN45_510000820,ok,1.0,1.0,1.0,-,-,1,0,0
CN45_510000821,ok,1.0,1.0,1.0,-,-,1,0,0
CN45_510001080,ok,0.0,0.0,0.0,R05,R07,0,1,1
CN45_510001137,ok,1.0,1.0,1.0,-,-,1,0,0
CN45_510001164,ok,1.0,1.0,1.0,-,-,0,0,0
CN45_510001205,ok,1.0,1.0,1.0,-,-,0,0,0
CN45_510001239,ok,1.0,1.0,1.0,-,-,0,0,0
CN45_510001241,ok,1.0,1.0,1.0,-,-,0,0,0
CN45_510001242,ok,1.0,1.0,1.0,-,-,0,0,0
CN45_510001254,ok,0.5,1.0,0.67,R07,-,1,1,0
CN45_510001265,ok,1.0,1.0,1.0,-,-,1,0,0
CN45_510001293,ok,1.0,1.0,1.0,-,-,1,0,0
CN45_510001339,ok,1.0,1.0,1.0,-,-,1,0,0
CN45_510001387,ok,1.0,1.0,1.0,-,-,2,0,0
CN45_510001447,ok,1.0,1.0,1.0,-,-,3,0,0
CN45_510001453,ok,0.5,1.0,0.67,R07,-,1,1,0
CN45_510001902,ok,1.0,1.0,1.0,-,-,0,0,0
CN45_510001906,ok,1.0,1.0,1.0,-,-,0,0,0
CN45_510001909,ok,1.0,1.0,1.0,-,-,2,0,0
CN45_510001918,ok,1.0,1.0,1.0,-,-,0,0,0
CN45_510001935,ok,1.0,1.0,1.0,-,-,0,0,0
CN45_510002031,ok,1.0,1.0,1.0,-,-,0,0,0
CN45_510002036,ok,1.0,1.0,1.0,-,-,1,0,0
CN45_510002071,ok,1.0,1.0,1.0,-,-,0,0,0
CN45_510002075,ok,1.0,1.0,1.0,-,-,1,0,0
CN45_510002084,ok,1.0,1.0,1.0,-,-,1,0,0
CN45_510002093,ok,0.0,1.0,0.0,R05,-,0,1,0
CN45_510002206,ok,1.0,1.0,1.0,-,-,1,0,0
CN45_510002215,ok,1.0,1.0,1.0,-,-,3,0,0
CN45_510002220,ok,1.0,1.0,1.0,-,-,3,0,0
CN45_510002221,ok,1.0,1.0,1.0,-,-,0,0,0
CN45_510002226,ok,1.0,1.0,1.0,-,-,0,0,0
CN45_510002990,ok,1.0,1.0,1.0,-,-,1,0,0
CN45_510003010,ok,1.0,0.0,0.0,-,R05,0,0,1
CN45_510003299,ok,1.0,1.0,1.0,-,-,0,0,0
CN45_510003410,ok,1.0,1.0,1.0,-,-,0,0,0
CN45_510003414,ok,1.0,1.0,1.0,-,-,1,0,0
CN45_510003418,ok,1.0,1.0,1.0,-,-,1,0,0
CN45_510003422,ok,1.0,1.0,1.0,-,-,1,0,0
CN45_510003432,ok,1.0,1.0,1.0,-,-,0,0,0
CN45_510003463,ok,1.0,0.0,0.0,-,R05,0,0,1
CN45_510003540,ok,0.0,1.0,0.0,R05,-,0,1,0
CN45_510003541,ok,1.0,1.0,1.0,-,-,0,0,0
CN45_510003543,ok,1.0,1.0,1.0,-,-,0,0,0
CN45_510003545,ok,1.0,1.0,1.0,-,-,0,0,0
CN45_510004037,ok,1.0,1.0,1.0,-,-,1,0,0
CN45_510004043,ok,0.0,1.0,0.0,R12,-,0,1,0
CN45_510004147,ok,1.0,1.0,1.0,-,-,1,0,0
CN45_510004205,ok,1.0,1.0,1.0,-,-,1,0,0
CN45_510004372,ok,1.0,1.0,1.0,-,-,1,0,0
CN45_510004573,ok,1.0,1.0,1.0,-,-,0,0,0
CN45_510004773,ok,1.0,1.0,1.0,-,-,1,0,0
CN45_510004774,ok,1.0,1.0,1.0,-,-,1,0,0
CN45_510004978,ok,1.0,1.0,1.0,-,-,3,0,0
CN45_510004985,ok,1.0,1.0,1.0,-,-,1,0,0
CN45_510004987,ok,0.0,1.0,0.0,R05,-,0,1,0
CN45_510005084,ok,1.0,1.0,1.0,-,-,1,0,0
CN45_510005126,ok,1.0,1.0,1.0,-,-,1,0,0
CN45_510005369,ok,0.0,0.0,0.0,R07,R05,0,1,1
CN45_510005438,ok,1.0,1.0,1.0,-,-,1,0,0
CN45_510005441,ok,1.0,1.0,1.0,-,-,1,0,0
CN45_510005449,ok,1.0,1.0,1.0,-,-,1,0,0
CN45_510005588,ok,1.0,0.0,0.0,-,R05,0,0,1
CN45_510005794,ok,1.0,1.0,1.0,-,-,1,0,0
CN45_510005796,ok,1.0,1.0,1.0,-,-,1,0,0
CN45_510005825,ok,1.0,1.0,1.0,-,-,1,0,0
CN45_510005884,ok,1.0,1.0,1.0,-,-,1,0,0
CN45_510005936,ok,0.0,0.0,0.0,R05,"R02,R12",0,1,2
CN45_510005937,ok,0.0,0.0,0.0,R05,"R02,R12",0,1,2
CN45_510005959,ok,1.0,1.0,1.0,-,-,1,0,0
CN45_510005960,ok,1.0,1.0,1.0,-,-,1,0,0
CN45_510005961,ok,1.0,1.0,1.0,-,-,0,0,0
CN45_510005962,ok,1.0,1.0,1.0,-,-,2,0,0
CN45_510005966,ok,1.0,1.0,1.0,-,-,2,0,0
CN45_510005967,ok,1.0,1.0,1.0,-,-,1,0,0
CN45_510005970,ok,1.0,1.0,1.0,-,-,1,0,0
CN45_510005971,ok,1.0,1.0,1.0,-,-,1,0,0
CN45_510006170,ok,0.0,1.0,0.0,R12,-,0,1,0
CN45_510006599,ok,0.0,1.0,0.0,R12,-,0,1,0
CN45_510006687,ok,1.0,1.0,1.0,-,-,1,0,0
CN45_510006842,ok,1.0,0.0,0.0,-,R07,0,0,1
CN51_510001982,ok,1.0,1.0,1.0,-,-,1,0,0
CN51_510002038,ok,1.0,1.0,1.0,-,-,1,0,0
CN51_610003693,ok,1.0,1.0,1.0,-,-,1,0,0
CN52_510000072,ok,1.0,1.0,1.0,-,-,0,0,0
CN52_510000073,ok,1.0,1.0,1.0,-,-,0,0,0
CN52_510000075,ok,1.0,1.0,1.0,-,-,1,0,0
CN52_510000076,ok,1.0,1.0,1.0,-,-,0,0,0
CN52_510000080,ok,1.0,1.0,1.0,-,-,0,0,0
CN52_510000087,ok,1.0,1.0,1.0,-,-,1,0,0
CN52_510000090,ok,1.0,1.0,1.0,-,-,1,0,0
CN52_510000092,ok,1.0,1.0,1.0,-,-,0,0,0
CN52_510000121,ok,1.0,1.0,1.0,-,-,0,0,0
CN52_510000198,ok,1.0,1.0,1.0,-,-,0,0,0
CN52_510000200,ok,1.0,1.0,1.0,-,-,0,0,0
CN52_510000202,ok,1.0,1.0,1.0,-,-,0,0,0
CN52_510000212,ok,1.0,1.0,1.0,-,-,0,0,0
CN52_510000215,ok,1.0,1.0,1.0,-,-,3,0,0
CN52_510000217,ok,1.0,1.0,1.0,-,-,0,0,0
CN52_510000218,ok,1.0,1.0,1.0,-,-,0,0,0
CN52_510000219,ok,1.0,1.0,1.0,-,-,0,0,0
CN52_510000223,ok,1.0,1.0,1.0,-,-,0,0,0
CN52_510000224,ok,1.0,1.0,1.0,-,-,0,0,0
CN52_510000331,ok,1.0,1.0,1.0,-,-,2,0,0
CN52_510000332,ok,1.0,1.0,1.0,-,-,0,0,0
CN52_510000335,ok,1.0,1.0,1.0,-,-,0,0,0
CN52_510000343,ok,1.0,1.0,1.0,-,-,0,0,0
CN52_510000350,ok,1.0,1.0,1.0,-,-,0,0,0
CN52_510000359,ok,1.0,1.0,1.0,-,-,1,0,0
CN52_510000524,ok,1.0,1.0,1.0,-,-,0,0,0
CN52_510000526,ok,1.0,1.0,1.0,-,-,0,0,0
CN52_510000527,ok,1.0,0.0,0.0,-,R07,0,0,1
CN52_510000528,ok,0.0,1.0,0.0,R05,-,0,1,0
CN52_510000529,ok,0.0,1.0,0.0,R05,-,0,1,0
CN52_510000530,ok,1.0,0.0,0.0,-,R05,0,0,1
CN52_510000665,ok,1.0,1.0,1.0,-,-,0,0,0
CN52_510000666,ok,1.0,1.0,1.0,-,-,0,0,0
CN52_510000668,ok,1.0,1.0,1.0,-,-,1,0,0
CN52_510000674,ok,1.0,1.0,1.0,-,-,0,0,0
CN52_510000837,ok,1.0,1.0,1.0,-,-,1,0,0
CN52_510000839,ok,1.0,1.0,1.0,-,-,0,0,0
CN52_510000840,ok,1.0,1.0,1.0,-,-,0,0,0
CN52_510001075,ok,1.0,1.0,1.0,-,-,0,0,0
CN52_510001198,ok,1.0,0.0,0.0,-,R05,0,0,1
CN52_510001201,ok,1.0,1.0,1.0,-,-,0,0,0
CN52_510001202,ok,1.0,1.0,1.0,-,-,0,0,0
CN52_510001430,ok,1.0,1.0,1.0,-,-,0,0,0
CN52_510001431,ok,1.0,1.0,1.0,-,-,0,0,0
CN52_510001433,ok,1.0,1.0,1.0,-,-,0,0,0
CN52_510001434,ok,1.0,1.0,1.0,-,-,0,0,0
CN52_510001435,ok,1.0,1.0,1.0,-,-,0,0,0
CN52_510001436,ok,1.0,1.0,1.0,-,-,0,0,0
CN52_510001439,ok,1.0,1.0,1.0,-,-,0,0,0
CN52_510001440,ok,1.0,1.0,1.0,-,-,0,0,0
CN52_510001441,ok,1.0,1.0,1.0,-,-,0,0,0
CN52_510001443,ok,1.0,1.0,1.0,-,-,0,0,0
CN52_510001444,ok,1.0,1.0,1.0,-,-,0,0,0
CN52_510001445,ok,1.0,1.0,1.0,-,-,0,0,0
CN52_510001447,ok,1.0,1.0,1.0,-,-,0,0,0
CN52_510001449,ok,1.0,1.0,1.0,-,-,0,0,0
CN52_510001451,ok,1.0,1.0,1.0,-,-,0,0,0
CN52_510001453,ok,1.0,1.0,1.0,-,-,0,0,0
CN52_510001455,ok,1.0,1.0,1.0,-,-,0,0,0
CN52_510001456,ok,1.0,1.0,1.0,-,-,0,0,0
CN52_510001457,ok,1.0,1.0,1.0,-,-,0,0,0
CN52_510001458,ok,1.0,1.0,1.0,-,-,0,0,0
CN52_510002275,ok,1.0,1.0,1.0,-,-,1,0,0
CN52_510002318,ok,1.0,1.0,1.0,-,-,2,0,0
CN52_510002364,ok,1.0,1.0,1.0,-,-,1,0,0
CN52_510002630,ok,1.0,1.0,1.0,-,-,0,0,0
CN52_510002631,ok,1.0,1.0,1.0,-,-,1,0,0
CN52_510002635,ok,1.0,1.0,1.0,-,-,1,0,0
CN52_510002637,ok,1.0,1.0,1.0,-,-,1,0,0
CN52_510003371,ok,1.0,0.0,0.0,-,"R05,R07,R15",0,0,3
CN52_510003377,ok,1.0,1.0,1.0,-,-,0,0,0
CN52_5300000002,ok,1.0,0.0,0.0,-,"R05,R06,R07",0,0,3
CN52_5300000104,ok,1.0,0.33,0.5,-,"R05,R15",1,0,2
CN52_5300000108,ok,1.0,0.33,0.5,-,"R05,R15",1,0,2
CN52_5300000109,ok,1.0,0.33,0.5,-,"R05,R15",1,0,2
CN52_5300000112,ok,1.0,0.33,0.5,-,"R05,R15",1,0,2
CN52_5300000213,ok,1.0,0.0,0.0,-,"R06,R15",0,0,2
CN52_5300000241,ok,1.0,1.0,1.0,-,-,0,0,0
CN52_5300000252,ok,1.0,1.0,1.0,-,-,0,0,0
CN52_5300000253,ok,1.0,1.0,1.0,-,-,0,0,0
CN52_5300000358,ok,1.0,1.0,1.0,-,-,1,0,0
CN52_5300000366,ok,1.0,1.0,1.0,-,-,0,0,0
CN52_5300000379,ok,1.0,1.0,1.0,-,-,0,0,0
CN52_5300000380,ok,1.0,1.0,1.0,-,-,0,0,0
CN52_5300000607,ok,1.0,1.0,1.0,-,-,1,0,0
CN52_5300000609,ok,1.0,1.0,1.0,-,-,1,0,0
CN52_5300000614,ok,1.0,1.0,1.0,-,-,1,0,0
CN52_5300000617,ok,1.0,1.0,1.0,-,-,1,0,0
CN52_5300000618,ok,1.0,1.0,1.0,-,-,1,0,0
CN52_5300000620,ok,1.0,1.0,1.0,-,-,1,0,0
CN52_5300000622,ok,1.0,1.0,1.0,-,-,1,0,0
CN52_5300000624,ok,1.0,1.0,1.0,-,-,1,0,0
CN52_5300000627,ok,1.0,1.0,1.0,-,-,1,0,0
CN52_5300000628,ok,1.0,1.0,1.0,-,-,1,0,0
CN52_5300000630,ok,1.0,1.0,1.0,-,-,1,0,0
CN52_5300000640,ok,1.0,1.0,1.0,-,-,1,0,0
CN52_5300000641,ok,1.0,1.0,1.0,-,-,0,0,0
CN52_5300000642,ok,1.0,1.0,1.0,-,-,1,0,0
CN52_5300000643,ok,1.0,1.0,1.0,-,-,1,0,0
CN52_5300000644,ok,1.0,1.0,1.0,-,-,0,0,0
CN52_5300000648,ok,1.0,1.0,1.0,-,-,0,0,0
CN52_5300000649,ok,1.0,1.0,1.0,-,-,0,0,0
CN52_5300000767,ok,1.0,1.0,1.0,-,-,0,0,0
CN52_5300000786,ok,1.0,1.0,1.0,-,-,0,0,0
CN52_5300000796,ok,1.0,1.0,1.0,-,-,0,0,0
CN52_5300000797,ok,1.0,1.0,1.0,-,-,0,0,0
CN52_5300000799,ok,1.0,1.0,1.0,-,-,0,0,0
CN52_5300000800,ok,1.0,1.0,1.0,-,-,0,0,0
CN52_5300000874,ok,1.0,1.0,1.0,-,-,0,0,0
CN52_5300000875,ok,1.0,0.0,0.0,-,R05,0,0,1
CN52_5300000882,ok,1.0,1.0,1.0,-,-,0,0,0
CN52_5300000883,ok,1.0,1.0,1.0,-,-,0,0,0
CN52_5300000893,ok,1.0,1.0,1.0,-,-,0,0,0
CN52_5300000894,ok,1.0,1.0,1.0,-,-,0,0,0
CN52_5300000895,ok,1.0,1.0,1.0,-,-,0,0,0
CN52_5300000897,ok,1.0,1.0,1.0,-,-,0,0,0
CN52_5300000900,ok,1.0,1.0,1.0,-,-,0,0,0
CN52_5300000901,ok,1.0,1.0,1.0,-,-,0,0,0
CN52_5300000902,ok,1.0,1.0,1.0,-,-,0,0,0
CN52_5300000907,ok,1.0,1.0,1.0,-,-,1,0,0
CN56_510000290,ok,1.0,1.0,1.0,-,-,4,0,0
CN56_510000291,ok,1.0,1.0,1.0,-,-,4,0,0
CN56_510000292,ok,1.0,1.0,1.0,-,-,2,0,0
CN56_510000293,ok,1.0,1.0,1.0,-,-,2,0,0
CN56_510000294,ok,1.0,1.0,1.0,-,-,3,0,0
CN56_510000466,ok,1.0,1.0,1.0,-,-,2,0,0
CN56_510000467,ok,1.0,1.0,1.0,-,-,2,0,0
CN56_510001289,ok,1.0,1.0,1.0,-,-,3,0,0
CN56_510001290,ok,1.0,1.0,1.0,-,-,1,0,0
CN56_510001458,ok,1.0,1.0,1.0,-,-,1,0,0
CN56_510002461,ok,1.0,1.0,1.0,-,-,1,0,0
CN56_510002806,ok,1.0,1.0,1.0,-,-,2,0,0
CN56_510003199,ok,1.0,1.0,1.0,-,-,4,0,0
CN56_510003200,ok,1.0,1.0,1.0,-,-,4,0,0
CN56_510003201,ok,1.0,1.0,1.0,-,-,4,0,0
CN56_510003657,ok,1.0,1.0,1.0,-,-,3,0,0
CN56_510003658,ok,1.0,1.0,1.0,-,-,2,0,0
CN56_510004761,ok,1.0,1.0,1.0,-,-,1,0,0
CN56_510004762,ok,1.0,1.0,1.0,-,-,3,0,0
CN60_510000003,ok,1.0,1.0,1.0,-,-,2,0,0
CN65_100000098,ok,1.0,1.0,1.0,-,-,1,0,0
CN65_100000366,ok,1.0,1.0,1.0,-,-,1,0,0
CN79_100000233,ok,1.0,1.0,1.0,-,-,0,0,0
CN79_100000410,ok,1.0,1.0,1.0,-,-,1,0,0
CN84_100000334,ok,1.0,1.0,1.0,-,-,2,0,0
CN84_100000933,ok,1.0,1.0,1.0,-,-,1,0,0
CN84_510000024,ok,0.0,0.0,0.0,R05,R12,0,1,1
CN86_100000148,ok,1.0,1.0,1.0,-,-,0,0,0
CO11_5100008460,ok,1.0,1.0,1.0,-,-,1,0,0
CO11_5100022143,ok,1.0,1.0,1.0,-,-,0,0,0
CO11_5100039007,ok,1.0,1.0,1.0,-,-,0,0,0
CO11_6100000067,ok,1.0,1.0,1.0,-,-,1,0,0
CO11_6100000068,ok,1.0,1.0,1.0,-,-,1,0,0
CO11_6100000069,ok,1.0,1.0,1.0,-,-,1,0,0
CO11_6100008755,ok,1.0,1.0,1.0,-,-,1,0,0
CO11_6100011604,ok,1.0,1.0,1.0,-,-,1,0,0
CO11_6100011605,ok,1.0,1.0,1.0,-,-,1,0,0
CO11_6100011606,ok,1.0,1.0,1.0,-,-,1,0,0
CO11_6100011610,ok,1.0,1.0,1.0,-,-,1,0,0
CO11_6100057285,ok,1.0,1.0,1.0,-,-,1,0,0
CO11_6100057303,ok,1.0,1.0,1.0,-,-,1,0,0
CO11_6100057304,ok,1.0,1.0,1.0,-,-,1,0,0
CO13_5100003247,ok,1.0,1.0,1.0,-,-,0,0,0
CO17_5100001641,ok,1.0,1.0,1.0,-,-,0,0,0
CO17_5100001648,ok,1.0,1.0,1.0,-,-,0,0,0
CO17_5100001650,ok,1.0,1.0,1.0,-,-,0,0,0
CR10_5100000177,ok,1.0,1.0,1.0,-,-,1,0,0
CR10_5100001922,ok,1.0,1.0,1.0,-,-,1,0,0
CR10_5100002676,ok,1.0,0.0,0.0,-,"R13,R16",0,0,2
CR10_5100008594,ok,1.0,1.0,1.0,-,-,1,0,0
CR10_5100011625,ok,1.0,1.0,1.0,-,-,2,0,0
CZ11_510000074,ok,1.0,1.0,1.0,-,-,0,0,0
CZ11_510000112,ok,1.0,1.0,1.0,-,-,0,0,0
CZ11_510000371,ok,1.0,1.0,1.0,-,-,1,0,0
CZ11_510000407,ok,1.0,1.0,1.0,-,-,0,0,0
CZ11_510000462,ok,1.0,1.0,1.0,-,-,1,0,0
CZ11_510000676,ok,1.0,1.0,1.0,-,-,0,0,0
CZ11_510000677,ok,1.0,1.0,1.0,-,-,0,0,0
CZ11_510000931,ok,1.0,1.0,1.0,-,-,1,0,0
CZ11_510001026,ok,1.0,1.0,1.0,-,-,1,0,0
CZ11_510001027,ok,1.0,1.0,1.0,-,-,1,0,0
CZ11_510001033,ok,1.0,1.0,1.0,-,-,1,0,0
CZ11_510001034,ok,1.0,1.0,1.0,-,-,0,0,0
CZ11_510001061,ok,1.0,1.0,1.0,-,-,0,0,0
CZ11_510001066,ok,1.0,1.0,1.0,-,-,0,0,0
CZ11_510001078,ok,1.0,1.0,1.0,-,-,0,0,0
CZ11_510001080,ok,1.0,1.0,1.0,-,-,0,0,0
CZ11_510001134,ok,1.0,1.0,1.0,-,-,0,0,0
CZ11_510001170,ok,1.0,1.0,1.0,-,-,0,0,0
CZ11_510001269,ok,1.0,1.0,1.0,-,-,0,0,0
CZ11_510001292,ok,1.0,1.0,1.0,-,-,0,0,0
CZ11_510001559,ok,1.0,1.0,1.0,-,-,0,0,0
CZ11_510001578,ok,1.0,1.0,1.0,-,-,0,0,0
CZ11_510001596,ok,1.0,1.0,1.0,-,-,1,0,0
CZ11_510001610,ok,1.0,1.0,1.0,-,-,1,0,0
CZ11_510001675,ok,1.0,1.0,1.0,-,-,3,0,0
CZ11_510001873,ok,1.0,1.0,1.0,-,-,0,0,0
CZ11_510001896,ok,1.0,1.0,1.0,-,-,0,0,0
CZ11_510001915,ok,1.0,1.0,1.0,-,-,1,0,0
CZ11_510001974,ok,1.0,1.0,1.0,-,-,1,0,0
CZ11_510001977,ok,1.0,1.0,1.0,-,-,1,0,0
CZ11_510001986,ok,1.0,1.0,1.0,-,-,1,0,0
CZ11_510001988,ok,1.0,1.0,1.0,-,-,1,0,0
CZ11_510001994,ok,1.0,1.0,1.0,-,-,0,0,0
CZ11_510002146,ok,1.0,1.0,1.0,-,-,0,0,0
CZ11_510002148,ok,1.0,1.0,1.0,-,-,0,0,0
CZ11_510002167,ok,1.0,1.0,1.0,-,-,0,0,0
CZ11_510002170,ok,1.0,1.0,1.0,-,-,0,0,0
CZ11_510002364,ok,1.0,1.0,1.0,-,-,1,0,0
CZ11_510003865,ok,1.0,1.0,1.0,-,-,0,0,0
CZ11_510003873,ok,1.0,1.0,1.0,-,-,1,0,0
CZ11_510005291,ok,1.0,1.0,1.0,-,-,0,0,0
CZ11_510005362,ok,1.0,1.0,1.0,-,-,0,0,0
CZ11_510005529,ok,1.0,1.0,1.0,-,-,0,0,0
CZ11_510006271,ok,1.0,1.0,1.0,-,-,0,0,0
CZ11_510009026,ok,1.0,1.0,1.0,-,-,2,0,0
CZ11_510009027,ok,1.0,1.0,1.0,-,-,2,0,0
CZ11_510009458,ok,1.0,1.0,1.0,-,-,1,0,0
CZ11_510010819,ok,1.0,1.0,1.0,-,-,0,0,0
CZ11_510011048,ok,1.0,1.0,1.0,-,-,0,0,0
CZ11_510011131,ok,1.0,1.0,1.0,-,-,0,0,0
CZ11_510011296,ok,1.0,1.0,1.0,-,-,0,0,0
CZ11_510011309,ok,1.0,1.0,1.0,-,-,1,0,0
CZ11_510011376,ok,1.0,1.0,1.0,-,-,0,0,0
CZ11_510011396,ok,1.0,1.0,1.0,-,-,0,0,0
CZ11_510011728,ok,0.0,0.0,0.0,R05,R12,0,1,1
CZ11_510012232,ok,1.0,0.0,0.0,-,"R04,R15",0,0,2
CZ11_510012319,ok,1.0,1.0,1.0,-,-,0,0,0
CZ11_510012586,ok,1.0,1.0,1.0,-,-,1,0,0
CZ11_510013075,ok,1.0,1.0,1.0,-,-,1,0,0
CZ11_510014368,ok,1.0,1.0,1.0,-,-,0,0,0
CZ11_510014799,ok,1.0,1.0,1.0,-,-,0,0,0
CZ11_510016215,ok,1.0,1.0,1.0,-,-,0,0,0
CZ11_510017079,ok,1.0,1.0,1.0,-,-,2,0,0
CZ11_510017201,ok,1.0,1.0,1.0,-,-,1,0,0
CZ11_510018009,ok,1.0,1.0,1.0,-,-,0,0,0
CZ11_510018765,ok,1.0,0.0,0.0,-,R05,0,0,1
CZ11_510019813,ok,1.0,1.0,1.0,-,-,0,0,0
CZ11_510019819,ok,1.0,1.0,1.0,-,-,0,0,0
CZ11_510019964,ok,1.0,1.0,1.0,-,-,0,0,0
CZ11_510019966,ok,1.0,1.0,1.0,-,-,0,0,0
CZ11_510020958,ok,1.0,1.0,1.0,-,-,0,0,0
CZ11_510021180,ok,1.0,1.0,1.0,-,-,0,0,0
CZ11_510021971,ok,1.0,1.0,1.0,-,-,0,0,0
CZ11_510022044,ok,1.0,1.0,1.0,-,-,1,0,0
CZ11_510022054,ok,1.0,1.0,1.0,-,-,0,0,0
CZ11_510022055,ok,1.0,1.0,1.0,-,-,0,0,0
CZ11_510022056,ok,1.0,1.0,1.0,-,-,0,0,0
CZ11_510022122,ok,1.0,1.0,1.0,-,-,1,0,0
CZ11_510022142,ok,1.0,1.0,1.0,-,-,0,0,0
CZ11_510022171,ok,1.0,1.0,1.0,-,-,0,0,0
CZ11_510022176,ok,1.0,1.0,1.0,-,-,0,0,0
CZ11_510022177,ok,1.0,1.0,1.0,-,-,0,0,0
CZ11_510022275,ok,1.0,1.0,1.0,-,-,0,0,0
CZ11_510022276,ok,1.0,1.0,1.0,-,-,1,0,0
CZ11_510022280,ok,1.0,1.0,1.0,-,-,0,0,0
CZ11_510022477,ok,0.0,1.0,0.0,R05,-,0,1,0
CZ11_510022478,ok,1.0,1.0,1.0,-,-,0,0,0
CZ11_510022484,ok,1.0,1.0,1.0,-,-,0,0,0
CZ11_510022489,ok,1.0,1.0,1.0,-,-,1,0,0
CZ11_510022547,ok,1.0,1.0,1.0,-,-,0,0,0
CZ11_510023012,ok,1.0,1.0,1.0,-,-,1,0,0
CZ11_520000582,ok,1.0,1.0,1.0,-,-,3,0,0
CZ11_520001599,ok,0.0,0.0,0.0,R05,"R13,R16",0,1,2
DE10_510000020,ok,1.0,1.0,1.0,-,-,3,0,0
DE10_510000122,ok,1.0,1.0,1.0,-,-,1,0,0
DE10_510000424,ok,1.0,1.0,1.0,-,-,2,0,0
DE10_510001263,ok,1.0,1.0,1.0,-,-,1,0,0
DE13_100000000,ok,1.0,1.0,1.0,-,-,0,0,0
DE13_100000016,ok,0.0,1.0,0.0,"R04,R13,R16",-,0,3,0
DE13_100000534,ok,1.0,1.0,1.0,-,-,0,0,0
DE13_100001103,ok,1.0,1.0,1.0,-,-,0,0,0
DE13_100001683,ok,1.0,1.0,1.0,-,-,1,0,0
DE13_100001813,ok,1.0,1.0,1.0,-,-,0,0,0
DE13_100003856,ok,1.0,1.0,1.0,-,-,0,0,0
DE13_100004371,ok,1.0,1.0,1.0,-,-,0,0,0
DE13_100004514,ok,1.0,1.0,1.0,-,-,0,0,0
DE13_100006171,ok,1.0,1.0,1.0,-,-,0,0,0
DE13_100009308,ok,1.0,1.0,1.0,-,-,0,0,0
DE13_100026872,ok,1.0,1.0,1.0,-,-,0,0,0
DE13_100026878,ok,1.0,1.0,1.0,-,-,0,0,0
DE13_100026885,ok,1.0,1.0,1.0,-,-,0,0,0
DE13_100033592,ok,1.0,1.0,1.0,-,-,1,0,0
DE13_100034657,ok,1.0,1.0,1.0,-,-,0,0,0
DE13_100034669,ok,1.0,1.0,1.0,-,-,2,0,0
DE13_100034931,ok,1.0,1.0,1.0,-,-,1,0,0
DE13_100035027,ok,1.0,1.0,1.0,-,-,1,0,0
DE13_100036969,ok,1.0,1.0,1.0,-,-,0,0,0
DE13_100036975,ok,1.0,1.0,1.0,-,-,0,0,0
DE13_100036976,ok,1.0,1.0,1.0,-,-,0,0,0
DE13_100036978,ok,1.0,1.0,1.0,-,-,0,0,0
DE13_100041495,ok,0.0,0.0,0.0,R07,R05,0,1,1
DE13_100044624,ok,1.0,1.0,1.0,-,-,0,0,0
DE13_100044625,ok,1.0,1.0,1.0,-,-,0,0,0
DE13_100050751,ok,1.0,1.0,1.0,-,-,1,0,0
DE13_100050948,ok,1.0,1.0,1.0,-,-,1,0,0
DE13_100053839,ok,1.0,1.0,1.0,-,-,0,0,0
DE13_100054169,ok,1.0,1.0,1.0,-,-,0,0,0
DE13_100054378,ok,1.0,1.0,1.0,-,-,0,0,0
DE13_100067052,ok,1.0,1.0,1.0,-,-,1,0,0
DE13_100067301,ok,1.0,1.0,1.0,-,-,1,0,0
DE13_510000275,ok,1.0,1.0,1.0,-,-,0,0,0
DE13_510000283,ok,1.0,1.0,1.0,-,-,1,0,0
DE13_510000429,ok,1.0,1.0,1.0,-,-,1,0,0
DE13_510002585,ok,1.0,1.0,1.0,-,-,3,0,0
DE13_510003190,ok,0.5,1.0,0.67,R04,-,1,1,0
DE13_510003203,ok,1.0,1.0,1.0,-,-,1,0,0
DE13_510003207,ok,1.0,1.0,1.0,-,-,1,0,0
DE13_510003210,ok,1.0,1.0,1.0,-,-,1,0,0
DE13_510003212,ok,1.0,1.0,1.0,-,-,1,0,0
DE13_510003879,ok,1.0,1.0,1.0,-,-,3,0,0
DE13_510003933,ok,1.0,0.25,0.4,-,"R13,R14,R16",1,0,3
DE13_510003936,ok,1.0,1.0,1.0,-,-,1,0,0
DE13_510004380,ok,1.0,1.0,1.0,-,-,0,0,0
DE13_510005072,ok,1.0,1.0,1.0,-,-,1,0,0
DE13_510005676,ok,1.0,1.0,1.0,-,-,0,0,0
DE13_510007859,ok,1.0,1.0,1.0,-,-,1,0,0
DE13_510009171,ok,1.0,1.0,1.0,-,-,0,0,0
DE13_510009248,ok,1.0,1.0,1.0,-,-,0,0,0
DE13_510009296,ok,1.0,1.0,1.0,-,-,1,0,0
DE13_510009299,ok,1.0,1.0,1.0,-,-,1,0,0
DE13_510010054,ok,1.0,1.0,1.0,-,-,1,0,0
DE13_510012749,ok,1.0,1.0,1.0,-,-,1,0,0
DE13_510013548,ok,1.0,0.33,0.5,-,"R04,R15",1,0,2
DE13_510013769,ok,1.0,1.0,1.0,-,-,0,0,0
DE13_510013834,ok,1.0,1.0,1.0,-,-,1,0,0
DE13_510014864,ok,1.0,1.0,1.0,-,-,1,0,0
DE13_510015290,ok,1.0,1.0,1.0,-,-,0,0,0
DE13_510015291,ok,1.0,1.0,1.0,-,-,0,0,0
DE13_510015292,ok,1.0,1.0,1.0,-,-,0,0,0
DE13_510015333,ok,1.0,1.0,1.0,-,-,0,0,0
DE13_510015379,ok,1.0,1.0,1.0,-,-,0,0,0
DE13_510017207,ok,1.0,1.0,1.0,-,-,0,0,0
DE13_510017302,ok,1.0,1.0,1.0,-,-,1,0,0
DE13_510017750,ok,1.0,1.0,1.0,-,-,1,0,0
DE13_510017941,ok,1.0,1.0,1.0,-,-,1,0,0
DE13_510017946,ok,1.0,1.0,1.0,-,-,1,0,0
DE13_510019488,ok,1.0,1.0,1.0,-,-,0,0,0
DE13_510020166,ok,1.0,1.0,1.0,-,-,0,0,0
DE13_510020970,ok,1.0,1.0,1.0,-,-,1,0,0
DE13_510021934,ok,1.0,1.0,1.0,-,-,1,0,0
DE13_510021936,ok,1.0,1.0,1.0,-,-,1,0,0
DE13_510022659,ok,1.0,1.0,1.0,-,-,3,0,0
DE13_510022661,ok,1.0,1.0,1.0,-,-,3,0,0
DE13_510024421,ok,1.0,1.0,1.0,-,-,0,0,0
DE13_510024422,ok,1.0,1.0,1.0,-,-,0,0,0
DE13_510025024,ok,1.0,1.0,1.0,-,-,1,0,0
DE13_510025045,ok,1.0,1.0,1.0,-,-,0,0,0
DE13_510025065,ok,1.0,1.0,1.0,-,-,1,0,0
DE13_510025586,ok,1.0,1.0,1.0,-,-,1,0,0
DE13_510025631,ok,1.0,1.0,1.0,-,-,0,0,0
DE13_510027076,ok,1.0,1.0,1.0,-,-,1,0,0
DE13_510027259,ok,1.0,1.0,1.0,-,-,3,0,0
DE13_510027748,ok,1.0,1.0,1.0,-,-,1,0,0
DE13_510027749,ok,1.0,1.0,1.0,-,-,1,0,0
DE13_510027794,ok,1.0,1.0,1.0,-,-,0,0,0
DE13_510028152,ok,1.0,1.0,1.0,-,-,1,0,0
DE13_510028171,ok,1.0,1.0,1.0,-,-,1,0,0
DE13_510031781,ok,1.0,1.0,1.0,-,-,1,0,0
DE13_510031815,ok,1.0,1.0,1.0,-,-,1,0,0
DE13_510033130,ok,1.0,1.0,1.0,-,-,3,0,0
DE13_510033698,ok,1.0,1.0,1.0,-,-,0,0,0
DE13_510036559,ok,1.0,1.0,1.0,-,-,1,0,0
DE13_510036566,ok,1.0,1.0,1.0,-,-,1,0,0
DE13_510037291,ok,1.0,1.0,1.0,-,-,0,0,0
DE13_510037307,ok,1.0,1.0,1.0,-,-,0,0,0
DE13_510037334,ok,1.0,1.0,1.0,-,-,1,0,0
DE13_510037346,ok,1.0,1.0,1.0,-,-,2,0,0
DE13_510037363,ok,1.0,1.0,1.0,-,-,1,0,0
DE13_510038096,ok,1.0,1.0,1.0,-,-,1,0,0
DE13_510039486,ok,1.0,1.0,1.0,-,-,1,0,0
DE13_510041740,ok,1.0,1.0,1.0,-,-,0,0,0
DE13_510041751,ok,1.0,1.0,1.0,-,-,0,0,0
DE13_510041752,ok,1.0,1.0,1.0,-,-,1,0,0
DE13_510041770,ok,1.0,1.0,1.0,-,-,0,0,0
DE13_510042553,ok,1.0,1.0,1.0,-,-,1,0,0
DE13_510042556,ok,1.0,1.0,1.0,-,-,1,0,0
DE13_510043022,ok,1.0,1.0,1.0,-,-,1,0,0
DE13_510043273,ok,1.0,1.0,1.0,-,-,1,0,0
DE13_510044059,ok,1.0,1.0,1.0,-,-,0,0,0
DE13_510044066,ok,1.0,1.0,1.0,-,-,0,0,0
DE13_510049061,ok,1.0,1.0,1.0,-,-,0,0,0
DE13_510049685,ok,1.0,1.0,1.0,-,-,0,0,0
DE13_510050297,ok,1.0,1.0,1.0,-,-,0,0,0
DE13_510053952,ok,1.0,1.0,1.0,-,-,0,0,0
DE13_510054335,ok,1.0,0.25,0.4,-,"R13,R14,R16",1,0,3
DE13_510059814,ok,1.0,1.0,1.0,-,-,1,0,0
DE13_510060659,ok,1.0,1.0,1.0,-,-,1,0,0
DE13_510061573,ok,1.0,1.0,1.0,-,-,1,0,0
DE13_510063204,ok,1.0,1.0,1.0,-,-,3,0,0
DE13_510063274,ok,1.0,1.0,1.0,-,-,1,0,0
DE13_510063338,ok,1.0,1.0,1.0,-,-,1,0,0
DE13_510063721,ok,1.0,1.0,1.0,-,-,0,0,0
DE13_510064730,ok,0.5,1.0,0.67,R04,-,1,1,0
DE13_510067952,ok,1.0,1.0,1.0,-,-,1,0,0
DE13_510068029,ok,1.0,1.0,1.0,-,-,4,0,0
DE13_510068040,ok,1.0,1.0,1.0,-,-,4,0,0
DE13_510068115,ok,1.0,0.25,0.4,-,"R13,R14,R16",1,0,3
DE13_510068118,ok,1.0,0.25,0.4,-,"R13,R14,R16",1,0,3
DE13_510068119,ok,1.0,1.0,1.0,-,-,4,0,0
DE13_510068120,ok,1.0,1.0,1.0,-,-,4,0,0
DE13_510068363,ok,1.0,1.0,1.0,-,-,0,0,0
DE13_510068472,ok,1.0,1.0,1.0,-,-,4,0,0
DE13_510068774,ok,1.0,1.0,1.0,-,-,0,0,0
DE13_510069283,ok,1.0,1.0,1.0,-,-,1,0,0
DE13_510069284,ok,1.0,1.0,1.0,-,-,3,0,0
DE13_510072544,ok,1.0,1.0,1.0,-,-,4,0,0
DE13_510072660,ok,1.0,0.0,0.0,-,"R13,R14,R16",0,0,3
DE13_510072673,ok,1.0,1.0,1.0,-,-,0,0,0
DE13_510073535,ok,1.0,1.0,1.0,-,-,1,0,0
DE13_510076381,ok,1.0,1.0,1.0,-,-,0,0,0
DE13_510077291,ok,1.0,1.0,1.0,-,-,0,0,0
DE13_510077292,ok,1.0,1.0,1.0,-,-,0,0,0
DE13_510077294,ok,1.0,1.0,1.0,-,-,0,0,0
DE13_510079284,ok,1.0,1.0,1.0,-,-,0,0,0
DE13_510079287,ok,1.0,1.0,1.0,-,-,0,0,0
DE13_510079291,ok,1.0,1.0,1.0,-,-,1,0,0
DE13_510081024,ok,1.0,1.0,1.0,-,-,1,0,0
DE13_510081757,ok,0.0,0.0,0.0,R05,R07,0,1,1
DE13_510081761,ok,1.0,1.0,1.0,-,-,0,0,0
DE13_510083282,ok,1.0,1.0,1.0,-,-,1,0,0
DE13_510084246,ok,1.0,1.0,1.0,-,-,1,0,0
DE13_510085183,ok,1.0,1.0,1.0,-,-,0,0,0
DE13_510085739,ok,1.0,1.0,1.0,-,-,3,0,0
DE13_510085857,ok,1.0,1.0,1.0,-,-,1,0,0
DE13_510088753,ok,1.0,1.0,1.0,-,-,1,0,0
DE13_510088765,ok,1.0,1.0,1.0,-,-,1,0,0
DE13_510089665,ok,1.0,1.0,1.0,-,-,1,0,0
DE13_510090435,ok,1.0,1.0,1.0,-,-,1,0,0
DE13_510091106,ok,1.0,1.0,1.0,-,-,0,0,0
DE13_510091148,ok,1.0,1.0,1.0,-,-,0,0,0
DE13_510091166,ok,1.0,1.0,1.0,-,-,3,0,0
DE13_510091167,ok,1.0,1.0,1.0,-,-,3,0,0
DE13_510091168,ok,1.0,1.0,1.0,-,-,3,0,0
DE13_510091931,ok,1.0,1.0,1.0,-,-,3,0,0
DE13_510093760,ok,1.0,1.0,1.0,-,-,0,0,0
DE13_510093778,ok,1.0,1.0,1.0,-,-,1,0,0
DE13_510093916,ok,1.0,1.0,1.0,-,-,2,0,0
DE13_510094246,ok,1.0,1.0,1.0,-,-,1,0,0
DE13_510094418,ok,1.0,0.0,0.0,-,"R13,R16",0,0,2
DE13_510095091,ok,1.0,1.0,1.0,-,-,1,0,0
DE13_510095092,ok,1.0,1.0,1.0,-,-,1,0,0
DE13_510095101,ok,1.0,1.0,1.0,-,-,1,0,0
DE13_510095102,ok,1.0,1.0,1.0,-,-,1,0,0
DE13_510095142,ok,1.0,1.0,1.0,-,-,0,0,0
DE13_510095148,ok,1.0,1.0,1.0,-,-,1,0,0
DE13_510095220,ok,1.0,1.0,1.0,-,-,1,0,0
DE13_510095230,ok,1.0,1.0,1.0,-,-,1,0,0
DE13_510095245,ok,1.0,1.0,1.0,-,-,1,0,0
DE13_510095247,ok,1.0,1.0,1.0,-,-,1,0,0
DE13_510095253,ok,1.0,1.0,1.0,-,-,1,0,0
DE13_510095271,ok,1.0,1.0,1.0,-,-,0,0,0
DE13_510095860,ok,1.0,1.0,1.0,-,-,1,0,0
DE13_510096272,ok,1.0,1.0,1.0,-,-,0,0,0
DE13_510097632,ok,1.0,1.0,1.0,-,-,0,0,0
DE13_510098180,ok,1.0,1.0,1.0,-,-,0,0,0
DE13_510100164,ok,1.0,1.0,1.0,-,-,0,0,0
DE13_510100175,ok,1.0,1.0,1.0,-,-,0,0,0
DE13_510100192,ok,1.0,1.0,1.0,-,-,0,0,0
DE13_510100195,ok,1.0,1.0,1.0,-,-,0,0,0
DE13_510100217,ok,1.0,1.0,1.0,-,-,0,0,0
DE13_510100224,ok,1.0,1.0,1.0,-,-,0,0,0
DE13_510100228,ok,0.75,1.0,0.86,R15,-,3,1,0
DE13_510100232,ok,1.0,0.0,0.0,-,"R13,R14,R16",0,0,3
DE13_510100238,ok,1.0,1.0,1.0,-,-,3,0,0
DE13_510100718,ok,1.0,1.0,1.0,-,-,1,0,0
DE13_510100732,ok,1.0,1.0,1.0,-,-,1,0,0
DE13_510100735,ok,1.0,1.0,1.0,-,-,1,0,0
DE13_510102812,ok,1.0,1.0,1.0,-,-,0,0,0
DE13_510102912,ok,1.0,1.0,1.0,-,-,1,0,0
DE13_510106722,ok,1.0,1.0,1.0,-,-,1,0,0
DE13_510107346,ok,1.0,1.0,1.0,-,-,0,0,0
DE13_510108360,ok,1.0,1.0,1.0,-,-,1,0,0
DE13_510109653,ok,1.0,1.0,1.0,-,-,0,0,0
DE13_510109657,ok,1.0,1.0,1.0,-,-,0,0,0
DE13_520007529,ok,1.0,1.0,1.0,-,-,1,0,0
DE13_610331073,ok,1.0,1.0,1.0,-,-,2,0,0
DE13_7600002509,ok,1.0,1.0,1.0,-,-,1,0,0
DE13_7600021600,ok,1.0,1.0,1.0,-,-,2,0,0
DE21_100000011,ok,1.0,1.0,1.0,-,-,0,0,0
DE21_100000038,ok,1.0,1.0,1.0,-,-,0,0,0
DE21_100000244,ok,1.0,1.0,1.0,-,-,0,0,0
DE21_100000372,ok,0.0,1.0,0.0,R05,-,0,1,0
DE21_510001070,ok,1.0,1.0,1.0,-,-,1,0,0
DE21_510003754,ok,1.0,1.0,1.0,-,-,3,0,0
DE21_510004126,ok,1.0,1.0,1.0,-,-,1,0,0
DE2I_100000024,ok,1.0,1.0,1.0,-,-,0,0,0
DE2I_510000383,ok,1.0,1.0,1.0,-,-,1,0,0
DE2I_7600001361,ok,1.0,1.0,1.0,-,-,1,0,0
DE2N_100000002,ok,0.0,1.0,0.0,"R05,R12",-,0,2,0
DE52_100002129,ok,1.0,1.0,1.0,-,-,0,0,0
DE52_100002131,ok,1.0,1.0,1.0,-,-,0,0,0
DE52_510000442,ok,1.0,1.0,1.0,-,-,1,0,0
DE55_510000058,ok,1.0,0.5,0.67,-,R12,1,0,1
DE55_510000153,ok,1.0,0.33,0.5,-,"R06,R07",1,0,2
DE55_510000246,ok,1.0,1.0,1.0,-,-,3,0,0
DE55_510000383,ok,1.0,1.0,1.0,-,-,1,0,0
DE55_510000582,ok,1.0,1.0,1.0,-,-,3,0,0
DE64_100000396,ok,1.0,1.0,1.0,-,-,1,0,0
DE66_100000003,ok,1.0,0.33,0.5,-,"R06,R07",1,0,2
DE66_100000012,ok,1.0,1.0,1.0,-,-,0,0,0
DE66_100000139,ok,1.0,1.0,1.0,-,-,1,0,0
DK12_510001868,ok,1.0,1.0,1.0,-,-,2,0,0
DK12_510006240,ok,1.0,1.0,1.0,-,-,2,0,0
DO12_100000032,ok,1.0,1.0,1.0,-,-,0,0,0
DO12_100000034,ok,1.0,1.0,1.0,-,-,0,0,0
DO12_5100005363,ok,1.0,1.0,1.0,-,-,0,0,0
DO12_5100011071,ok,1.0,1.0,1.0,-,-,0,0,0
DO12_5100011075,ok,1.0,1.0,1.0,-,-,0,0,0
DO12_5100011079,ok,1.0,1.0,1.0,-,-,0,0,0
DO12_5100011084,ok,0.17,1.0,0.29,"R04,R13,R14,R15,R16",-,1,5,0
DO12_5100011398,ok,1.0,1.0,1.0,-,-,0,0,0
DO12_5100016699,ok,1.0,1.0,1.0,-,-,0,0,0
DO12_5100020227,ok,1.0,1.0,1.0,-,-,1,0,0
EC12_5100000123,ok,1.0,1.0,1.0,-,-,0,0,0
EC12_5100000124,ok,1.0,1.0,1.0,-,-,0,0,0
EC12_5100003425,ok,1.0,1.0,1.0,-,-,0,0,0
EC12_5100003431,ok,1.0,1.0,1.0,-,-,0,0,0
EC12_5100003432,ok,1.0,1.0,1.0,-,-,0,0,0
EC12_5100003433,ok,1.0,1.0,1.0,-,-,0,0,0
EC12_5100003586,ok,1.0,1.0,1.0,-,-,0,0,0
EC12_5100003591,ok,1.0,1.0,1.0,-,-,0,0,0
EC12_5100003592,ok,1.0,1.0,1.0,-,-,0,0,0
EC12_5100005867,ok,1.0,1.0,1.0,-,-,0,0,0
EC12_5100005869,ok,1.0,1.0,1.0,-,-,0,0,0
EC12_5100005879,ok,1.0,1.0,1.0,-,-,0,0,0
EC12_5100007309,ok,1.0,1.0,1.0,-,-,0,0,0
EC12_5100007311,ok,1.0,1.0,1.0,-,-,0,0,0
EC12_5100015658,ok,1.0,1.0,1.0,-,-,1,0,0
EC12_5100016882,ok,1.0,1.0,1.0,-,-,0,0,0
EC12_5100016976,ok,1.0,1.0,1.0,-,-,0,0,0
EC12_5100016977,ok,1.0,1.0,1.0,-,-,0,0,0
EC12_5100016982,ok,1.0,1.0,1.0,-,-,0,0,0
EC12_5100016983,ok,1.0,1.0,1.0,-,-,0,0,0
EC12_5100016984,ok,1.0,1.0,1.0,-,-,0,0,0
EC12_5100016990,ok,1.0,1.0,1.0,-,-,0,0,0
EC12_5100016994,ok,1.0,1.0,1.0,-,-,0,0,0
EC12_5100016995,ok,1.0,1.0,1.0,-,-,0,0,0
EC12_5100018529,ok,1.0,1.0,1.0,-,-,0,0,0
EC12_5100024516,ok,1.0,1.0,1.0,-,-,0,0,0
EC12_5100031455,ok,1.0,1.0,1.0,-,-,1,0,0
EC12_5100032419,ok,1.0,1.0,1.0,-,-,0,0,0
EC12_5100032420,ok,1.0,1.0,1.0,-,-,0,0,0
EC12_5100032423,ok,1.0,1.0,1.0,-,-,0,0,0
EC12_5100032426,ok,1.0,1.0,1.0,-,-,0,0,0
EC12_5100032440,ok,1.0,1.0,1.0,-,-,0,0,0
EC14_5100000010,ok,1.0,1.0,1.0,-,-,0,0,0
EC14_5100000011,ok,1.0,1.0,1.0,-,-,0,0,0
EC14_5100000020,ok,1.0,1.0,1.0,-,-,0,0,0
EC14_5100000021,ok,1.0,1.0,1.0,-,-,0,0,0
EC14_5100000022,ok,1.0,1.0,1.0,-,-,0,0,0
EC14_5100000707,ok,1.0,1.0,1.0,-,-,0,0,0
EC14_5100000708,ok,1.0,1.0,1.0,-,-,0,0,0
EC14_5100000709,ok,1.0,1.0,1.0,-,-,0,0,0
EC14_5100000710,ok,1.0,1.0,1.0,-,-,0,0,0
EC14_5100000712,ok,1.0,1.0,1.0,-,-,0,0,0
EC14_5100000713,ok,1.0,1.0,1.0,-,-,0,0,0
EC14_5100000715,ok,1.0,1.0,1.0,-,-,0,0,0
EC14_5100000717,ok,1.0,1.0,1.0,-,-,0,0,0
EC14_5100001141,ok,1.0,1.0,1.0,-,-,0,0,0
EC14_5100003184,ok,1.0,1.0,1.0,-,-,0,0,0
EC14_5100003201,ok,1.0,1.0,1.0,-,-,0,0,0
EC14_5100003203,ok,1.0,1.0,1.0,-,-,0,0,0
EC14_5100003204,ok,1.0,1.0,1.0,-,-,0,0,0
EC14_5100003209,ok,1.0,1.0,1.0,-,-,0,0,0
EC14_5100003210,ok,1.0,1.0,1.0,-,-,0,0,0
EC14_5100004894,ok,1.0,1.0,1.0,-,-,0,0,0
EC14_5100005017,ok,1.0,1.0,1.0,-,-,0,0,0
EC14_5100005153,ok,1.0,1.0,1.0,-,-,0,0,0
EC14_5100005156,ok,1.0,1.0,1.0,-,-,0,0,0
EC14_5100005159,ok,1.0,1.0,1.0,-,-,0,0,0
EC14_5100006103,ok,1.0,1.0,1.0,-,-,0,0,0
EC14_5100006104,ok,1.0,1.0,1.0,-,-,0,0,0
EG10_512600410,ok,1.0,1.0,1.0,-,-,0,0,0
EG10_512600818,ok,1.0,1.0,1.0,-,-,2,0,0
EG10_512600820,ok,1.0,1.0,1.0,-,-,2,0,0
EG10_512600821,ok,1.0,1.0,1.0,-,-,1,0,0
EG10_512601324,ok,1.0,1.0,1.0,-,-,0,0,0
EG10_512601734,ok,1.0,1.0,1.0,-,-,1,0,0
EG10_512601742,ok,1.0,1.0,1.0,-,-,1,0,0
EG10_512601750,ok,1.0,1.0,1.0,-,-,0,0,0
EG10_512601752,ok,1.0,1.0,1.0,-,-,1,0,0
EG10_512601755,ok,1.0,1.0,1.0,-,-,1,0,0
EG10_512602377,ok,1.0,1.0,1.0,-,-,0,0,0
EG10_512602378,ok,1.0,1.0,1.0,-,-,1,0,0
EG10_512602443,ok,1.0,1.0,1.0,-,-,3,0,0
EG10_512602858,ok,1.0,1.0,1.0,-,-,2,0,0
EG10_512603200,ok,1.0,1.0,1.0,-,-,1,0,0
EG10_512603201,ok,1.0,1.0,1.0,-,-,1,0,0
EG10_512604826,ok,1.0,1.0,1.0,-,-,0,0,0
EG10_512604864,ok,1.0,1.0,1.0,-,-,0,0,0
EG10_512604983,ok,1.0,1.0,1.0,-,-,1,0,0
EG10_512607529,ok,1.0,1.0,1.0,-,-,0,0,0
EG10_512610426,ok,1.0,1.0,1.0,-,-,0,0,0
EG10_512611702,ok,1.0,1.0,1.0,-,-,1,0,0
EG10_512611746,ok,1.0,1.0,1.0,-,-,0,0,0
EG10_512612246,ok,1.0,1.0,1.0,-,-,1,0,0
EG10_512613300,ok,1.0,1.0,1.0,-,-,2,0,0
EG10_512613654,ok,1.0,1.0,1.0,-,-,1,0,0
EG10_512613655,ok,1.0,1.0,1.0,-,-,1,0,0
EG10_512613658,ok,1.0,1.0,1.0,-,-,0,0,0
EG10_512614640,ok,1.0,1.0,1.0,-,-,0,0,0
EG10_512614686,ok,1.0,1.0,1.0,-,-,0,0,0
EG10_512618104,ok,1.0,1.0,1.0,-,-,0,0,0
EG10_512618474,ok,1.0,1.0,1.0,-,-,1,0,0
EG10_512620343,ok,1.0,1.0,1.0,-,-,0,0,0
EG10_512620345,ok,1.0,1.0,1.0,-,-,0,0,0
EG10_512620346,ok,1.0,1.0,1.0,-,-,0,0,0
EG10_512620388,ok,1.0,1.0,1.0,-,-,1,0,0
EG10_512620389,ok,1.0,1.0,1.0,-,-,1,0,0
EG10_512620390,ok,1.0,1.0,1.0,-,-,1,0,0
EG10_512620391,ok,1.0,1.0,1.0,-,-,1,0,0
EG10_512620394,ok,1.0,1.0,1.0,-,-,1,0,0
EG10_512620396,ok,1.0,1.0,1.0,-,-,1,0,0
EG10_512620399,ok,1.0,1.0,1.0,-,-,1,0,0
EG10_512620410,ok,1.0,1.0,1.0,-,-,1,0,0
EG10_512620412,ok,1.0,1.0,1.0,-,-,0,0,0
EG10_512620425,ok,1.0,1.0,1.0,-,-,0,0,0
EG10_512620435,ok,1.0,1.0,1.0,-,-,1,0,0
EG10_512620437,ok,1.0,1.0,1.0,-,-,1,0,0
EG10_512620440,ok,1.0,1.0,1.0,-,-,1,0,0
EG10_512620441,ok,1.0,1.0,1.0,-,-,1,0,0
EG10_512620442,ok,1.0,1.0,1.0,-,-,1,0,0
EG10_512620450,ok,1.0,1.0,1.0,-,-,1,0,0
EG10_512620455,ok,1.0,1.0,1.0,-,-,0,0,0
EG10_512620461,ok,1.0,1.0,1.0,-,-,1,0,0
EG10_512620468,ok,1.0,1.0,1.0,-,-,1,0,0
EG10_512620470,ok,1.0,1.0,1.0,-,-,1,0,0
EG10_512620472,ok,1.0,1.0,1.0,-,-,1,0,0
EG10_512620474,ok,1.0,1.0,1.0,-,-,1,0,0
EG10_512620476,ok,1.0,1.0,1.0,-,-,1,0,0
EG10_512620478,ok,1.0,1.0,1.0,-,-,1,0,0
EG10_512620485,ok,1.0,1.0,1.0,-,-,1,0,0
EG10_512620487,ok,1.0,1.0,1.0,-,-,1,0,0
EG10_512620490,ok,1.0,1.0,1.0,-,-,1,0,0
EG10_512620492,ok,1.0,1.0,1.0,-,-,1,0,0
EG10_512620494,ok,1.0,1.0,1.0,-,-,1,0,0
EG10_512620786,ok,1.0,1.0,1.0,-,-,0,0,0
EG10_512620788,ok,1.0,1.0,1.0,-,-,0,0,0
EG10_512620789,ok,1.0,1.0,1.0,-,-,0,0,0
EG10_512620790,ok,1.0,1.0,1.0,-,-,0,0,0
EG10_512620791,ok,1.0,1.0,1.0,-,-,0,0,0
EG10_512620950,ok,1.0,1.0,1.0,-,-,0,0,0
EG10_512620953,ok,1.0,1.0,1.0,-,-,0,0,0
EG10_512620954,ok,1.0,1.0,1.0,-,-,0,0,0
EG10_512620955,ok,1.0,1.0,1.0,-,-,0,0,0
EG10_512620959,ok,1.0,1.0,1.0,-,-,0,0,0
EG10_512623296,ok,1.0,1.0,1.0,-,-,1,0,0
EG10_610001296,ok,1.0,1.0,1.0,-,-,1,0,0
EG10_610015174,ok,1.0,1.0,1.0,-,-,4,0,0
ES10_1500000001,ok,1.0,1.0,1.0,-,-,1,0,0
ES10_1500000004,ok,1.0,1.0,1.0,-,-,1,0,0
ES10_1500000006,ok,1.0,1.0,1.0,-,-,1,0,0
ES10_1500000014,ok,1.0,1.0,1.0,-,-,1,0,0
ES10_1500000015,ok,1.0,1.0,1.0,-,-,1,0,0
ES10_1500000016,ok,1.0,1.0,1.0,-,-,1,0,0
ES10_1500000019,ok,0.5,1.0,0.67,R07,-,1,1,0
ES10_1500000029,ok,1.0,1.0,1.0,-,-,1,0,0
ES10_1500000030,ok,1.0,1.0,1.0,-,-,1,0,0
ES10_1500000031,ok,1.0,1.0,1.0,-,-,1,0,0
ES10_1500000032,ok,0.0,1.0,0.0,R05,-,0,1,0
ES10_1500000034,ok,1.0,1.0,1.0,-,-,1,0,0
ES10_1500000041,ok,1.0,1.0,1.0,-,-,3,0,0
ES10_1500000045,ok,1.0,1.0,1.0,-,-,1,0,0
ES10_1500000084,ok,1.0,1.0,1.0,-,-,1,0,0
ES10_1500000086,ok,0.0,1.0,0.0,R05,-,0,1,0
ES10_1500000087,ok,1.0,1.0,1.0,-,-,2,0,0
ES10_1500000090,ok,1.0,1.0,1.0,-,-,1,0,0
ES10_1500000098,ok,0.5,1.0,0.67,R04,-,1,1,0
ES10_1500000101,ok,1.0,1.0,1.0,-,-,1,0,0
ES10_1500000103,ok,1.0,1.0,1.0,-,-,1,0,0
ES10_1500000104,ok,1.0,1.0,1.0,-,-,1,0,0
ES10_1500000105,ok,0.0,0.0,0.0,R05,"R06,R07",0,1,2
ES10_1500000106,ok,0.0,1.0,0.0,R05,-,0,1,0
ES10_1500000107,ok,1.0,1.0,1.0,-,-,1,0,0
ES10_1500000111,ok,1.0,1.0,1.0,-,-,1,0,0
ES10_1500000117,ok,1.0,1.0,1.0,-,-,0,0,0
ES10_1500000119,ok,0.0,1.0,0.0,R05,-,0,1,0
ES10_1500000121,ok,1.0,1.0,1.0,-,-,3,0,0
ES10_1500000122,ok,1.0,1.0,1.0,-,-,0,0,0
ES10_1500000134,ok,1.0,1.0,1.0,-,-,1,0,0
ES10_1500000140,ok,1.0,1.0,1.0,-,-,1,0,0
ES10_1500000141,ok,1.0,1.0,1.0,-,-,1,0,0
ES10_1500000142,ok,1.0,1.0,1.0,-,-,1,0,0
ES10_1500000144,ok,1.0,1.0,1.0,-,-,1,0,0
ES10_1500000146,ok,1.0,1.0,1.0,-,-,1,0,0
ES10_1500000147,ok,0.0,1.0,0.0,"R01,R05",-,0,2,0
ES10_1500000148,ok,0.0,0.0,0.0,"R06,R07",R05,0,2,1
ES10_1500000149,ok,0.0,1.0,0.0,"R13,R16",-,0,2,0
ES10_1500000152,ok,1.0,1.0,1.0,-,-,1,0,0
ES10_1500000153,ok,1.0,1.0,1.0,-,-,1,0,0
ES10_1500000154,ok,1.0,1.0,1.0,-,-,1,0,0
ES10_1500000155,ok,1.0,1.0,1.0,-,-,2,0,0
ES10_1500000156,ok,1.0,1.0,1.0,-,-,2,0,0
ES10_1500000158,ok,0.0,0.0,0.0,R05,R06,0,1,1
ES10_1500000163,ok,1.0,1.0,1.0,-,-,1,0,0
ES10_1500000164,ok,1.0,1.0,1.0,-,-,1,0,0
ES10_1500000166,ok,1.0,1.0,1.0,-,-,1,0,0
ES10_1500000168,ok,1.0,1.0,1.0,-,-,0,0,0
ES10_1500000170,ok,1.0,1.0,1.0,-,-,1,0,0
ES10_1500000171,ok,1.0,1.0,1.0,-,-,1,0,0
ES10_1500000172,ok,1.0,1.0,1.0,-,-,1,0,0
ES10_1500000173,ok,1.0,1.0,1.0,-,-,1,0,0
ES10_1500000174,ok,1.0,1.0,1.0,-,-,0,0,0
ES10_1500000176,ok,1.0,1.0,1.0,-,-,1,0,0
ES10_1500000179,ok,1.0,1.0,1.0,-,-,1,0,0
ES10_1500000183,ok,1.0,1.0,1.0,-,-,0,0,0
ES10_510055525,ok,1.0,1.0,1.0,-,-,1,0,0
ES10_510055747,ok,1.0,1.0,1.0,-,-,1,0,0
ES10_510055766,ok,1.0,1.0,1.0,-,-,1,0,0
ES10_510055767,ok,1.0,1.0,1.0,-,-,1,0,0
ES10_510072777,ok,1.0,1.0,1.0,-,-,0,0,0
ES10_520006915,ok,0.33,1.0,0.5,"R13,R16",-,1,2,0
ES10_520006929,ok,1.0,1.0,1.0,-,-,1,0,0
ES10_520006937,ok,1.0,1.0,1.0,-,-,1,0,0
ES10_520006943,ok,1.0,1.0,1.0,-,-,1,0,0
ES10_520006945,ok,1.0,1.0,1.0,-,-,2,0,0
ES10_520006947,ok,1.0,1.0,1.0,-,-,2,0,0
ES10_520006950,ok,1.0,1.0,1.0,-,-,1,0,0
ES10_520008218,ok,1.0,1.0,1.0,-,-,0,0,0
ES10_610055865,ok,1.0,0.4,0.57,-,"R13,R14,R16",2,0,3
ES10_610055866,ok,1.0,1.0,1.0,-,-,4,0,0
ES10_610055867,ok,1.0,1.0,1.0,-,-,4,0,0
ES10_610055868,ok,1.0,0.25,0.4,-,"R13,R14,R16",1,0,3
ES10_610055869,ok,1.0,1.0,1.0,-,-,4,0,0
ES10_610055870,ok,1.0,1.0,1.0,-,-,5,0,0
ES10_610055871,ok,1.0,1.0,1.0,-,-,5,0,0
ES10_610095045,ok,0.8,1.0,0.89,R15,-,4,1,0
ES10_610095049,ok,1.0,0.25,0.4,-,"R13,R14,R16",1,0,3
ES10_610095053,ok,1.0,0.25,0.4,-,"R13,R14,R16",1,0,3
ES10_610095055,ok,1.0,1.0,1.0,-,-,4,0,0
ES10_610095058,ok,1.0,0.25,0.4,-,"R13,R14,R16",1,0,3
ES10_610095061,ok,1.0,0.25,0.4,-,"R13,R14,R16",1,0,3
ES10_610203645,ok,1.0,1.0,1.0,-,-,1,0,0
ES10_610335163,ok,1.0,1.0,1.0,-,-,1,0,0
ES10_610335164,ok,1.0,1.0,1.0,-,-,1,0,0
ES10_610345332,ok,1.0,1.0,1.0,-,-,0,0,0
ES10_610345333,ok,1.0,1.0,1.0,-,-,0,0,0
ES10_610568171,ok,1.0,1.0,1.0,-,-,1,0,0
ES10_610568173,ok,1.0,1.0,1.0,-,-,1,0,0
ES10_610568177,ok,1.0,1.0,1.0,-,-,1,0,0
ES10_610941039,ok,1.0,1.0,1.0,-,-,1,0,0
ES10_610941041,ok,1.0,1.0,1.0,-,-,1,0,0
ES10_610941043,ok,1.0,1.0,1.0,-,-,1,0,0
ES10_610941045,ok,1.0,1.0,1.0,-,-,1,0,0
ES10_610993188,ok,1.0,0.33,0.5,-,"R13,R16",1,0,2
ES21_1500000002,ok,1.0,1.0,1.0,-,-,1,0,0
ES21_1500000009,ok,1.0,1.0,1.0,-,-,1,0,0
ES42_1500000001,ok,1.0,1.0,1.0,-,-,2,0,0
ES42_1500000003,ok,1.0,1.0,1.0,-,-,0,0,0
ES42_1500000006,ok,1.0,1.0,1.0,-,-,3,0,0
ES42_1500000011,ok,0.0,1.0,0.0,"R05,R07",-,0,2,0
ES42_1500000015,ok,1.0,1.0,1.0,-,-,0,0,0
ES42_1500000016,ok,1.0,1.0,1.0,-,-,3,0,0
ES42_1500000020,ok,1.0,1.0,1.0,-,-,0,0,0
ES42_1500000021,ok,1.0,1.0,1.0,-,-,2,0,0
ES42_1500000025,ok,1.0,1.0,1.0,-,-,0,0,0
FJ10_510000032,ok,1.0,1.0,1.0,-,-,0,0,0
FJ10_510000033,ok,1.0,1.0,1.0,-,-,0,0,0
FJ10_510000159,ok,1.0,1.0,1.0,-,-,0,0,0
FJ10_510000160,ok,1.0,1.0,1.0,-,-,0,0,0
FJ10_510000383,ok,1.0,1.0,1.0,-,-,0,0,0
FJ10_510000399,ok,1.0,1.0,1.0,-,-,0,0,0
FJ10_510000494,ok,0.0,1.0,0.0,R05,-,0,1,0
FJ10_510000566,ok,1.0,1.0,1.0,-,-,0,0,0
FJ10_510001011,ok,1.0,1.0,1.0,-,-,0,0,0
FJ10_510001012,ok,0.0,1.0,0.0,"R03,R04,R27",-,0,3,0
FJ10_510001141,ok,1.0,1.0,1.0,-,-,0,0,0
FJ10_510001285,ok,1.0,1.0,1.0,-,-,0,0,0
FJ10_510001322,ok,1.0,1.0,1.0,-,-,0,0,0
FJ10_510001489,ok,1.0,1.0,1.0,-,-,0,0,0
FJ10_510001490,ok,1.0,1.0,1.0,-,-,0,0,0
FJ10_510001533,ok,1.0,1.0,1.0,-,-,0,0,0
FJ10_510001572,ok,1.0,1.0,1.0,-,-,1,0,0
FJ10_510001661,ok,1.0,1.0,1.0,-,-,0,0,0
FJ10_510001662,ok,1.0,1.0,1.0,-,-,0,0,0
FJ10_510001729,ok,1.0,1.0,1.0,-,-,1,0,0
FJ10_510001730,ok,1.0,1.0,1.0,-,-,1,0,0
FJ10_510001731,ok,1.0,1.0,1.0,-,-,1,0,0
FJ10_510001735,ok,1.0,1.0,1.0,-,-,1,0,0
FJ10_510001740,ok,1.0,1.0,1.0,-,-,1,0,0
FJ10_510001741,ok,1.0,1.0,1.0,-,-,1,0,0
FJ10_510001743,ok,1.0,1.0,1.0,-,-,1,0,0
FR0W_510015701,ok,1.0,1.0,1.0,-,-,1,0,0
FR0W_510015704,ok,1.0,1.0,1.0,-,-,1,0,0
FR0W_510015706,ok,1.0,1.0,1.0,-,-,1,0,0
FR0W_510016371,ok,1.0,1.0,1.0,-,-,1,0,0
FR0W_510016752,ok,1.0,1.0,1.0,-,-,4,0,0
FR0W_510016753,ok,1.0,0.25,0.4,-,"R13,R14,R16",1,0,3
FR0W_510016792,ok,1.0,1.0,1.0,-,-,0,0,0
FR0W_510016916,ok,1.0,1.0,1.0,-,-,0,0,0
FR0W_510017412,ok,1.0,1.0,1.0,-,-,1,0,0
FR0W_510024456,ok,1.0,1.0,1.0,-,-,0,0,0
FR0W_510042619,ok,1.0,1.0,1.0,-,-,0,0,0
FR0W_510043704,ok,1.0,1.0,1.0,-,-,0,0,0
FR0W_530000003,ok,1.0,1.0,1.0,-,-,1,0,0
FR0W_530000407,ok,1.0,1.0,1.0,-,-,2,0,0
FR0W_530000461,ok,1.0,1.0,1.0,-,-,1,0,0
FR0W_530001086,ok,1.0,1.0,1.0,-,-,1,0,0
FR0W_530001126,ok,1.0,1.0,1.0,-,-,1,0,0
FR0W_530001559,ok,1.0,1.0,1.0,-,-,1,0,0
FR0W_530001563,ok,1.0,1.0,1.0,-,-,2,0,0
FR0W_530001564,ok,1.0,1.0,1.0,-,-,2,0,0
FR0W_530001829,ok,1.0,1.0,1.0,-,-,1,0,0
FR0W_530003702,ok,1.0,0.33,0.5,-,"R15,R27",1,0,2
FR0W_530003703,ok,1.0,1.0,1.0,-,-,1,0,0
FR0W_530003706,ok,1.0,1.0,1.0,-,-,1,0,0
FR0W_530003708,ok,1.0,1.0,1.0,-,-,1,0,0
FR0W_530004848,ok,1.0,1.0,1.0,-,-,2,0,0
FR0W_530004857,ok,1.0,1.0,1.0,-,-,2,0,0
FR0W_530005425,ok,1.0,1.0,1.0,-,-,3,0,0
FR0W_530005455,ok,1.0,1.0,1.0,-,-,1,0,0
FR0W_530005459,ok,1.0,1.0,1.0,-,-,1,0,0
FR0W_530005460,ok,1.0,1.0,1.0,-,-,1,0,0
FR0W_530005474,ok,1.0,1.0,1.0,-,-,1,0,0
FR0W_530005475,ok,1.0,1.0,1.0,-,-,1,0,0
FR0W_530005485,ok,1.0,1.0,1.0,-,-,1,0,0
FR0W_530005486,ok,1.0,1.0,1.0,-,-,1,0,0
FR0W_530005490,ok,1.0,1.0,1.0,-,-,1,0,0
FR0W_530005492,ok,1.0,1.0,1.0,-,-,1,0,0
FR0W_530005493,ok,1.0,1.0,1.0,-,-,1,0,0
FR0W_530005494,ok,1.0,1.0,1.0,-,-,1,0,0
FR0W_530005499,ok,1.0,1.0,1.0,-,-,1,0,0
FR0W_530005500,ok,1.0,1.0,1.0,-,-,1,0,0
FR0W_530005501,ok,0.0,1.0,0.0,R05,-,0,1,0
FR0W_530005502,ok,0.0,1.0,0.0,R05,-,0,1,0
FR0W_530005532,ok,1.0,1.0,1.0,-,-,1,0,0
FR0W_530005533,ok,1.0,1.0,1.0,-,-,1,0,0
FR0W_530005566,ok,1.0,1.0,1.0,-,-,1,0,0
FR0W_530005571,ok,1.0,1.0,1.0,-,-,1,0,0
FR0W_530005572,ok,1.0,1.0,1.0,-,-,1,0,0
FR0W_530005575,ok,1.0,1.0,1.0,-,-,3,0,0
FR0W_530005576,ok,1.0,1.0,1.0,-,-,1,0,0
FR0W_530005577,ok,1.0,1.0,1.0,-,-,1,0,0
FR0W_530005584,ok,1.0,1.0,1.0,-,-,1,0,0
FR0W_530005586,ok,1.0,1.0,1.0,-,-,1,0,0
FR0W_530005589,ok,1.0,1.0,1.0,-,-,1,0,0
FR0W_530005590,ok,1.0,1.0,1.0,-,-,1,0,0
FR0W_530005594,ok,1.0,1.0,1.0,-,-,1,0,0
FR0W_530005598,ok,1.0,1.0,1.0,-,-,1,0,0
FR0W_530005599,ok,1.0,1.0,1.0,-,-,1,0,0
FR0W_530005601,ok,1.0,1.0,1.0,-,-,1,0,0
FR0W_530005603,ok,1.0,1.0,1.0,-,-,2,0,0
FR0W_530005604,ok,1.0,1.0,1.0,-,-,1,0,0
FR0W_530005605,ok,1.0,1.0,1.0,-,-,1,0,0
FR0W_530005607,ok,1.0,1.0,1.0,-,-,1,0,0
FR0W_530005609,ok,1.0,1.0,1.0,-,-,1,0,0
FR0W_530005611,ok,1.0,1.0,1.0,-,-,1,0,0
FR0W_530005620,ok,1.0,1.0,1.0,-,-,1,0,0
FR0W_530005621,ok,1.0,1.0,1.0,-,-,1,0,0
FR0W_530005622,ok,1.0,1.0,1.0,-,-,1,0,0
FR0W_530005623,ok,1.0,1.0,1.0,-,-,1,0,0
FR0W_530005626,ok,1.0,1.0,1.0,-,-,1,0,0
FR0W_530005627,ok,1.0,1.0,1.0,-,-,1,0,0
FR0W_530005628,ok,1.0,1.0,1.0,-,-,1,0,0
FR0W_530005629,ok,1.0,1.0,1.0,-,-,0,0,0
FR0W_530005630,ok,1.0,1.0,1.0,-,-,0,0,0
FR0W_530005631,ok,1.0,1.0,1.0,-,-,1,0,0
FR0W_530005669,ok,1.0,1.0,1.0,-,-,2,0,0
FR0W_530005670,ok,1.0,1.0,1.0,-,-,1,0,0
FR0W_530005672,ok,1.0,1.0,1.0,-,-,1,0,0
FR0W_530005673,ok,1.0,1.0,1.0,-,-,1,0,0
FR0W_530005675,ok,1.0,1.0,1.0,-,-,1,0,0
FR0W_530005677,ok,1.0,1.0,1.0,-,-,3,0,0
FR0W_530005679,ok,1.0,1.0,1.0,-,-,1,0,0
FR0W_530005685,ok,1.0,1.0,1.0,-,-,2,0,0
FR0W_530005689,ok,1.0,1.0,1.0,-,-,1,0,0
FR0W_530005691,ok,1.0,1.0,1.0,-,-,2,0,0
FR0W_530005694,ok,1.0,1.0,1.0,-,-,3,0,0
FR0W_530005695,ok,1.0,1.0,1.0,-,-,3,0,0
FR0W_530005701,ok,1.0,1.0,1.0,-,-,1,0,0
FR0W_530005702,ok,1.0,1.0,1.0,-,-,1,0,0
FR0W_530005703,ok,1.0,1.0,1.0,-,-,1,0,0
FR0W_530005704,ok,1.0,1.0,1.0,-,-,2,0,0
FR0W_530005709,ok,1.0,1.0,1.0,-,-,0,0,0
FR0W_530005710,ok,1.0,1.0,1.0,-,-,0,0,0
FR0W_530005713,ok,1.0,1.0,1.0,-,-,0,0,0
FR0W_530005714,ok,1.0,1.0,1.0,-,-,0,0,0
FR0Y_510000075,ok,1.0,1.0,1.0,-,-,1,0,0
FR0Y_510000920,ok,1.0,1.0,1.0,-,-,1,0,0
FR0Y_510002029,ok,1.0,1.0,1.0,-,-,0,0,0
FR0Y_510003731,ok,1.0,1.0,1.0,-,-,2,0,0
FR0Y_510004816,ok,1.0,1.0,1.0,-,-,1,0,0
FR10_510000621,ok,1.0,1.0,1.0,-,-,2,0,0
FR10_510000654,ok,1.0,1.0,1.0,-,-,1,0,0
FR10_510000658,ok,1.0,1.0,1.0,-,-,1,0,0
FR10_510000729,ok,1.0,1.0,1.0,-,-,1,0,0
FR10_510000730,ok,1.0,1.0,1.0,-,-,2,0,0
FR12_510001712,ok,1.0,1.0,1.0,-,-,1,0,0
FR12_510002526,ok,1.0,1.0,1.0,-,-,1,0,0
FR12_510002529,ok,1.0,1.0,1.0,-,-,1,0,0
FR12_510002575,ok,1.0,1.0,1.0,-,-,1,0,0
FR12_510002621,ok,1.0,1.0,1.0,-,-,0,0,0
FR12_510002692,ok,1.0,1.0,1.0,-,-,1,0,0
FR12_510002693,ok,1.0,1.0,1.0,-,-,1,0,0
FR12_510002695,ok,1.0,1.0,1.0,-,-,1,0,0
FR12_510002697,ok,1.0,1.0,1.0,-,-,1,0,0
FR12_510002853,ok,1.0,1.0,1.0,-,-,1,0,0
FR12_510004238,ok,1.0,1.0,1.0,-,-,0,0,0
FR12_510004239,ok,1.0,1.0,1.0,-,-,0,0,0
FR12_510004241,ok,1.0,1.0,1.0,-,-,0,0,0
FR12_510004242,ok,1.0,1.0,1.0,-,-,0,0,0
FR12_510004268,ok,1.0,1.0,1.0,-,-,0,0,0
FR12_510004269,ok,1.0,1.0,1.0,-,-,0,0,0
FR12_510004688,ok,1.0,1.0,1.0,-,-,0,0,0
FR12_510004692,ok,1.0,1.0,1.0,-,-,0,0,0
FR12_510005811,ok,1.0,1.0,1.0,-,-,1,0,0
FR12_510005814,ok,1.0,1.0,1.0,-,-,1,0,0
FR12_510005942,ok,1.0,1.0,1.0,-,-,1,0,0
FR12_510005946,ok,1.0,1.0,1.0,-,-,1,0,0
FR12_510005951,ok,1.0,1.0,1.0,-,-,1,0,0
FR12_510005980,ok,1.0,1.0,1.0,-,-,1,0,0
FR12_510008756,ok,1.0,1.0,1.0,-,-,1,0,0
FR12_510016443,ok,1.0,1.0,1.0,-,-,1,0,0
FR12_510019454,ok,1.0,1.0,1.0,-,-,1,0,0
FR12_510020566,ok,1.0,1.0,1.0,-,-,0,0,0
FR12_510020574,ok,1.0,1.0,1.0,-,-,0,0,0
FR12_510023597,ok,1.0,1.0,1.0,-,-,1,0,0
FR12_510023598,ok,1.0,1.0,1.0,-,-,1,0,0
FR12_510024769,ok,1.0,1.0,1.0,-,-,2,0,0
FR12_510024913,ok,1.0,1.0,1.0,-,-,2,0,0
FR12_510027503,ok,1.0,1.0,1.0,-,-,1,0,0
FR12_510031158,ok,1.0,1.0,1.0,-,-,0,0,0
FR12_510031159,ok,1.0,1.0,1.0,-,-,0,0,0
FR12_510031163,ok,1.0,1.0,1.0,-,-,0,0,0
FR12_510031174,ok,1.0,1.0,1.0,-,-,0,0,0
FR12_510031175,ok,1.0,1.0,1.0,-,-,0,0,0
FR12_510031194,ok,1.0,1.0,1.0,-,-,0,0,0
FR12_510031196,ok,1.0,1.0,1.0,-,-,0,0,0
FR12_510031197,ok,1.0,1.0,1.0,-,-,0,0,0
FR12_510031205,ok,1.0,1.0,1.0,-,-,0,0,0
FR12_510031206,ok,1.0,1.0,1.0,-,-,0,0,0
FR12_510031215,ok,1.0,1.0,1.0,-,-,0,0,0
FR12_510031220,ok,1.0,1.0,1.0,-,-,0,0,0
FR12_510031238,ok,1.0,1.0,1.0,-,-,0,0,0
FR12_510033628,ok,1.0,1.0,1.0,-,-,1,0,0
FR12_510034166,ok,1.0,1.0,1.0,-,-,2,0,0
FR12_510034168,ok,1.0,1.0,1.0,-,-,1,0,0
FR12_510036827,ok,0.0,0.0,0.0,R05,"R13,R14,R16",0,1,3
FR12_510036959,ok,1.0,1.0,1.0,-,-,3,0,0
FR12_510037096,ok,1.0,1.0,1.0,-,-,1,0,0
FR12_510037103,ok,1.0,1.0,1.0,-,-,4,0,0
FR12_510042524,ok,1.0,0.0,0.0,-,"R13,R14,R16",0,0,3
FR12_510042631,ok,1.0,1.0,1.0,-,-,1,0,0
FR12_510042632,ok,1.0,1.0,1.0,-,-,0,0,0
FR12_510042635,ok,1.0,1.0,1.0,-,-,1,0,0
FR12_510042636,ok,1.0,1.0,1.0,-,-,1,0,0
FR12_510042711,ok,1.0,1.0,1.0,-,-,2,0,0
FR12_510042715,ok,1.0,1.0,1.0,-,-,1,0,0
FR12_510042732,ok,1.0,1.0,1.0,-,-,1,0,0
FR12_510046918,ok,1.0,1.0,1.0,-,-,1,0,0
FR12_510046919,ok,1.0,1.0,1.0,-,-,1,0,0
FR12_510046920,ok,1.0,1.0,1.0,-,-,1,0,0
FR12_510046921,ok,1.0,1.0,1.0,-,-,1,0,0
FR12_510047875,ok,1.0,0.0,0.0,-,"R13,R14,R16",0,0,3
FR12_510050043,ok,1.0,1.0,1.0,-,-,1,0,0
FR12_510050392,ok,1.0,1.0,1.0,-,-,1,0,0
FR12_510050959,ok,1.0,1.0,1.0,-,-,1,0,0
FR12_510051001,ok,1.0,1.0,1.0,-,-,1,0,0
FR12_510051306,ok,1.0,1.0,1.0,-,-,1,0,0
FR12_510051344,ok,1.0,1.0,1.0,-,-,0,0,0
FR12_510051359,ok,1.0,1.0,1.0,-,-,1,0,0
FR12_510053164,ok,1.0,1.0,1.0,-,-,1,0,0
FR12_510053165,ok,1.0,1.0,1.0,-,-,1,0,0
FR12_510053166,ok,1.0,1.0,1.0,-,-,1,0,0
FR12_510053167,ok,1.0,1.0,1.0,-,-,1,0,0
FR12_510053849,ok,1.0,1.0,1.0,-,-,1,0,0
FR12_510053852,ok,1.0,1.0,1.0,-,-,1,0,0
FR12_510053853,ok,1.0,1.0,1.0,-,-,1,0,0
FR12_510053855,ok,1.0,1.0,1.0,-,-,1,0,0
FR12_510055633,ok,1.0,1.0,1.0,-,-,1,0,0
FR12_510055669,ok,1.0,1.0,1.0,-,-,1,0,0
FR12_510055673,ok,1.0,1.0,1.0,-,-,1,0,0
FR12_510056720,ok,1.0,1.0,1.0,-,-,1,0,0
FR12_510056723,ok,1.0,1.0,1.0,-,-,1,0,0
FR12_510057270,ok,1.0,1.0,1.0,-,-,1,0,0
FR12_510057274,ok,1.0,1.0,1.0,-,-,1,0,0
FR12_510059509,ok,1.0,1.0,1.0,-,-,1,0,0
FR12_510060838,ok,1.0,1.0,1.0,-,-,1,0,0
FR12_510060839,ok,1.0,1.0,1.0,-,-,1,0,0
FR12_510062316,ok,1.0,1.0,1.0,-,-,2,0,0
FR12_510066069,ok,1.0,1.0,1.0,-,-,1,0,0
FR12_510066114,ok,1.0,1.0,1.0,-,-,1,0,0
FR12_510066117,ok,1.0,1.0,1.0,-,-,1,0,0
FR12_510066119,ok,1.0,1.0,1.0,-,-,1,0,0
FR12_530000824,ok,1.0,0.0,0.0,-,"R13,R14,R16",0,0,3
FR12_530000856,ok,1.0,1.0,1.0,-,-,0,0,0
FR12_530000857,ok,1.0,1.0,1.0,-,-,3,0,0
FR12_530000858,ok,1.0,0.0,0.0,-,"R13,R14,R16",0,0,3
FR12_530000868,ok,1.0,0.0,0.0,-,"R13,R14,R16",0,0,3
FR12_530000869,ok,1.0,1.0,1.0,-,-,3,0,0
FR12_530000870,ok,1.0,1.0,1.0,-,-,3,0,0
FR12_530001052,ok,1.0,1.0,1.0,-,-,3,0,0
FR12_530001074,ok,1.0,1.0,1.0,-,-,4,0,0
FR12_530001080,ok,1.0,1.0,1.0,-,-,0,0,0
FR12_530001102,ok,1.0,1.0,1.0,-,-,3,0,0
FR12_530001103,ok,1.0,1.0,1.0,-,-,3,0,0
FR12_530001110,ok,1.0,1.0,1.0,-,-,0,0,0
FR12_530001111,ok,1.0,0.0,0.0,-,"R13,R14,R16",0,0,3
FR12_530001112,ok,1.0,0.0,0.0,-,"R13,R14,R16",0,0,3
FR12_530001178,ok,1.0,0.0,0.0,-,"R13,R14,R16",0,0,3
FR12_530001184,ok,1.0,0.25,0.4,-,"R13,R14,R16",1,0,3
FR12_530001186,ok,1.0,1.0,1.0,-,-,4,0,0
FR12_530001187,ok,1.0,0.25,0.4,-,"R13,R14,R16",1,0,3
FR12_530001189,ok,1.0,0.0,0.0,-,"R13,R14,R16",0,0,3
FR12_530001221,ok,0.0,0.0,0.0,R05,"R13,R14,R16",0,1,3
FR12_530001222,ok,0.0,0.0,0.0,R05,"R13,R14,R16",0,1,3
FR12_530001224,ok,0.75,1.0,0.86,R05,-,3,1,0
FR12_530001225,ok,0.75,1.0,0.86,R05,-,3,1,0
FR12_530001233,ok,0.75,1.0,0.86,R05,-,3,1,0
FR12_530001234,ok,0.0,0.0,0.0,R05,"R13,R14,R16",0,1,3
FR12_530001236,ok,0.0,0.0,0.0,R05,"R13,R14,R16",0,1,3
FR12_530001237,ok,0.75,0.6,0.67,R05,"R03,R27",3,1,2
FR12_530001241,ok,0.0,0.0,0.0,R05,"R13,R14,R16",0,1,3
FR12_530001242,ok,0.0,0.0,0.0,R05,"R13,R14,R16",0,1,3
FR12_530001243,ok,0.0,0.0,0.0,R05,"R13,R14,R16",0,1,3
FR12_530001244,ok,0.0,0.0,0.0,R05,"R13,R14,R16",0,1,3
FR12_530001245,ok,0.0,0.0,0.0,R05,"R13,R14,R16",0,1,3
FR12_530001247,ok,0.75,1.0,0.86,R05,-,3,1,0
FR12_530001248,ok,0.75,1.0,0.86,R05,-,3,1,0
FR12_530001249,ok,0.0,0.0,0.0,R05,"R13,R14,R16",0,1,3
FR12_530001250,ok,0.0,0.0,0.0,R05,"R13,R14,R16",0,1,3
FR12_530001252,ok,0.75,1.0,0.86,R05,-,3,1,0
FR12_530001253,ok,0.0,1.0,0.0,R05,-,0,1,0
FR12_530001257,ok,1.0,1.0,1.0,-,-,3,0,0
FR12_530001258,ok,1.0,1.0,1.0,-,-,3,0,0
FR12_530001265,ok,0.0,0.0,0.0,R05,"R13,R14,R16",0,1,3
FR12_530001266,ok,0.75,1.0,0.86,R05,-,3,1,0
FR12_530001268,ok,0.0,0.0,0.0,R05,"R13,R14,R16",0,1,3
FR12_530001269,ok,0.75,1.0,0.86,R05,-,3,1,0
FR12_530001271,ok,0.0,0.0,0.0,R05,"R13,R14,R16",0,1,3
FR12_530001272,ok,0.0,0.0,0.0,R05,"R13,R14,R16",0,1,3
FR12_530001274,ok,0.75,1.0,0.86,R05,-,3,1,0
FR12_530001275,ok,0.75,1.0,0.86,R05,-,3,1,0
FR12_530001277,ok,1.0,1.0,1.0,-,-,3,0,0
FR12_530001278,ok,0.75,1.0,0.86,R05,-,3,1,0
FR12_530001280,ok,0.0,1.0,0.0,"R05,R13,R14,R16",-,0,4,0
FR12_530001283,ok,0.75,1.0,0.86,R05,-,3,1,0
FR12_530001285,ok,0.0,0.0,0.0,R05,"R13,R14,R16",0,1,3
FR12_530001345,ok,0.0,0.0,0.0,R01,"R13,R14,R16",0,1,3
FR12_530001346,ok,1.0,0.25,0.4,-,"R13,R14,R16",1,0,3
FR12_530001347,ok,1.0,0.25,0.4,-,"R13,R14,R16",1,0,3
FR12_530001348,ok,1.0,1.0,1.0,-,-,4,0,0
FR12_530001349,ok,0.75,0.6,0.67,R01,"R05,R27",3,1,2
FR12_530001350,ok,0.75,0.75,0.75,R01,R05,3,1,1
FR12_530001352,ok,0.0,0.0,0.0,R01,"R05,R13,R14,R16",0,1,4
FR12_530001354,ok,0.0,0.0,0.0,R01,"R05,R13,R14,R16",0,1,4
FR12_530001358,ok,0.75,0.75,0.75,R01,R05,3,1,1
FR12_530001360,ok,1.0,1.0,1.0,-,-,4,0,0
FR12_530001361,ok,1.0,1.0,1.0,-,-,5,0,0
FR12_530001672,ok,1.0,0.0,0.0,-,"R13,R14,R16",0,0,3
FR12_530001677,ok,1.0,0.0,0.0,-,"R13,R14,R16",0,0,3
FR12_530001678,ok,1.0,0.0,0.0,-,"R13,R14,R16",0,0,3
FR12_530001694,ok,1.0,0.0,0.0,-,"R13,R14,R16",0,0,3
FR12_530001696,ok,1.0,1.0,1.0,-,-,3,0,0
FR12_530001698,ok,1.0,1.0,1.0,-,-,0,0,0
FR12_530001704,ok,1.0,1.0,1.0,-,-,0,0,0
FR12_530001709,ok,1.0,1.0,1.0,-,-,4,0,0
FR12_530001710,ok,1.0,0.25,0.4,-,"R13,R14,R16",1,0,3
FR12_530001711,ok,1.0,1.0,1.0,-,-,4,0,0
FR12_530001712,ok,1.0,1.0,1.0,-,-,4,0,0
FR12_530001713,ok,1.0,1.0,1.0,-,-,4,0,0
FR12_530001714,ok,1.0,1.0,1.0,-,-,4,0,0
FR12_530001715,ok,1.0,1.0,1.0,-,-,4,0,0
FR12_530001735,ok,1.0,1.0,1.0,-,-,3,0,0
FR12_530001738,ok,1.0,0.0,0.0,-,"R13,R14,R16",0,0,3
FR12_530001755,ok,1.0,1.0,1.0,-,-,4,0,0
FR12_530001756,ok,1.0,0.25,0.4,-,"R13,R14,R16",1,0,3
FR12_530001757,ok,0.8,1.0,0.89,R04,-,4,1,0
FR12_530002096,ok,1.0,1.0,1.0,-,-,3,0,0
FR12_530002097,ok,1.0,0.0,0.0,-,"R13,R14,R16",0,0,3
FR12_530002120,ok,1.0,0.0,0.0,-,"R13,R14,R16",0,0,3
FR12_530002121,ok,1.0,1.0,1.0,-,-,3,0,0
FR12_530002122,ok,1.0,1.0,1.0,-,-,3,0,0
FR12_530002123,ok,1.0,0.0,0.0,-,"R13,R14,R16",0,0,3
FR12_530002127,ok,1.0,0.0,0.0,-,"R13,R14,R16",0,0,3
FR12_530002128,ok,1.0,0.0,0.0,-,"R13,R14,R16",0,0,3
FR12_530002129,ok,1.0,1.0,1.0,-,-,3,0,0
FR12_530002130,ok,1.0,0.0,0.0,-,"R13,R14,R16",0,0,3
FR12_530002131,ok,1.0,1.0,1.0,-,-,3,0,0
FR12_530002135,ok,1.0,1.0,1.0,-,-,3,0,0
FR12_530002136,ok,1.0,1.0,1.0,-,-,3,0,0
FR12_530002137,ok,1.0,1.0,1.0,-,-,3,0,0
FR12_530002140,ok,1.0,1.0,1.0,-,-,3,0,0
FR12_530002141,ok,1.0,1.0,1.0,-,-,3,0,0
FR12_530002144,ok,1.0,1.0,1.0,-,-,4,0,0
FR12_530002146,ok,1.0,1.0,1.0,-,-,4,0,0
FR12_530002147,ok,1.0,0.25,0.4,-,"R13,R14,R16",1,0,3
FR12_530002148,ok,1.0,0.25,0.4,-,"R13,R14,R16",1,0,3
FR12_530002149,ok,1.0,1.0,1.0,-,-,4,0,0
FR12_530002150,ok,1.0,1.0,1.0,-,-,4,0,0
FR12_530002450,ok,1.0,0.0,0.0,-,"R13,R14,R16",0,0,3
FR12_530002564,ok,1.0,0.2,0.33,-,"R05,R13,R14,R16",1,0,4
FR12_530002565,ok,1.0,0.2,0.33,-,"R05,R13,R14,R16",1,0,4
FR12_530002566,ok,1.0,0.8,0.89,-,R05,4,0,1
FR12_530002567,ok,1.0,0.8,0.89,-,R05,4,0,1
FR12_530002568,ok,1.0,0.2,0.33,-,"R05,R13,R14,R16",1,0,4
FR12_530002569,ok,1.0,0.2,0.33,-,"R05,R13,R14,R16",1,0,4
FR12_530002570,ok,1.0,0.2,0.33,-,"R05,R13,R14,R16",1,0,4
FR12_530002571,ok,1.0,0.2,0.33,-,"R05,R13,R14,R16",1,0,4
FR12_530002573,ok,1.0,0.8,0.89,-,R05,4,0,1
FR12_530002574,ok,1.0,0.8,0.89,-,R05,4,0,1
FR12_530002575,ok,1.0,0.2,0.33,-,"R05,R13,R14,R16",1,0,4
FR12_530002576,ok,1.0,0.8,0.89,-,R05,4,0,1
FR12_530002577,ok,1.0,0.8,0.89,-,R05,4,0,1
FR12_530002578,ok,1.0,0.2,0.33,-,"R05,R13,R14,R16",1,0,4
FR12_530002579,ok,1.0,0.8,0.89,-,R05,4,0,1
FR12_530002580,ok,1.0,0.8,0.89,-,R05,4,0,1
FR12_530002582,ok,1.0,0.8,0.89,-,R05,4,0,1
FR12_530002583,ok,1.0,0.2,0.33,-,"R05,R13,R14,R16",1,0,4
FR12_530002584,ok,1.0,0.2,0.33,-,"R05,R13,R14,R16",1,0,4
FR12_530002585,ok,1.0,0.8,0.89,-,R05,4,0,1
FR12_530002588,ok,1.0,0.2,0.33,-,"R05,R13,R14,R16",1,0,4
FR12_530002593,ok,1.0,0.75,0.86,-,R05,3,0,1
FR12_530002594,ok,1.0,0.0,0.0,-,"R05,R13,R14,R16",0,0,4
FR12_530002595,ok,1.0,0.2,0.33,-,"R05,R13,R14,R16",1,0,4
FR12_530002596,ok,1.0,0.2,0.33,-,"R05,R13,R14,R16",1,0,4
FR12_530002597,ok,1.0,0.8,0.89,-,R05,4,0,1
FR12_530002598,ok,1.0,0.8,0.89,-,R05,4,0,1
FR12_530002599,ok,1.0,0.2,0.33,-,"R05,R13,R14,R16",1,0,4
FR12_530002600,ok,1.0,1.0,1.0,-,-,5,0,0
FR12_530002602,ok,1.0,1.0,1.0,-,-,5,0,0
FR12_530002603,ok,1.0,1.0,1.0,-,-,5,0,0
FR12_530002604,ok,1.0,1.0,1.0,-,-,5,0,0
FR12_530002605,ok,1.0,1.0,1.0,-,-,5,0,0
FR12_530002606,ok,1.0,1.0,1.0,-,-,5,0,0
FR12_530002607,ok,1.0,1.0,1.0,-,-,5,0,0
FR12_530002608,ok,1.0,0.4,0.57,-,"R13,R14,R16",2,0,3
FR12_530002609,ok,1.0,0.4,0.57,-,"R13,R14,R16",2,0,3
FR12_530002703,ok,1.0,0.25,0.4,-,"R13,R14,R16",1,0,3
FR12_530002704,ok,1.0,0.25,0.4,-,"R13,R14,R16",1,0,3
FR12_530002730,ok,1.0,0.2,0.33,-,"R05,R13,R14,R16",1,0,4
FR12_530002731,ok,1.0,0.8,0.89,-,R05,4,0,1
FR12_530002732,ok,1.0,0.8,0.89,-,R05,4,0,1
FR12_530002733,ok,1.0,0.8,0.89,-,R05,4,0,1
FR12_530002734,ok,1.0,0.8,0.89,-,R05,4,0,1
FR12_530002735,ok,1.0,0.2,0.33,-,"R05,R13,R14,R16",1,0,4
FR12_530002736,ok,1.0,0.2,0.33,-,"R05,R13,R14,R16",1,0,4
FR12_530002737,ok,1.0,0.8,0.89,-,R05,4,0,1
FR12_530002739,ok,1.0,0.8,0.89,-,R05,4,0,1
FR12_530002740,ok,1.0,0.8,0.89,-,R05,4,0,1
FR12_530002741,ok,1.0,0.2,0.33,-,"R05,R13,R14,R16",1,0,4
FR12_530002742,ok,1.0,0.8,0.89,-,R05,4,0,1
FR12_530002743,ok,1.0,0.8,0.89,-,R05,4,0,1
FR12_530002744,ok,1.0,0.8,0.89,-,R05,4,0,1
FR12_530002745,ok,1.0,0.2,0.33,-,"R05,R13,R14,R16",1,0,4
FR12_530002746,ok,1.0,0.2,0.33,-,"R05,R13,R14,R16",1,0,4
FR12_530002747,ok,1.0,0.2,0.33,-,"R05,R13,R14,R16",1,0,4
FR12_530002748,ok,1.0,0.2,0.33,-,"R05,R13,R14,R16",1,0,4
FR12_530002749,ok,1.0,0.8,0.89,-,R05,4,0,1
FR12_530002750,ok,1.0,0.8,0.89,-,R05,4,0,1
FR12_530002752,ok,1.0,0.8,0.89,-,R05,4,0,1
FR12_530002753,ok,1.0,0.8,0.89,-,R05,4,0,1
FR12_530002754,ok,1.0,0.2,0.33,-,"R05,R13,R14,R16",1,0,4
FR12_530002755,ok,1.0,0.2,0.33,-,"R05,R13,R14,R16",1,0,4
FR12_530002758,ok,1.0,0.75,0.86,-,R05,3,0,1
FR12_530002759,ok,1.0,0.0,0.0,-,"R05,R13,R14,R16",0,0,4
FR12_530002760,ok,1.0,0.2,0.33,-,"R05,R13,R14,R16",1,0,4
FR12_530002761,ok,1.0,0.8,0.89,-,R05,4,0,1
FR12_530002762,ok,1.0,0.8,0.89,-,R05,4,0,1
FR12_530002763,ok,1.0,0.8,0.89,-,R05,4,0,1
FR12_530002764,ok,1.0,0.2,0.33,-,"R05,R13,R14,R16",1,0,4
FR12_530002765,ok,1.0,0.8,0.89,-,R05,4,0,1
FR12_530002767,ok,1.0,0.8,0.89,-,R05,4,0,1
FR12_530002768,ok,1.0,0.8,0.89,-,R05,4,0,1
FR12_530002769,ok,1.0,0.8,0.89,-,R05,4,0,1
FR12_530002770,ok,1.0,0.2,0.33,-,"R05,R13,R14,R16",1,0,4
FR12_530002771,ok,1.0,0.8,0.89,-,R05,4,0,1
FR12_530002772,ok,1.0,0.2,0.33,-,"R05,R13,R14,R16",1,0,4
FR12_530002773,ok,1.0,0.2,0.33,-,"R05,R13,R14,R16",1,0,4
FR12_530002774,ok,1.0,0.2,0.33,-,"R05,R13,R14,R16",1,0,4
FR12_530002775,ok,1.0,0.2,0.33,-,"R05,R13,R14,R16",1,0,4
FR12_530002777,ok,1.0,0.2,0.33,-,"R05,R13,R14,R16",1,0,4
FR12_530002778,ok,1.0,0.8,0.89,-,R05,4,0,1
FR12_530002779,ok,1.0,0.8,0.89,-,R05,4,0,1
FR12_530002780,ok,1.0,0.2,0.33,-,"R05,R13,R14,R16",1,0,4
FR12_530002781,ok,1.0,0.8,0.89,-,R05,4,0,1
FR12_530002782,ok,1.0,0.2,0.33,-,"R05,R13,R14,R16",1,0,4
FR12_530002783,ok,1.0,0.2,0.33,-,"R05,R13,R14,R16",1,0,4
FR12_530002784,ok,1.0,0.2,0.33,-,"R05,R13,R14,R16",1,0,4
FR12_530002786,ok,1.0,0.8,0.89,-,R05,4,0,1
FR12_530002787,ok,1.0,0.2,0.33,-,"R05,R13,R14,R16",1,0,4
FR12_530002788,ok,1.0,0.75,0.86,-,R05,3,0,1
FR12_530002789,ok,1.0,0.8,0.89,-,R05,4,0,1
FR12_530002790,ok,1.0,0.8,0.89,-,R05,4,0,1
FR12_530002791,ok,1.0,0.8,0.89,-,R05,4,0,1
FR12_530002792,ok,1.0,0.2,0.33,-,"R05,R13,R14,R16",1,0,4
FR12_530002794,ok,1.0,0.2,0.33,-,"R05,R13,R14,R16",1,0,4
FR12_530002804,ok,1.0,0.2,0.33,-,"R05,R13,R14,R16",1,0,4
FR12_530002805,ok,1.0,1.0,1.0,-,-,1,0,0
FR12_530002808,ok,1.0,0.0,0.0,-,"R13,R14,R16",0,0,3
FR12_530002809,ok,1.0,1.0,1.0,-,-,3,0,0
FR12_530002810,ok,1.0,1.0,1.0,-,-,3,0,0
FR12_530002813,ok,1.0,1.0,1.0,-,-,4,0,0
FR12_530002814,ok,1.0,0.25,0.4,-,"R13,R14,R16",1,0,3
FR12_530002819,ok,1.0,0.25,0.4,-,"R13,R14,R16",1,0,3
FR12_530002820,ok,1.0,1.0,1.0,-,-,0,0,0
FR12_530002821,ok,1.0,1.0,1.0,-,-,0,0,0
FR12_530002916,ok,1.0,1.0,1.0,-,-,3,0,0
FR12_530002917,ok,1.0,0.2,0.33,-,"R05,R13,R14,R16",1,0,4
FR12_530002918,ok,1.0,0.2,0.33,-,"R05,R13,R14,R16",1,0,4
FR12_530002919,ok,1.0,0.8,0.89,-,R05,4,0,1
FR12_530002920,ok,1.0,0.2,0.33,-,"R05,R13,R14,R16",1,0,4
FR12_530002921,ok,1.0,0.8,0.89,-,R05,4,0,1
FR12_530002922,ok,1.0,0.2,0.33,-,"R05,R13,R14,R16",1,0,4
FR12_530002924,ok,1.0,0.2,0.33,-,"R05,R13,R14,R16",1,0,4
FR12_530002925,ok,1.0,0.2,0.33,-,"R05,R13,R14,R16",1,0,4
FR12_530002926,ok,1.0,0.4,0.57,-,"R13,R14,R16",2,0,3
FR12_530002927,ok,1.0,1.0,1.0,-,-,0,0,0
FR12_530003008,ok,1.0,1.0,1.0,-,-,4,0,0
FR12_530003220,ok,1.0,0.0,0.0,-,"R04,R05,R13,R14,R16",0,0,5
FR12_530003227,ok,1.0,1.0,1.0,-,-,4,0,0
FR12_530003231,ok,1.0,0.0,0.0,-,"R13,R14,R16",0,0,3
FR12_530003232,ok,1.0,0.0,0.0,-,"R13,R14,R16",0,0,3
FR12_530003235,ok,1.0,1.0,1.0,-,-,3,0,0
FR12_530003236,ok,1.0,1.0,1.0,-,-,3,0,0
FR12_530003237,ok,1.0,0.25,0.4,-,"R13,R14,R16",1,0,3
FR12_530003238,ok,1.0,1.0,1.0,-,-,3,0,0
FR12_530003239,ok,1.0,0.0,0.0,-,"R13,R14,R16",0,0,3
FR12_530003241,ok,1.0,0.0,0.0,-,"R13,R14,R16",0,0,3
FR12_530003245,ok,1.0,0.0,0.0,-,"R13,R14,R16",0,0,3
FR12_530003246,ok,1.0,1.0,1.0,-,-,3,0,0
FR12_530003326,ok,0.0,0.0,0.0,R05,"R13,R14,R16",0,1,3
FR12_530003328,ok,0.0,0.0,0.0,R05,"R13,R14,R16",0,1,3
FR12_530003331,ok,0.0,0.0,0.0,R05,"R13,R14,R16",0,1,3
FR12_530003336,ok,0.0,0.0,0.0,R05,"R13,R14,R16",0,1,3
FR12_530003343,ok,0.0,1.0,0.0,R05,-,0,1,0
FR12_530003352,ok,0.0,1.0,0.0,R05,-,0,1,0
FR12_530003355,ok,1.0,1.0,1.0,-,-,1,0,0
FR12_530003366,ok,1.0,1.0,1.0,-,-,1,0,0
FR12_530003370,ok,1.0,1.0,1.0,-,-,1,0,0
FR12_530003376,ok,1.0,1.0,1.0,-,-,1,0,0
FR12_530003379,ok,1.0,0.2,0.33,-,"R01,R13,R14,R16",1,0,4
FR12_530003380,ok,1.0,0.2,0.33,-,"R01,R13,R14,R16",1,0,4
FR12_530003397,ok,1.0,0.0,0.0,-,"R05,R13,R14,R16",0,0,4
FR12_530003407,ok,1.0,0.0,0.0,-,"R13,R14,R16",0,0,3
FR12_530003408,ok,1.0,0.0,0.0,-,"R13,R14,R16",0,0,3
FR12_530003409,ok,1.0,0.0,0.0,-,"R13,R14,R16",0,0,3
FR12_530003410,ok,1.0,1.0,1.0,-,-,3,0,0
FR12_530003411,ok,1.0,0.0,0.0,-,"R13,R14,R16",0,0,3
FR12_530003412,ok,1.0,0.0,0.0,-,"R13,R14,R16",0,0,3
FR12_530003413,ok,1.0,1.0,1.0,-,-,3,0,0
FR12_530003414,ok,1.0,1.0,1.0,-,-,3,0,0
FR12_530003415,ok,1.0,1.0,1.0,-,-,3,0,0
FR12_530003416,ok,1.0,1.0,1.0,-,-,3,0,0
FR12_530003417,ok,1.0,1.0,1.0,-,-,3,0,0
FR12_530003418,ok,1.0,0.0,0.0,-,"R13,R14,R16",0,0,3
FR12_530003419,ok,1.0,1.0,1.0,-,-,3,0,0
FR12_530003422,ok,1.0,0.0,0.0,-,"R13,R14,R16",0,0,3
FR12_530003423,ok,1.0,0.0,0.0,-,"R13,R14,R16",0,0,3
FR12_530003424,ok,1.0,0.0,0.0,-,"R13,R14,R16",0,0,3
FR12_530003425,ok,1.0,0.0,0.0,-,"R13,R14,R16",0,0,3
FR12_530003427,ok,1.0,1.0,1.0,-,-,3,0,0
FR12_530003428,ok,1.0,1.0,1.0,-,-,3,0,0
FR12_530003429,ok,1.0,0.0,0.0,-,"R13,R14,R16",0,0,3
FR12_530003430,ok,1.0,1.0,1.0,-,-,3,0,0
FR12_530003508,ok,1.0,1.0,1.0,-,-,3,0,0
FR12_530003509,ok,1.0,1.0,1.0,-,-,3,0,0
FR12_530003510,ok,1.0,0.0,0.0,-,"R13,R14,R16",0,0,3
FR12_530003511,ok,1.0,1.0,1.0,-,-,3,0,0
FR12_530003512,ok,1.0,0.0,0.0,-,"R13,R14,R16",0,0,3
FR12_530003521,ok,1.0,0.0,0.0,-,"R13,R14,R16",0,0,3
FR12_530003522,ok,1.0,0.0,0.0,-,"R13,R14,R16",0,0,3
FR12_530003523,ok,1.0,0.0,0.0,-,"R13,R14,R16",0,0,3
FR12_530003540,ok,1.0,1.0,1.0,-,-,4,0,0
FR12_530003541,ok,1.0,1.0,1.0,-,-,4,0,0
FR12_530003542,ok,1.0,0.25,0.4,-,"R13,R14,R16",1,0,3
FR12_530003543,ok,1.0,1.0,1.0,-,-,4,0,0
FR12_530003544,ok,1.0,1.0,1.0,-,-,4,0,0
FR12_530003545,ok,1.0,1.0,1.0,-,-,4,0,0
FR12_530003546,ok,1.0,1.0,1.0,-,-,4,0,0
FR12_530003550,ok,1.0,0.0,0.0,-,"R13,R14,R16",0,0,3
FR12_530003582,ok,0.0,0.0,0.0,R05,R01,0,1,1
FR12_530003584,ok,0.0,0.0,0.0,R05,R01,0,1,1
FR12_530003630,ok,1.0,1.0,1.0,-,-,4,0,0
FR12_530003675,ok,1.0,1.0,1.0,-,-,3,0,0
FR12_530003677,ok,1.0,1.0,1.0,-,-,3,0,0
FR12_530003680,ok,1.0,1.0,1.0,-,-,3,0,0
FR12_530003681,ok,1.0,1.0,1.0,-,-,3,0,0
FR12_530003682,ok,1.0,1.0,1.0,-,-,3,0,0
FR12_530003683,ok,1.0,1.0,1.0,-,-,3,0,0
FR12_530003684,ok,1.0,1.0,1.0,-,-,3,0,0
FR12_530003685,ok,1.0,1.0,1.0,-,-,3,0,0
FR12_530003686,ok,1.0,0.0,0.0,-,"R13,R14,R16",0,0,3
FR12_530003688,ok,1.0,1.0,1.0,-,-,3,0,0
FR12_530003689,ok,1.0,1.0,1.0,-,-,3,0,0
FR12_530003690,ok,1.0,1.0,1.0,-,-,4,0,0
FR12_530003691,ok,1.0,1.0,1.0,-,-,4,0,0
FR12_530003706,ok,1.0,0.0,0.0,-,"R13,R14,R16",0,0,3
FR12_530003720,ok,1.0,1.0,1.0,-,-,3,0,0
FR12_530003725,ok,1.0,1.0,1.0,-,-,3,0,0
FR12_530003789,ok,1.0,1.0,1.0,-,-,3,0,0
FR12_530003792,ok,1.0,1.0,1.0,-,-,3,0,0
FR12_530003793,ok,1.0,0.0,0.0,-,"R13,R14,R16",0,0,3
FR12_530003798,ok,1.0,0.0,0.0,-,"R13,R14,R16",0,0,3
FR12_530003799,ok,1.0,0.0,0.0,-,"R13,R14,R16",0,0,3
FR12_530003800,ok,1.0,1.0,1.0,-,-,3,0,0
FR12_530003801,ok,1.0,1.0,1.0,-,-,3,0,0
FR12_530003802,ok,1.0,1.0,1.0,-,-,3,0,0
FR12_530003803,ok,1.0,1.0,1.0,-,-,3,0,0
FR12_530003804,ok,1.0,1.0,1.0,-,-,3,0,0
FR12_530003805,ok,1.0,0.0,0.0,-,"R13,R14,R16",0,0,3
FR12_530003806,ok,1.0,1.0,1.0,-,-,3,0,0
FR12_530003807,ok,1.0,0.0,0.0,-,"R13,R14,R16",0,0,3
FR12_530003808,ok,1.0,1.0,1.0,-,-,0,0,0
FR12_530003809,ok,1.0,1.0,1.0,-,-,0,0,0
FR12_530003810,ok,1.0,0.25,0.4,-,"R13,R14,R16",1,0,3
FR12_530003811,ok,1.0,1.0,1.0,-,-,6,0,0
FR12_530003812,ok,1.0,0.5,0.67,-,"R13,R14,R16",3,0,3
FR12_530003813,ok,1.0,1.0,1.0,-,-,4,0,0
FR12_530003814,ok,1.0,0.25,0.4,-,"R13,R14,R16",1,0,3
FR12_530003815,ok,1.0,1.0,1.0,-,-,4,0,0
FR12_530003816,ok,1.0,1.0,1.0,-,-,4,0,0
FR12_530003817,ok,1.0,1.0,1.0,-,-,5,0,0
FR12_530003818,ok,1.0,0.25,0.4,-,"R13,R14,R16",1,0,3
FR12_530003829,ok,1.0,0.57,0.73,-,"R13,R14,R16",4,0,3
FR12_530003959,ok,1.0,0.0,0.0,-,"R13,R14,R16",0,0,3
FR12_530003961,ok,1.0,0.0,0.0,-,"R13,R14,R16",0,0,3
FR12_530003964,ok,1.0,0.0,0.0,-,"R13,R14,R16",0,0,3
FR12_530003974,ok,1.0,0.0,0.0,-,"R13,R14,R16",0,0,3
FR12_530004081,ok,1.0,0.0,0.0,-,"R13,R14,R16",0,0,3
FR12_530004082,ok,1.0,0.0,0.0,-,"R13,R14,R16",0,0,3
FR12_530004086,ok,1.0,1.0,1.0,-,-,3,0,0
FR12_530004183,ok,1.0,1.0,1.0,-,-,4,0,0
FR12_530004187,ok,1.0,0.25,0.4,-,"R13,R14,R16",1,0,3
FR12_530004191,ok,0.0,0.0,0.0,"R01,R13,R14,R16",R06,0,4,1
FR12_530004605,ok,1.0,1.0,1.0,-,-,3,0,0
FR12_530004606,ok,1.0,1.0,1.0,-,-,3,0,0
FR12_530004607,ok,1.0,0.0,0.0,-,"R13,R14,R16",0,0,3
FR12_530004608,ok,1.0,0.0,0.0,-,"R13,R14,R16",0,0,3
FR12_530004609,ok,1.0,1.0,1.0,-,-,3,0,0
FR12_530004611,ok,1.0,1.0,1.0,-,-,3,0,0
FR12_530004612,ok,1.0,0.0,0.0,-,"R13,R14,R16",0,0,3
FR12_530004614,ok,1.0,0.25,0.4,-,"R13,R14,R16",1,0,3
FR12_530004629,ok,1.0,0.0,0.0,-,"R13,R14,R16",0,0,3
FR12_530004669,ok,1.0,0.0,0.0,-,"R13,R14,R16",0,0,3
FR12_530004680,ok,1.0,0.0,0.0,-,"R13,R14,R16",0,0,3
FR12_530004869,ok,1.0,0.0,0.0,-,"R13,R14,R16",0,0,3
FR12_530004873,ok,1.0,0.0,0.0,-,"R13,R14,R16",0,0,3
FR12_530004880,ok,1.0,1.0,1.0,-,-,3,0,0
FR12_530004965,ok,1.0,1.0,1.0,-,-,4,0,0
FR12_530004967,ok,1.0,1.0,1.0,-,-,4,0,0
FR12_530004968,ok,1.0,0.25,0.4,-,"R13,R14,R16",1,0,3
FR12_530004969,ok,1.0,1.0,1.0,-,-,4,0,0
FR12_530004970,ok,1.0,1.0,1.0,-,-,4,0,0
FR12_530004971,ok,1.0,0.25,0.4,-,"R13,R14,R16",1,0,3
FR12_530004986,ok,1.0,1.0,1.0,-,-,4,0,0
FR12_530004991,ok,1.0,1.0,1.0,-,-,4,0,0
FR12_530004992,ok,0.0,0.0,0.0,R01,"R13,R14,R16",0,1,3
FR12_530004994,ok,1.0,0.25,0.4,-,"R13,R14,R16",1,0,3
FR12_530004995,ok,0.75,1.0,0.86,R01,-,3,1,0
FR12_530004997,ok,1.0,1.0,1.0,-,-,3,0,0
FR12_530004998,ok,1.0,1.0,1.0,-,-,3,0,0
FR12_530005019,ok,1.0,0.0,0.0,-,R05,0,0,1
FR12_530005020,ok,1.0,0.0,0.0,-,"R13,R14,R16",0,0,3
FR12_530005021,ok,1.0,1.0,1.0,-,-,3,0,0
FR12_530005033,ok,1.0,1.0,1.0,-,-,3,0,0
FR12_530005036,ok,1.0,0.0,0.0,-,"R13,R14,R16",0,0,3
FR12_530005038,ok,1.0,1.0,1.0,-,-,3,0,0
FR12_530005039,ok,1.0,0.0,0.0,-,"R13,R14,R16",0,0,3
FR12_530005040,ok,1.0,1.0,1.0,-,-,3,0,0
FR12_530005041,ok,1.0,0.0,0.0,-,"R13,R14,R16",0,0,3
FR12_530005045,ok,1.0,0.25,0.4,-,"R13,R14,R16",1,0,3
FR12_530005046,ok,1.0,1.0,1.0,-,-,4,0,0
FR12_530005084,ok,1.0,1.0,1.0,-,-,5,0,0
FR12_530005088,ok,1.0,0.0,0.0,-,"R13,R14,R16",0,0,3
FR12_530005089,ok,1.0,1.0,1.0,-,-,3,0,0
FR12_530005090,ok,1.0,1.0,1.0,-,-,3,0,0
FR12_530005091,ok,1.0,1.0,1.0,-,-,3,0,0
FR12_530005092,ok,1.0,0.0,0.0,-,"R13,R14,R16",0,0,3
FR12_530005093,ok,1.0,1.0,1.0,-,-,3,0,0
FR12_530005094,ok,1.0,0.0,0.0,-,"R13,R14,R16",0,0,3
FR12_530005095,ok,1.0,0.0,0.0,-,"R13,R14,R16",0,0,3
FR12_530005104,ok,1.0,0.75,0.86,-,R05,3,0,1
FR12_530005105,ok,1.0,1.0,1.0,-,-,3,0,0
FR12_530005106,ok,1.0,0.0,0.0,-,"R13,R14,R16",0,0,3
FR12_530005120,ok,1.0,0.25,0.4,-,"R13,R14,R16",1,0,3
FR12_530005282,ok,1.0,1.0,1.0,-,-,4,0,0
FR12_530005297,ok,1.0,1.0,1.0,-,-,4,0,0
FR12_530005298,ok,1.0,0.25,0.4,-,"R13,R14,R16",1,0,3
FR12_530005317,ok,1.0,0.25,0.4,-,"R13,R14,R16",1,0,3
FR12_530005332,ok,1.0,1.0,1.0,-,-,4,0,0
FR12_530005333,ok,1.0,0.25,0.4,-,"R13,R14,R16",1,0,3
FR12_530005350,ok,1.0,1.0,1.0,-,-,4,0,0
FR12_530005365,ok,1.0,1.0,1.0,-,-,4,0,0
FR12_530005458,ok,1.0,0.0,0.0,-,"R13,R14,R16",0,0,3
FR12_530005491,ok,0.0,1.0,0.0,"R13,R14,R16",-,0,3,0
FR12_530005493,ok,1.0,1.0,1.0,-,-,0,0,0
FR12_530005495,ok,0.0,1.0,0.0,"R13,R14,R16",-,0,3,0
FR12_530005497,ok,1.0,0.75,0.86,-,R07,3,0,1
FR12_530005499,ok,1.0,1.0,1.0,-,-,3,0,0
FR12_530005501,ok,1.0,1.0,1.0,-,-,3,0,0
FR12_530005503,ok,1.0,1.0,1.0,-,-,3,0,0
FR12_530005505,ok,1.0,1.0,1.0,-,-,3,0,0
FR12_530005567,ok,1.0,1.0,1.0,-,-,4,0,0
FR12_530005572,ok,1.0,1.0,1.0,-,-,4,0,0
FR12_530005754,ok,1.0,1.0,1.0,-,-,3,0,0
FR12_530005755,ok,1.0,1.0,1.0,-,-,3,0,0
FR12_530005756,ok,1.0,0.0,0.0,-,"R13,R14,R16",0,0,3
FR12_530005757,ok,1.0,1.0,1.0,-,-,3,0,0
FR12_530005758,ok,1.0,0.0,0.0,-,"R13,R14,R16",0,0,3
FR12_530005760,ok,1.0,1.0,1.0,-,-,3,0,0
FR12_530005762,ok,1.0,1.0,1.0,-,-,3,0,0
FR12_530005763,ok,1.0,1.0,1.0,-,-,3,0,0
FR12_530005764,ok,1.0,1.0,1.0,-,-,3,0,0
FR12_530005765,ok,1.0,0.0,0.0,-,"R13,R14,R16",0,0,3
FR12_530005766,ok,1.0,0.0,0.0,-,"R13,R14,R16",0,0,3
FR12_530005767,ok,1.0,0.0,0.0,-,"R13,R14,R16",0,0,3
FR12_530005874,ok,1.0,1.0,1.0,-,-,0,0,0
FR12_530005878,ok,1.0,1.0,1.0,-,-,3,0,0
FR12_530005879,ok,1.0,0.0,0.0,-,"R13,R14,R16",0,0,3
FR12_530005881,ok,1.0,0.0,0.0,-,"R13,R14,R16",0,0,3
FR12_530005888,ok,1.0,0.0,0.0,-,"R13,R14,R16",0,0,3
FR12_530005889,ok,1.0,1.0,1.0,-,-,3,0,0
FR12_530005890,ok,1.0,1.0,1.0,-,-,3,0,0
FR12_530005891,ok,1.0,1.0,1.0,-,-,3,0,0
FR12_530005892,ok,1.0,1.0,1.0,-,-,3,0,0
FR12_530005893,ok,1.0,1.0,1.0,-,-,3,0,0
FR12_530005900,ok,1.0,0.0,0.0,-,"R13,R14,R16",0,0,3
FR12_530005902,ok,1.0,0.0,0.0,-,"R13,R14,R16",0,0,3
FR12_530005904,ok,1.0,0.0,0.0,-,"R13,R14,R16",0,0,3
FR12_530005905,ok,1.0,0.0,0.0,-,"R13,R14,R16",0,0,3
FR12_530005906,ok,1.0,1.0,1.0,-,-,0,0,0
FR12_530005907,ok,1.0,1.0,1.0,-,-,0,0,0
FR12_530005908,ok,1.0,1.0,1.0,-,-,0,0,0
FR12_530005909,ok,1.0,1.0,1.0,-,-,0,0,0
FR12_530005910,ok,1.0,0.0,0.0,-,"R13,R14,R16",0,0,3
FR12_530005911,ok,1.0,1.0,1.0,-,-,3,0,0
FR12_530005912,ok,1.0,0.0,0.0,-,"R13,R14,R16",0,0,3
FR12_530005913,ok,1.0,1.0,1.0,-,-,3,0,0
FR12_530005914,ok,1.0,0.0,0.0,-,"R13,R14,R16",0,0,3
FR12_530005916,ok,1.0,0.0,0.0,-,"R13,R14,R16",0,0,3
FR12_530005917,ok,1.0,1.0,1.0,-,-,3,0,0
FR12_530005919,ok,1.0,1.0,1.0,-,-,3,0,0
FR12_530005921,ok,1.0,1.0,1.0,-,-,3,0,0
FR12_530005923,ok,1.0,1.0,1.0,-,-,4,0,0
FR12_530006165,ok,0.0,0.0,0.0,R05,"R06,R13,R14,R16",0,1,4
FR12_530006166,ok,0.0,0.0,0.0,R05,"R06,R13,R14,R16",0,1,4
FR12_530006167,ok,0.0,0.0,0.0,R05,"R06,R13,R14,R16",0,1,4
FR12_530006169,ok,1.0,0.0,0.0,-,"R06,R13,R14,R16",0,0,4
FR12_530006170,ok,1.0,0.0,0.0,-,"R06,R13,R14,R16",0,0,4
FR12_530006173,ok,0.75,1.0,0.86,R05,-,3,1,0
FR12_530006175,ok,0.75,0.75,0.75,R05,R06,3,1,1
FR12_530006185,ok,1.0,0.25,0.4,-,"R13,R14,R16",1,0,3
FR12_530006186,ok,0.75,1.0,0.86,R05,-,3,1,0
FR12_530006187,ok,0.0,0.0,0.0,R05,"R13,R14,R16",0,1,3
FR12_530006188,ok,0.75,1.0,0.86,R05,-,3,1,0
FR12_530006189,ok,0.0,0.0,0.0,R05,"R13,R14,R16",0,1,3
FR12_530006190,ok,0.75,1.0,0.86,R05,-,3,1,0
FR12_530006192,ok,0.5,1.0,0.67,"R04,R05,R15",-,3,3,0
FR12_530006193,ok,0.75,1.0,0.86,R05,-,3,1,0
FR12_530006194,ok,0.0,0.0,0.0,R05,"R13,R14,R16",0,1,3
FR12_530006195,ok,0.0,0.0,0.0,R05,"R13,R14,R16",0,1,3
FR12_530006197,ok,0.5,1.0,0.67,"R04,R05,R15",-,3,3,0
FR12_530006198,ok,0.75,1.0,0.86,R05,-,3,1,0
FR12_530006200,ok,0.0,0.0,0.0,R05,"R13,R14,R16",0,1,3
FR12_530006201,ok,0.75,1.0,0.86,R05,-,3,1,0
FR12_530006202,ok,0.75,1.0,0.86,R05,-,3,1,0
FR12_530006203,ok,0.0,0.0,0.0,R05,"R13,R14,R16",0,1,3
FR12_530006204,ok,0.75,1.0,0.86,R05,-,3,1,0
FR12_530006205,ok,0.0,0.0,0.0,R05,"R13,R14,R16",0,1,3
FR12_530006206,ok,0.0,0.0,0.0,R05,"R13,R14,R16",0,1,3
FR12_530006207,ok,0.75,1.0,0.86,R05,-,3,1,0
FR12_530006208,ok,0.75,1.0,0.86,R05,-,3,1,0
FR12_530006210,ok,0.0,0.0,0.0,R05,"R13,R14,R16",0,1,3
FR12_530006211,ok,0.0,0.0,0.0,R05,"R13,R14,R16",0,1,3
FR12_530006212,ok,0.0,0.0,0.0,R05,"R13,R14,R16",0,1,3
FR12_530006213,ok,0.75,0.6,0.67,R05,"R01,R06",3,1,2
FR12_530006215,ok,0.0,0.0,0.0,R05,"R06,R13,R14,R16",0,1,4
FR12_530006216,ok,0.0,0.0,0.0,R05,"R01,R06,R13,R14,R16",0,1,5
FR12_530006217,ok,0.75,0.75,0.75,R05,R06,3,1,1
FR12_530006218,ok,0.75,0.75,0.75,R05,R06,3,1,1
FR12_530006219,ok,0.0,0.0,0.0,R05,"R06,R13,R14,R16",0,1,4
FR12_530006220,ok,0.0,0.0,0.0,R05,"R06,R13,R14,R16",0,1,4
FR12_530006222,ok,0.75,1.0,0.86,R05,-,3,1,0
FR12_530006223,ok,0.0,0.0,0.0,R05,"R13,R14,R16",0,1,3
FR12_530006224,ok,0.0,0.0,0.0,R05,"R13,R14,R16",0,1,3
FR12_530006226,ok,0.0,0.0,0.0,R05,"R13,R14,R16",0,1,3
FR12_530006227,ok,0.0,0.0,0.0,R05,"R13,R14,R16",0,1,3
FR12_530006228,ok,0.0,0.0,0.0,R05,"R13,R14,R16",0,1,3
FR12_530006229,ok,0.0,0.0,0.0,R05,"R13,R14,R16",0,1,3
FR12_530006235,ok,0.0,0.0,0.0,R05,"R13,R14,R16",0,1,3
FR12_530006264,ok,1.0,0.25,0.4,-,"R13,R14,R16",1,0,3
FR12_530006265,ok,1.0,0.25,0.4,-,"R13,R14,R16",1,0,3
FR12_530006266,ok,1.0,0.25,0.4,-,"R13,R14,R16",1,0,3
FR12_530006267,ok,1.0,1.0,1.0,-,-,4,0,0
FR12_530006268,ok,0.0,0.0,0.0,R05,"R13,R14,R16",0,1,3
FR12_530006269,ok,0.75,1.0,0.86,R05,-,3,1,0
FR12_530006270,ok,0.0,0.0,0.0,R05,"R13,R14,R16",0,1,3
FR12_530006271,ok,0.0,0.0,0.0,R05,"R13,R14,R16",0,1,3
FR12_530006272,ok,0.0,0.0,0.0,R05,"R13,R14,R16",0,1,3
FR12_530006273,ok,0.75,1.0,0.86,R05,-,3,1,0
FR12_530006274,ok,0.0,0.0,0.0,R05,"R13,R14,R16",0,1,3
FR12_530006275,ok,0.75,1.0,0.86,R05,-,3,1,0
FR12_530006276,ok,0.0,0.0,0.0,R05,"R13,R14,R16",0,1,3
FR12_530006277,ok,0.0,0.0,0.0,R05,"R13,R14,R16",0,1,3
FR12_530006278,ok,0.75,1.0,0.86,R05,-,3,1,0
FR12_530006280,ok,0.75,1.0,0.86,R05,-,3,1,0
FR12_530006281,ok,0.75,1.0,0.86,R05,-,3,1,0
FR12_530006282,ok,1.0,0.0,0.0,-,"R13,R14,R16",0,0,3
FR12_530006283,ok,0.75,1.0,0.86,R05,-,3,1,0
FR12_530006284,ok,0.0,0.0,0.0,R05,"R13,R14,R16",0,1,3
FR12_530006285,ok,1.0,0.0,0.0,-,"R13,R14,R16",0,0,3
FR12_530006287,ok,1.0,0.0,0.0,-,"R13,R14,R16",0,0,3
FR12_530006289,ok,0.0,0.0,0.0,R05,"R13,R14,R16",0,1,3
FR12_530006291,ok,0.75,1.0,0.86,R05,-,3,1,0
FR12_530006292,ok,1.0,0.0,0.0,-,"R13,R14,R16",0,0,3
FR12_530006294,ok,1.0,1.0,1.0,-,-,3,0,0
FR12_530006296,ok,1.0,0.25,0.4,-,"R13,R14,R16",1,0,3
FR12_530006299,ok,0.75,1.0,0.86,R05,-,3,1,0
FR12_530006300,ok,0.0,0.0,0.0,R05,"R13,R14,R16",0,1,3
FR12_530006301,ok,0.0,0.0,0.0,R05,"R13,R14,R16",0,1,3
FR12_530006302,ok,0.0,0.0,0.0,R05,"R13,R14,R16",0,1,3
FR12_530006303,ok,0.75,1.0,0.86,R05,-,3,1,0
FR12_530006304,ok,0.0,0.0,0.0,R05,"R13,R14,R16",0,1,3
FR12_530006305,ok,0.75,1.0,0.86,R05,-,3,1,0
FR12_530006306,ok,0.75,1.0,0.86,R05,-,3,1,0
FR12_530006314,ok,0.75,1.0,0.86,R05,-,3,1,0
FR12_530006316,ok,0.75,1.0,0.86,R05,-,3,1,0
FR12_530006317,ok,0.75,1.0,0.86,R05,-,3,1,0
FR12_530006320,ok,0.75,1.0,0.86,R05,-,3,1,0
FR12_530006322,ok,0.75,1.0,0.86,R05,-,3,1,0
FR12_530006325,ok,0.0,0.0,0.0,R05,"R13,R14,R16",0,1,3
FR12_530006326,ok,0.75,1.0,0.86,R05,-,3,1,0
FR12_530006327,ok,0.75,1.0,0.86,R05,-,3,1,0
FR12_530006329,ok,0.75,1.0,0.86,R05,-,3,1,0
FR12_530006330,ok,0.0,0.0,0.0,R05,"R13,R14,R16",0,1,3
FR12_530006448,ok,0.75,1.0,0.86,R05,-,3,1,0
FR12_530006449,ok,0.0,0.0,0.0,R05,"R13,R14,R16",0,1,3
FR12_530006450,ok,1.0,1.0,1.0,-,-,4,0,0
FR12_530006753,ok,0.75,1.0,0.86,R05,-,3,1,0
FR12_530006956,ok,1.0,0.25,0.4,-,"R13,R14,R16",1,0,3
FR12_530006957,ok,1.0,0.25,0.4,-,"R13,R14,R16",1,0,3
FR12_530006958,ok,1.0,1.0,1.0,-,-,3,0,0
FR12_530006959,ok,1.0,1.0,1.0,-,-,3,0,0
FR12_530006960,ok,1.0,1.0,1.0,-,-,3,0,0
FR12_530006962,ok,1.0,0.25,0.4,-,"R13,R14,R16",1,0,3
FR12_530006963,ok,1.0,1.0,1.0,-,-,3,0,0
FR12_530006965,ok,1.0,1.0,1.0,-,-,4,0,0
FR12_530006966,ok,1.0,0.4,0.57,-,"R13,R14,R16",2,0,3
FR12_530006968,ok,1.0,1.0,1.0,-,-,4,0,0
FR12_530006970,ok,1.0,0.0,0.0,-,"R13,R14,R16",0,0,3
FR12_530007006,ok,0.0,0.0,0.0,R05,"R13,R14,R16",0,1,3
FR12_530007007,ok,0.75,1.0,0.86,R05,-,3,1,0
FR12_530007019,ok,0.75,1.0,0.86,R05,-,3,1,0
FR12_530007027,ok,0.0,0.0,0.0,R05,"R13,R14,R16",0,1,3
FR12_530007029,ok,0.75,1.0,0.86,R05,-,3,1,0
FR12_530007040,ok,0.75,1.0,0.86,R05,-,3,1,0
FR12_530007041,ok,0.0,0.0,0.0,R05,"R13,R14,R16",0,1,3
FR12_530007042,ok,0.0,0.0,0.0,R05,"R13,R14,R16",0,1,3
FR12_530007043,ok,0.75,1.0,0.86,R05,-,3,1,0
FR12_530007044,ok,0.75,1.0,0.86,R05,-,3,1,0
FR12_530007045,ok,0.75,1.0,0.86,R05,-,3,1,0
FR12_530007047,ok,0.75,1.0,0.86,R05,-,3,1,0
FR12_530007048,ok,0.75,1.0,0.86,R05,-,3,1,0
FR12_530007049,ok,0.0,0.0,0.0,R05,"R13,R14,R16",0,1,3
FR12_530007050,ok,0.0,0.0,0.0,R05,"R13,R14,R16",0,1,3
FR12_530007067,ok,1.0,1.0,1.0,-,-,0,0,0
FR12_530007071,ok,0.0,0.0,0.0,R05,"R13,R14,R16",0,1,3
FR12_530007072,ok,0.75,1.0,0.86,R05,-,3,1,0
FR12_530007073,ok,0.75,1.0,0.86,R05,-,3,1,0
FR12_530007074,ok,0.0,0.0,0.0,R05,"R13,R14,R16",0,1,3
FR12_530007075,ok,0.75,1.0,0.86,R05,-,3,1,0
FR12_530007076,ok,0.75,1.0,0.86,R05,-,3,1,0
FR12_530007079,ok,0.75,1.0,0.86,R05,-,3,1,0
FR12_530007081,ok,0.0,0.0,0.0,R05,"R13,R14,R16",0,1,3
FR12_530007085,ok,0.0,0.0,0.0,R05,"R13,R14,R16",0,1,3
FR12_530007087,ok,0.0,0.0,0.0,R05,"R13,R14,R16",0,1,3
FR12_530007099,ok,1.0,1.0,1.0,-,-,4,0,0
FR12_530007140,ok,1.0,1.0,1.0,-,-,4,0,0
FR12_530007141,ok,1.0,0.25,0.4,-,"R13,R14,R16",1,0,3
FR12_530007142,ok,1.0,1.0,1.0,-,-,4,0,0
FR12_530007143,ok,0.75,1.0,0.86,R05,-,3,1,0
FR12_530007260,ok,1.0,1.0,1.0,-,-,4,0,0
FR12_530007261,ok,1.0,0.25,0.4,-,"R13,R14,R16",1,0,3
FR12_530007262,ok,1.0,1.0,1.0,-,-,4,0,0
FR12_530007263,ok,1.0,1.0,1.0,-,-,4,0,0
FR12_530007264,ok,0.75,1.0,0.86,R05,-,3,1,0
FR12_530007265,ok,0.75,1.0,0.86,R05,-,3,1,0
FR12_530007266,ok,1.0,0.0,0.0,-,"R13,R14,R16",0,0,3
FR12_530007267,ok,1.0,1.0,1.0,-,-,4,0,0
FR12_530007268,ok,0.75,1.0,0.86,R05,-,3,1,0
FR12_530007269,ok,1.0,1.0,1.0,-,-,4,0,0
FR12_530007270,ok,1.0,1.0,1.0,-,-,4,0,0
FR12_530007271,ok,1.0,1.0,1.0,-,-,4,0,0
FR12_530007272,ok,1.0,1.0,1.0,-,-,4,0,0
FR12_530007273,ok,1.0,1.0,1.0,-,-,4,0,0
FR12_530007276,ok,1.0,0.25,0.4,-,"R13,R14,R16",1,0,3
FR12_530007277,ok,1.0,1.0,1.0,-,-,4,0,0
FR12_530007279,ok,1.0,1.0,1.0,-,-,4,0,0
FR12_530007281,ok,1.0,1.0,1.0,-,-,4,0,0
FR12_530007283,ok,1.0,0.25,0.4,-,"R13,R14,R16",1,0,3
FR12_530007284,ok,1.0,1.0,1.0,-,-,4,0,0
FR12_530007445,ok,1.0,0.0,0.0,-,R05,0,0,1
FR12_530007606,ok,1.0,0.25,0.4,-,"R13,R14,R16",1,0,3
FR12_530007628,ok,1.0,1.0,1.0,-,-,4,0,0
FR12_530007629,ok,1.0,1.0,1.0,-,-,4,0,0
FR12_530007630,ok,1.0,0.25,0.4,-,"R13,R14,R16",1,0,3
FR12_530007631,ok,1.0,0.25,0.4,-,"R13,R14,R16",1,0,3
FR12_530007632,ok,1.0,1.0,1.0,-,-,4,0,0
FR12_530007633,ok,1.0,0.25,0.4,-,"R13,R14,R16",1,0,3
FR12_530007635,ok,1.0,1.0,1.0,-,-,4,0,0
FR12_530007636,ok,1.0,1.0,1.0,-,-,4,0,0
FR12_530007639,ok,1.0,1.0,1.0,-,-,4,0,0
FR12_530007640,ok,1.0,0.25,0.4,-,"R13,R14,R16",1,0,3
FR12_530007641,ok,1.0,1.0,1.0,-,-,4,0,0
FR12_530007644,ok,1.0,1.0,1.0,-,-,4,0,0
FR12_530007648,ok,1.0,0.25,0.4,-,"R13,R14,R16",1,0,3
FR12_530007649,ok,1.0,1.0,1.0,-,-,4,0,0
FR12_530007652,ok,1.0,1.0,1.0,-,-,4,0,0
FR12_530007718,ok,1.0,1.0,1.0,-,-,0,0,0
FR12_530007861,ok,1.0,1.0,1.0,-,-,3,0,0
FR12_530007862,ok,1.0,1.0,1.0,-,-,3,0,0
FR12_530007863,ok,1.0,0.0,0.0,-,"R13,R14,R16",0,0,3
FR12_530007864,ok,1.0,1.0,1.0,-,-,3,0,0
FR12_530007865,ok,1.0,1.0,1.0,-,-,3,0,0
FR12_530007866,ok,1.0,0.0,0.0,-,"R13,R14,R16",0,0,3
FR12_530007867,ok,1.0,1.0,1.0,-,-,3,0,0
FR12_530007868,ok,1.0,1.0,1.0,-,-,3,0,0
FR12_530007870,ok,1.0,1.0,1.0,-,-,3,0,0
FR12_530007871,ok,1.0,1.0,1.0,-,-,3,0,0
FR12_530007872,ok,1.0,0.0,0.0,-,"R13,R14,R16",0,0,3
FR12_530007873,ok,1.0,0.0,0.0,-,"R13,R14,R16",0,0,3
FR12_530007874,ok,1.0,1.0,1.0,-,-,3,0,0
FR12_530007875,ok,1.0,0.0,0.0,-,"R13,R14,R16",0,0,3
FR12_530007877,ok,1.0,1.0,1.0,-,-,3,0,0
FR12_530007878,ok,1.0,1.0,1.0,-,-,3,0,0
FR12_530007880,ok,1.0,0.0,0.0,-,"R13,R14,R16",0,0,3
FR12_530007881,ok,1.0,1.0,1.0,-,-,3,0,0
FR12_530007883,ok,1.0,0.0,0.0,-,"R13,R14,R16",0,0,3
FR12_530007884,ok,1.0,0.0,0.0,-,"R13,R14,R16",0,0,3
FR12_530007886,ok,1.0,0.0,0.0,-,"R13,R14,R16",0,0,3
FR12_530007890,ok,1.0,0.0,0.0,-,"R13,R14,R16",0,0,3
FR12_530007892,ok,1.0,1.0,1.0,-,-,3,0,0
FR12_530007893,ok,1.0,1.0,1.0,-,-,3,0,0
FR12_530007895,ok,1.0,1.0,1.0,-,-,3,0,0
FR12_530007896,ok,1.0,1.0,1.0,-,-,3,0,0
FR12_530007898,ok,1.0,0.0,0.0,-,"R13,R14,R16",0,0,3
FR12_530007899,ok,1.0,1.0,1.0,-,-,3,0,0
FR12_530007901,ok,1.0,0.0,0.0,-,"R13,R14,R16",0,0,3
FR12_530007910,ok,1.0,1.0,1.0,-,-,3,0,0
FR12_530007911,ok,1.0,1.0,1.0,-,-,3,0,0
FR12_530007923,ok,1.0,1.0,1.0,-,-,3,0,0
FR12_530007947,ok,1.0,0.0,0.0,-,"R13,R14,R16",0,0,3
FR12_530007994,ok,1.0,0.0,0.0,-,"R13,R14,R16",0,0,3
FR12_530007995,ok,1.0,1.0,1.0,-,-,3,0,0
FR12_530008007,ok,1.0,0.0,0.0,-,"R13,R14,R16",0,0,3
FR12_530008011,ok,1.0,0.0,0.0,-,"R13,R14,R16",0,0,3
FR12_530008038,ok,1.0,1.0,1.0,-,-,1,0,0
FR12_530008048,ok,1.0,1.0,1.0,-,-,3,0,0
FR12_530008049,ok,1.0,1.0,1.0,-,-,3,0,0
FR12_530008056,ok,1.0,1.0,1.0,-,-,3,0,0
FR12_530008059,ok,1.0,1.0,1.0,-,-,3,0,0
FR12_530008060,ok,1.0,1.0,1.0,-,-,3,0,0
FR12_530008082,ok,1.0,0.0,0.0,-,"R13,R14,R16",0,0,3
FR12_530008084,ok,1.0,0.0,0.0,-,"R13,R14,R16",0,0,3
FR12_530008095,ok,1.0,0.0,0.0,-,"R13,R14,R16",0,0,3
FR12_530008096,ok,1.0,0.0,0.0,-,"R13,R14,R16",0,0,3
FR12_530008107,ok,1.0,1.0,1.0,-,-,3,0,0
FR12_530008131,ok,1.0,1.0,1.0,-,-,3,0,0
FR12_530008312,ok,1.0,0.0,0.0,-,"R13,R14,R16",0,0,3
FR12_530008313,ok,1.0,0.0,0.0,-,"R13,R14,R16",0,0,3
FR12_530008314,ok,1.0,1.0,1.0,-,-,3,0,0
FR12_530008315,ok,1.0,1.0,1.0,-,-,3,0,0
FR12_530008348,ok,1.0,1.0,1.0,-,-,0,0,0
FR12_530008350,ok,1.0,1.0,1.0,-,-,0,0,0
FR12_530008351,ok,1.0,1.0,1.0,-,-,0,0,0
FR12_530008352,ok,1.0,1.0,1.0,-,-,0,0,0
FR12_530008353,ok,0.0,1.0,0.0,"R13,R14,R16",-,0,3,0
FR12_530008354,ok,1.0,1.0,1.0,-,-,0,0,0
FR12_530008355,ok,0.0,1.0,0.0,"R13,R14,R16",-,0,3,0
FR12_530008356,ok,1.0,1.0,1.0,-,-,0,0,0
FR12_530008357,ok,0.0,1.0,0.0,"R13,R14,R16",-,0,3,0
FR12_530008424,ok,0.75,1.0,0.86,R05,-,3,1,0
FR12_530008425,ok,1.0,0.25,0.4,-,"R13,R14,R16",1,0,3
FR12_530008427,ok,1.0,0.25,0.4,-,"R13,R14,R16",1,0,3
FR12_530008430,ok,0.0,0.0,0.0,R05,"R13,R14,R16",0,1,3
FR12_530008431,ok,1.0,1.0,1.0,-,-,4,0,0
FR12_530008432,ok,1.0,1.0,1.0,-,-,3,0,0
FR12_530008435,ok,1.0,0.0,0.0,-,"R13,R14,R16",0,0,3
FR12_530008437,ok,1.0,0.25,0.4,-,"R13,R14,R16",1,0,3
FR12_530008438,ok,1.0,0.25,0.4,-,"R13,R14,R16",1,0,3
FR12_530008441,ok,1.0,1.0,1.0,-,-,4,0,0
FR12_530008446,ok,1.0,0.25,0.4,-,"R13,R14,R16",1,0,3
FR12_530008451,ok,1.0,0.25,0.4,-,"R13,R14,R16",1,0,3
FR12_530008456,ok,1.0,1.0,1.0,-,-,4,0,0
FR12_530008457,ok,1.0,0.25,0.4,-,"R13,R14,R16",1,0,3
FR12_530008460,ok,1.0,1.0,1.0,-,-,4,0,0
FR12_530008461,ok,0.0,0.0,0.0,R06,"R13,R14,R16",0,1,3
FR12_530008462,ok,0.75,1.0,0.86,R06,-,3,1,0
FR12_530008463,ok,0.75,1.0,0.86,R06,-,3,1,0
FR12_530008464,ok,0.0,0.0,0.0,R06,"R13,R14,R16",0,1,3
FR12_530008465,ok,0.75,1.0,0.86,R06,-,3,1,0
FR12_530008466,ok,0.0,0.0,0.0,R06,"R13,R14,R16",0,1,3
FR12_530008468,ok,0.75,1.0,0.86,R06,-,3,1,0
FR12_530008469,ok,0.0,0.0,0.0,R06,"R13,R14,R16",0,1,3
FR12_530008470,ok,0.0,0.0,0.0,R06,"R13,R14,R16",0,1,3
FR12_530008471,ok,0.0,0.0,0.0,R06,"R13,R14,R16",0,1,3
FR12_530008472,ok,0.0,0.0,0.0,R06,"R13,R14,R16",0,1,3
FR12_530008473,ok,0.75,0.75,0.75,R06,R05,3,1,1
FR12_530008474,ok,0.0,0.0,0.0,R06,"R13,R14,R16",0,1,3
FR12_530008475,ok,0.0,0.0,0.0,R06,"R13,R14,R16",0,1,3
FR12_530008476,ok,0.75,1.0,0.86,R06,-,3,1,0
FR12_530008477,ok,0.75,1.0,0.86,R06,-,3,1,0
FR12_530008478,ok,0.75,1.0,0.86,R06,-,3,1,0
FR12_530008479,ok,0.75,1.0,0.86,R06,-,3,1,0
FR12_530008480,ok,0.0,0.0,0.0,R06,"R13,R14,R16",0,1,3
FR12_530008481,ok,0.0,0.0,0.0,R06,"R13,R14,R16",0,1,3
FR12_530008482,ok,0.0,0.0,0.0,R06,"R13,R14,R16",0,1,3
FR12_530008483,ok,0.75,1.0,0.86,R06,-,3,1,0
FR12_530008484,ok,0.75,1.0,0.86,R06,-,3,1,0
FR12_530008485,ok,0.0,0.0,0.0,R06,"R13,R14,R16",0,1,3
FR12_530008486,ok,0.75,1.0,0.86,R06,-,3,1,0
FR12_530008487,ok,0.0,0.0,0.0,R06,"R13,R14,R16",0,1,3
FR12_530008488,ok,0.75,1.0,0.86,R06,-,3,1,0
FR12_530008489,ok,0.75,1.0,0.86,R06,-,3,1,0
FR12_530008490,ok,0.0,0.0,0.0,R06,"R13,R14,R16",0,1,3
FR12_530008491,ok,0.75,1.0,0.86,R06,-,3,1,0
FR12_530008492,ok,0.0,0.0,0.0,R06,"R13,R14,R16",0,1,3
FR12_530008493,ok,0.0,0.0,0.0,R06,"R13,R14,R16",0,1,3
FR12_530008494,ok,0.75,1.0,0.86,R06,-,3,1,0
FR12_530008495,ok,0.75,1.0,0.86,R06,-,3,1,0
FR12_530008496,ok,0.0,0.0,0.0,R06,"R13,R14,R16",0,1,3
FR12_530008499,ok,0.0,0.0,0.0,R06,"R13,R14,R16",0,1,3
FR12_530008503,ok,1.0,1.0,1.0,-,-,3,0,0
FR12_530008504,ok,1.0,0.0,0.0,-,"R13,R14,R16",0,0,3
FR12_530008505,ok,0.75,1.0,0.86,R06,-,3,1,0
FR12_530008506,ok,0.0,0.0,0.0,R06,"R13,R14,R16",0,1,3
FR12_530008507,ok,0.0,0.0,0.0,R06,"R13,R14,R16",0,1,3
FR12_530008508,ok,0.0,0.0,0.0,R06,"R13,R14,R16",0,1,3
FR12_530008509,ok,0.75,1.0,0.86,R06,-,3,1,0
FR12_530008510,ok,0.0,0.0,0.0,R06,"R13,R14,R16",0,1,3
FR12_530008511,ok,0.75,1.0,0.86,R06,-,3,1,0
FR12_530008512,ok,0.0,0.0,0.0,R06,"R13,R14,R16",0,1,3
FR12_530008513,ok,0.0,0.0,0.0,R06,"R13,R14,R16",0,1,3
FR12_530008514,ok,0.0,0.0,0.0,R06,"R13,R14,R16",0,1,3
FR12_530008515,ok,0.0,0.0,0.0,R06,"R13,R14,R16",0,1,3
FR12_530008516,ok,0.0,0.0,0.0,R06,"R13,R14,R16",0,1,3
FR12_530008517,ok,0.75,1.0,0.86,R06,-,3,1,0
FR12_530008518,ok,0.0,0.0,0.0,R06,"R13,R14,R16",0,1,3
FR12_530008519,ok,0.75,1.0,0.86,R06,-,3,1,0
FR12_530008520,ok,0.75,1.0,0.86,R06,-,3,1,0
FR12_530008521,ok,0.0,0.0,0.0,R06,"R13,R14,R16",0,1,3
FR12_530008522,ok,0.75,1.0,0.86,R06,-,3,1,0
FR12_530008523,ok,0.75,1.0,0.86,R06,-,3,1,0
FR12_530008524,ok,0.0,0.0,0.0,R06,"R13,R14,R16",0,1,3
FR12_530008525,ok,0.0,0.0,0.0,R06,"R13,R14,R16",0,1,3
FR12_530008526,ok,0.0,0.0,0.0,R06,"R13,R14,R16",0,1,3
FR12_530008527,ok,0.75,1.0,0.86,R06,-,3,1,0
FR12_530008528,ok,0.75,1.0,0.86,R06,-,3,1,0
FR12_530008529,ok,1.0,1.0,1.0,-,-,3,0,0
FR12_530008530,ok,1.0,1.0,1.0,-,-,3,0,0
FR12_530008531,ok,1.0,1.0,1.0,-,-,3,0,0
FR12_530008532,ok,1.0,1.0,1.0,-,-,3,0,0
FR12_530008533,ok,1.0,0.0,0.0,-,"R13,R14,R16",0,0,3
FR12_530008534,ok,1.0,1.0,1.0,-,-,3,0,0
FR12_530008538,ok,1.0,1.0,1.0,-,-,0,0,0
FR12_530008539,ok,1.0,1.0,1.0,-,-,4,0,0
FR12_530008542,ok,1.0,1.0,1.0,-,-,4,0,0
FR12_530008543,ok,1.0,0.25,0.4,-,"R13,R14,R16",1,0,3
FR12_530008544,ok,1.0,1.0,1.0,-,-,4,0,0
FR12_530008545,ok,1.0,1.0,1.0,-,-,4,0,0
FR12_530008546,ok,1.0,1.0,1.0,-,-,4,0,0
FR12_530008547,ok,1.0,1.0,1.0,-,-,4,0,0
FR12_530008548,ok,1.0,1.0,1.0,-,-,4,0,0
FR12_530008549,ok,1.0,1.0,1.0,-,-,4,0,0
FR12_530008550,ok,1.0,1.0,1.0,-,-,4,0,0
FR12_530008551,ok,1.0,1.0,1.0,-,-,4,0,0
FR12_530008553,ok,1.0,0.25,0.4,-,"R13,R14,R16",1,0,3
FR12_530008554,ok,0.67,1.0,0.8,"R04,R15",-,4,2,0
FR12_530008555,ok,1.0,0.25,0.4,-,"R13,R14,R16",1,0,3
FR12_530008556,ok,0.0,0.0,0.0,"R13,R14,R16",R06,0,3,1
FR12_530008557,ok,0.0,0.0,0.0,"R13,R14,R16",R06,0,3,1
FR12_530008558,ok,1.0,0.0,0.0,-,"R13,R14,R16",0,0,3
FR12_530008641,ok,1.0,1.0,1.0,-,-,0,0,0
FR12_530008751,ok,1.0,0.0,0.0,-,"R13,R14,R16",0,0,3
FR12_530008753,ok,1.0,1.0,1.0,-,-,3,0,0
FR12_530008754,ok,1.0,0.0,0.0,-,"R13,R14,R16",0,0,3
FR12_530008755,ok,1.0,0.0,0.0,-,"R13,R14,R16",0,0,3
FR12_530008756,ok,1.0,1.0,1.0,-,-,3,0,0
FR12_530008757,ok,1.0,0.0,0.0,-,"R13,R14,R16",0,0,3
FR12_530008758,ok,1.0,1.0,1.0,-,-,3,0,0
FR12_530008759,ok,1.0,1.0,1.0,-,-,3,0,0
FR12_530008760,ok,1.0,1.0,1.0,-,-,3,0,0
FR12_530008761,ok,1.0,1.0,1.0,-,-,3,0,0
FR12_530008763,ok,1.0,0.0,0.0,-,"R13,R14,R16",0,0,3
FR12_530008764,ok,1.0,0.0,0.0,-,"R13,R14,R16",0,0,3
FR12_530008765,ok,1.0,0.0,0.0,-,"R13,R14,R16",0,0,3
FR12_530008766,ok,1.0,0.0,0.0,-,"R13,R14,R16",0,0,3
FR12_530008767,ok,1.0,1.0,1.0,-,-,3,0,0
FR12_530008768,ok,1.0,1.0,1.0,-,-,3,0,0
FR12_530008769,ok,1.0,1.0,1.0,-,-,3,0,0
FR12_530008770,ok,1.0,0.0,0.0,-,"R13,R14,R16",0,0,3
FR12_530008775,ok,1.0,1.0,1.0,-,-,3,0,0
FR12_530008782,ok,1.0,1.0,1.0,-,-,3,0,0
FR12_530008784,ok,1.0,0.0,0.0,-,"R13,R14,R16",0,0,3
FR12_530008785,ok,1.0,1.0,1.0,-,-,3,0,0
FR12_530008909,ok,1.0,1.0,1.0,-,-,3,0,0
FR12_530009042,ok,1.0,0.25,0.4,-,"R13,R14,R16",1,0,3
FR12_530009043,ok,1.0,1.0,1.0,-,-,3,0,0
FR12_530009051,ok,1.0,0.0,0.0,-,"R06,R13,R14,R16",0,0,4
FR12_530009052,ok,1.0,0.0,0.0,-,"R06,R13,R14,R16",0,0,4
FR12_530009057,ok,1.0,1.0,1.0,-,-,3,0,0
FR12_530009058,ok,1.0,1.0,1.0,-,-,3,0,0
FR12_530009059,ok,1.0,0.0,0.0,-,"R13,R14,R16",0,0,3
FR12_530009060,ok,1.0,1.0,1.0,-,-,3,0,0
FR12_530009061,ok,1.0,0.0,0.0,-,"R13,R14,R16",0,0,3
FR12_530009062,ok,1.0,1.0,1.0,-,-,3,0,0
FR12_530009064,ok,1.0,1.0,1.0,-,-,3,0,0
FR12_530009065,ok,1.0,0.25,0.4,-,"R13,R14,R16",1,0,3
FR12_530009066,ok,1.0,0.0,0.0,-,"R13,R14,R16",0,0,3
FR12_530009067,ok,1.0,0.0,0.0,-,"R13,R14,R16",0,0,3
FR12_530009068,ok,1.0,0.0,0.0,-,"R13,R14,R16",0,0,3
FR12_530009069,ok,1.0,1.0,1.0,-,-,3,0,0
FR12_530009070,ok,1.0,1.0,1.0,-,-,3,0,0
FR12_530009071,ok,1.0,1.0,1.0,-,-,3,0,0
FR12_530009072,ok,1.0,0.0,0.0,-,"R13,R14,R16",0,0,3
FR12_530009073,ok,1.0,1.0,1.0,-,-,3,0,0
FR12_530009074,ok,1.0,0.0,0.0,-,"R13,R14,R16",0,0,3
FR12_530009078,ok,1.0,0.0,0.0,-,"R13,R14,R16",0,0,3
FR12_530009080,ok,1.0,1.0,1.0,-,-,3,0,0
FR12_530009082,ok,1.0,0.0,0.0,-,"R13,R14,R16",0,0,3
FR12_530009083,ok,1.0,0.0,0.0,-,"R13,R14,R16",0,0,3
FR12_530009085,ok,1.0,0.0,0.0,-,"R13,R14,R16",0,0,3
FR12_530009087,ok,1.0,1.0,1.0,-,-,3,0,0
FR12_530009090,ok,1.0,0.0,0.0,-,"R13,R14,R16",0,0,3
FR12_530009092,ok,1.0,1.0,1.0,-,-,3,0,0
FR12_530009222,ok,1.0,1.0,1.0,-,-,0,0,0
FR12_530009224,ok,1.0,1.0,1.0,-,-,0,0,0
FR12_530009225,ok,1.0,1.0,1.0,-,-,0,0,0
FR12_530009226,ok,1.0,1.0,1.0,-,-,0,0,0
FR12_530009229,ok,1.0,1.0,1.0,-,-,3,0,0
FR12_530009230,ok,1.0,0.0,0.0,-,"R13,R14,R16",0,0,3
FR12_530009231,ok,1.0,1.0,1.0,-,-,3,0,0
FR12_530009234,ok,1.0,0.0,0.0,-,"R13,R14,R16",0,0,3
FR12_530009235,ok,1.0,1.0,1.0,-,-,3,0,0
FR12_530009236,ok,1.0,1.0,1.0,-,-,3,0,0
FR12_530009239,ok,1.0,0.0,0.0,-,"R13,R14,R16",0,0,3
FR12_530009246,ok,1.0,1.0,1.0,-,-,3,0,0
FR12_530009251,ok,1.0,1.0,1.0,-,-,3,0,0
FR12_530009256,ok,1.0,0.0,0.0,-,"R13,R14,R16",0,0,3
FR12_530009257,ok,1.0,1.0,1.0,-,-,3,0,0
FR12_530009269,ok,1.0,1.0,1.0,-,-,3,0,0
FR12_530009270,ok,1.0,1.0,1.0,-,-,3,0,0
FR12_530009271,ok,1.0,1.0,1.0,-,-,3,0,0
FR12_530009272,ok,1.0,1.0,1.0,-,-,3,0,0
FR12_530009273,ok,1.0,0.0,0.0,-,"R13,R14,R16",0,0,3
FR12_530009274,ok,1.0,0.0,0.0,-,"R13,R14,R16",0,0,3
FR12_530009275,ok,1.0,1.0,1.0,-,-,3,0,0
FR12_530009276,ok,1.0,1.0,1.0,-,-,3,0,0
FR12_530009277,ok,1.0,1.0,1.0,-,-,3,0,0
FR12_530009283,ok,1.0,0.0,0.0,-,"R13,R14,R16",0,0,3
FR12_530009286,ok,1.0,1.0,1.0,-,-,3,0,0
FR12_530009287,ok,1.0,0.0,0.0,-,"R13,R14,R16",0,0,3
FR12_530009289,ok,1.0,1.0,1.0,-,-,3,0,0
FR12_530009290,ok,1.0,1.0,1.0,-,-,3,0,0
FR12_530009329,ok,1.0,0.0,0.0,-,"R13,R14,R16",0,0,3
FR12_530009330,ok,1.0,1.0,1.0,-,-,3,0,0
FR12_530009331,ok,1.0,1.0,1.0,-,-,3,0,0
FR12_530009332,ok,1.0,1.0,1.0,-,-,3,0,0
FR12_530009333,ok,1.0,1.0,1.0,-,-,3,0,0
FR12_530009335,ok,1.0,1.0,1.0,-,-,3,0,0
FR12_530009336,ok,1.0,0.0,0.0,-,"R13,R14,R16",0,0,3
FR12_530009337,ok,1.0,0.0,0.0,-,"R13,R14,R16",0,0,3
FR12_530009339,ok,1.0,0.0,0.0,-,"R13,R14,R16",0,0,3
FR12_530009340,ok,1.0,1.0,1.0,-,-,3,0,0
FR12_530009341,ok,1.0,0.0,0.0,-,"R13,R14,R16",0,0,3
FR12_530009342,ok,1.0,1.0,1.0,-,-,3,0,0
FR12_530009343,ok,1.0,0.0,0.0,-,"R13,R14,R16",0,0,3
FR12_530009344,ok,1.0,0.0,0.0,-,"R13,R14,R16",0,0,3
FR12_530009345,ok,1.0,0.0,0.0,-,"R13,R14,R16",0,0,3
FR12_530009346,ok,1.0,0.0,0.0,-,"R13,R14,R16",0,0,3
FR12_530009347,ok,1.0,1.0,1.0,-,-,3,0,0
FR12_530009348,ok,1.0,0.0,0.0,-,"R13,R14,R16",0,0,3
FR12_530009468,ok,1.0,1.0,1.0,-,-,4,0,0
FR12_530009469,ok,0.0,0.0,0.0,R05,R06,0,1,1
FR12_530009470,ok,1.0,0.25,0.4,-,"R13,R14,R16",1,0,3
FR12_530009486,ok,1.0,0.0,0.0,-,"R13,R14,R16",0,0,3
FR12_530009487,ok,1.0,1.0,1.0,-,-,3,0,0
FR12_530009736,ok,1.0,0.0,0.0,-,"R13,R14,R16",0,0,3
FR12_530009737,ok,1.0,0.0,0.0,-,"R13,R14,R16",0,0,3
FR12_530009739,ok,1.0,1.0,1.0,-,-,3,0,0
FR12_530009740,ok,1.0,1.0,1.0,-,-,3,0,0
FR12_530009741,ok,1.0,0.0,0.0,-,"R13,R14,R16",0,0,3
FR12_530009742,ok,1.0,1.0,1.0,-,-,3,0,0
FR12_530009747,ok,1.0,0.0,0.0,-,"R13,R14,R16",0,0,3
FR12_530009906,ok,1.0,1.0,1.0,-,-,3,0,0
FR12_530009908,ok,1.0,0.0,0.0,-,"R13,R14,R16",0,0,3
FR12_530009909,ok,1.0,0.0,0.0,-,"R13,R14,R16",0,0,3
FR12_530009910,ok,1.0,0.0,0.0,-,"R13,R14,R16",0,0,3
FR12_530009911,ok,1.0,0.0,0.0,-,"R13,R14,R16",0,0,3
FR12_530009912,ok,1.0,1.0,1.0,-,-,3,0,0
FR12_530009913,ok,1.0,1.0,1.0,-,-,3,0,0
FR12_530009914,ok,1.0,1.0,1.0,-,-,3,0,0
FR12_530009915,ok,1.0,0.0,0.0,-,"R13,R14,R16",0,0,3
FR12_530009916,ok,1.0,1.0,1.0,-,-,3,0,0
FR12_530009917,ok,1.0,0.0,0.0,-,"R13,R14,R16",0,0,3
FR12_530009918,ok,1.0,1.0,1.0,-,-,3,0,0
FR12_530009919,ok,1.0,1.0,1.0,-,-,3,0,0
FR12_530009920,ok,1.0,0.0,0.0,-,"R13,R14,R16",0,0,3
FR12_530009921,ok,1.0,0.0,0.0,-,"R13,R14,R16",0,0,3
FR12_530009922,ok,1.0,1.0,1.0,-,-,3,0,0
FR12_530009924,ok,1.0,0.0,0.0,-,"R13,R14,R16",0,0,3
FR12_530009925,ok,1.0,1.0,1.0,-,-,3,0,0
FR12_530009926,ok,1.0,0.0,0.0,-,"R13,R14,R16",0,0,3
FR12_530009927,ok,1.0,0.0,0.0,-,"R13,R14,R16",0,0,3
FR12_530009929,ok,1.0,1.0,1.0,-,-,3,0,0
FR12_530009930,ok,1.0,1.0,1.0,-,-,3,0,0
FR12_530009931,ok,1.0,0.0,0.0,-,"R13,R14,R16",0,0,3
FR12_530009932,ok,1.0,1.0,1.0,-,-,3,0,0
FR12_530009933,ok,1.0,1.0,1.0,-,-,3,0,0
FR12_530009952,ok,1.0,1.0,1.0,-,-,0,0,0
FR12_530009954,ok,1.0,1.0,1.0,-,-,0,0,0
FR12_530009956,ok,1.0,1.0,1.0,-,-,0,0,0
FR12_530009957,ok,1.0,1.0,1.0,-,-,0,0,0
FR12_530009958,ok,1.0,1.0,1.0,-,-,0,0,0
FR12_530009961,ok,1.0,1.0,1.0,-,-,3,0,0
FR12_530009963,ok,1.0,1.0,1.0,-,-,3,0,0
FR12_530009975,ok,1.0,0.0,0.0,-,"R13,R14,R16",0,0,3
FR12_530009977,ok,1.0,1.0,1.0,-,-,3,0,0
FR12_530009978,ok,1.0,1.0,1.0,-,-,4,0,0
FR12_530009979,ok,1.0,1.0,1.0,-,-,4,0,0
FR12_530009980,ok,1.0,1.0,1.0,-,-,4,0,0
FR12_530009981,ok,1.0,1.0,1.0,-,-,4,0,0
FR12_530009982,ok,1.0,0.25,0.4,-,"R13,R14,R16",1,0,3
FR12_530009983,ok,1.0,0.25,0.4,-,"R13,R14,R16",1,0,3
FR12_530009984,ok,1.0,1.0,1.0,-,-,4,0,0
FR12_530010358,ok,1.0,0.0,0.0,-,"R13,R14,R16",0,0,3
FR12_530010359,ok,1.0,1.0,1.0,-,-,3,0,0
FR12_530010360,ok,1.0,1.0,1.0,-,-,3,0,0
FR12_530010377,ok,1.0,1.0,1.0,-,-,3,0,0
FR12_530010378,ok,1.0,0.0,0.0,-,"R13,R14,R16",0,0,3
FR12_530010379,ok,1.0,1.0,1.0,-,-,3,0,0
FR12_530010380,ok,1.0,0.0,0.0,-,"R13,R14,R16",0,0,3
FR12_530010381,ok,1.0,1.0,1.0,-,-,3,0,0
FR12_530010382,ok,1.0,0.0,0.0,-,"R13,R14,R16",0,0,3
FR12_530010436,ok,1.0,1.0,1.0,-,-,0,0,0
FR12_530010442,ok,1.0,1.0,1.0,-,-,0,0,0
FR12_530010444,ok,1.0,0.0,0.0,-,"R13,R14,R16",0,0,3
FR12_530010454,ok,1.0,1.0,1.0,-,-,4,0,0
FR12_530010455,ok,1.0,1.0,1.0,-,-,3,0,0
FR12_530010456,ok,1.0,1.0,1.0,-,-,3,0,0
FR12_530010457,ok,1.0,0.0,0.0,-,"R13,R14,R16",0,0,3
FR12_530010460,ok,1.0,1.0,1.0,-,-,3,0,0
FR12_530010465,ok,1.0,1.0,1.0,-,-,3,0,0
FR12_530010479,ok,1.0,0.0,0.0,-,"R13,R14,R16",0,0,3
FR12_530010480,ok,1.0,0.0,0.0,-,"R13,R14,R16",0,0,3
FR12_530010481,ok,1.0,0.0,0.0,-,"R13,R14,R16",0,0,3
FR12_530010482,ok,1.0,1.0,1.0,-,-,3,0,0
FR12_530010483,ok,1.0,0.0,0.0,-,"R13,R14,R16",0,0,3
FR12_530010550,ok,1.0,1.0,1.0,-,-,1,0,0
FR12_530010552,ok,1.0,1.0,1.0,-,-,1,0,0
FR12_530010554,ok,1.0,1.0,1.0,-,-,1,0,0
FR12_530010595,ok,1.0,1.0,1.0,-,-,3,0,0
FR12_530010596,ok,1.0,0.0,0.0,-,"R13,R14,R16",0,0,3
FR12_530010597,ok,1.0,1.0,1.0,-,-,3,0,0
FR12_530010598,ok,1.0,1.0,1.0,-,-,3,0,0
FR12_530010600,ok,1.0,1.0,1.0,-,-,3,0,0
FR12_530010601,ok,1.0,1.0,1.0,-,-,3,0,0
FR12_530010602,ok,1.0,0.0,0.0,-,"R13,R14,R16",0,0,3
FR12_530010603,ok,1.0,1.0,1.0,-,-,3,0,0
FR12_530010604,ok,1.0,0.0,0.0,-,"R13,R14,R16",0,0,3
FR12_530010605,ok,1.0,0.0,0.0,-,"R13,R14,R16",0,0,3
FR12_530010606,ok,1.0,1.0,1.0,-,-,3,0,0
FR12_530010607,ok,1.0,1.0,1.0,-,-,3,0,0
FR12_530010608,ok,1.0,0.0,0.0,-,"R13,R14,R16",0,0,3
FR12_530010611,ok,1.0,0.0,0.0,-,"R13,R14,R16",0,0,3
FR12_530010612,ok,1.0,1.0,1.0,-,-,3,0,0
FR12_530010616,ok,1.0,0.0,0.0,-,"R13,R14,R16",0,0,3
FR12_530010627,ok,1.0,0.0,0.0,-,"R13,R14,R16",0,0,3
FR12_530010642,ok,1.0,1.0,1.0,-,-,3,0,0
FR12_530010644,ok,1.0,1.0,1.0,-,-,3,0,0
FR12_530010697,ok,1.0,1.0,1.0,-,-,3,0,0
FR12_530010702,ok,1.0,1.0,1.0,-,-,3,0,0
FR12_530010703,ok,1.0,1.0,1.0,-,-,3,0,0
FR12_530010704,ok,1.0,1.0,1.0,-,-,3,0,0
FR12_530010705,ok,1.0,0.0,0.0,-,"R13,R14,R16",0,0,3
FR12_530010706,ok,1.0,0.0,0.0,-,"R13,R14,R16",0,0,3
FR12_530010707,ok,1.0,1.0,1.0,-,-,3,0,0
FR12_530010708,ok,1.0,1.0,1.0,-,-,3,0,0
FR12_530010709,ok,1.0,1.0,1.0,-,-,3,0,0
FR12_530010710,ok,1.0,1.0,1.0,-,-,3,0,0
FR12_530010711,ok,1.0,1.0,1.0,-,-,4,0,0
FR12_530010724,ok,1.0,1.0,1.0,-,-,4,0,0
FR12_530010772,ok,1.0,1.0,1.0,-,-,3,0,0
FR12_530010791,ok,1.0,1.0,1.0,-,-,3,0,0
FR12_530010901,ok,1.0,0.0,0.0,-,"R13,R14,R16",0,0,3
FR12_530010904,ok,1.0,0.0,0.0,-,"R13,R14,R16",0,0,3
FR12_530010906,ok,1.0,0.0,0.0,-,"R13,R14,R16",0,0,3
FR12_530010910,ok,1.0,1.0,1.0,-,-,3,0,0
FR12_530010912,ok,1.0,1.0,1.0,-,-,3,0,0
FR12_530010913,ok,1.0,0.0,0.0,-,"R13,R14,R16",0,0,3
FR12_530010915,ok,1.0,1.0,1.0,-,-,3,0,0
FR12_530010917,ok,1.0,0.0,0.0,-,"R13,R14,R16",0,0,3
FR12_530010918,ok,1.0,1.0,1.0,-,-,3,0,0
FR12_530010919,ok,1.0,0.0,0.0,-,"R13,R14,R16",0,0,3
FR12_530010921,ok,1.0,0.0,0.0,-,"R13,R14,R16",0,0,3
FR12_530010922,ok,1.0,1.0,1.0,-,-,3,0,0
FR12_530010982,ok,1.0,0.0,0.0,-,"R13,R14,R16",0,0,3
FR12_530010983,ok,1.0,1.0,1.0,-,-,3,0,0
FR12_530010984,ok,1.0,1.0,1.0,-,-,3,0,0
FR12_530010988,ok,1.0,0.0,0.0,-,"R13,R14,R16",0,0,3
FR12_530010989,ok,1.0,0.0,0.0,-,"R13,R14,R16",0,0,3
FR12_530010990,ok,1.0,1.0,1.0,-,-,3,0,0
FR12_530010991,ok,1.0,1.0,1.0,-,-,3,0,0
FR12_530010992,ok,1.0,1.0,1.0,-,-,3,0,0
FR12_530010993,ok,1.0,0.0,0.0,-,"R13,R14,R16",0,0,3
FR12_530011010,ok,1.0,0.0,0.0,-,"R13,R14,R16",0,0,3
FR12_530011011,ok,1.0,1.0,1.0,-,-,3,0,0
FR12_530011012,ok,1.0,0.0,0.0,-,"R13,R14,R16",0,0,3
FR12_530011406,ok,1.0,0.25,0.4,-,"R13,R14,R16",1,0,3
FR12_530011425,ok,1.0,0.0,0.0,-,"R13,R14,R16",0,0,3
FR12_530011426,ok,1.0,0.0,0.0,-,"R13,R14,R16",0,0,3
FR12_530011428,ok,1.0,0.0,0.0,-,"R13,R14,R16",0,0,3
FR12_530011429,ok,1.0,1.0,1.0,-,-,3,0,0
FR12_530011430,ok,1.0,0.0,0.0,-,"R13,R14,R16",0,0,3
FR12_530011431,ok,1.0,0.0,0.0,-,"R13,R14,R16",0,0,3
FR12_530011433,ok,1.0,1.0,1.0,-,-,3,0,0
FR12_530011435,ok,1.0,1.0,1.0,-,-,3,0,0
FR12_530011436,ok,1.0,1.0,1.0,-,-,3,0,0
FR12_530011437,ok,1.0,0.0,0.0,-,"R13,R14,R16",0,0,3
FR12_530011438,ok,1.0,1.0,1.0,-,-,3,0,0
FR12_530011439,ok,1.0,1.0,1.0,-,-,3,0,0
FR12_530011440,ok,1.0,0.0,0.0,-,"R13,R14,R16",0,0,3
FR12_530011441,ok,1.0,0.0,0.0,-,"R13,R14,R16",0,0,3
FR12_530011442,ok,1.0,0.0,0.0,-,"R13,R14,R16",0,0,3
FR12_530011443,ok,1.0,1.0,1.0,-,-,3,0,0
FR12_530011444,ok,1.0,1.0,1.0,-,-,3,0,0
FR12_530011445,ok,1.0,1.0,1.0,-,-,3,0,0
FR12_530011446,ok,1.0,1.0,1.0,-,-,3,0,0
FR12_530011463,ok,1.0,1.0,1.0,-,-,0,0,0
FR12_530011464,ok,1.0,1.0,1.0,-,-,0,0,0
FR12_530011465,ok,1.0,1.0,1.0,-,-,0,0,0
FR12_530011475,ok,1.0,1.0,1.0,-,-,3,0,0
FR12_530011476,ok,1.0,1.0,1.0,-,-,3,0,0
FR12_530011477,ok,1.0,0.0,0.0,-,"R13,R14,R16",0,0,3
FR12_530011478,ok,1.0,1.0,1.0,-,-,3,0,0
FR12_530011479,ok,1.0,0.0,0.0,-,"R13,R14,R16",0,0,3
FR12_530011480,ok,1.0,1.0,1.0,-,-,3,0,0
FR12_530011481,ok,1.0,1.0,1.0,-,-,3,0,0
FR12_530011482,ok,1.0,1.0,1.0,-,-,3,0,0
FR12_530011483,ok,1.0,1.0,1.0,-,-,3,0,0
FR12_530011484,ok,1.0,1.0,1.0,-,-,3,0,0
FR12_530011485,ok,1.0,1.0,1.0,-,-,3,0,0
FR12_530011487,ok,1.0,0.0,0.0,-,"R13,R14,R16",0,0,3
FR12_530011490,ok,1.0,0.0,0.0,-,"R13,R14,R16",0,0,3
FR12_530011491,ok,0.0,1.0,0.0,"R13,R14,R16",-,0,3,0
FR12_530011492,ok,1.0,0.0,0.0,-,"R13,R14,R16",0,0,3
FR12_530011493,ok,1.0,0.0,0.0,-,"R13,R14,R16",0,0,3
FR12_530011500,ok,1.0,0.0,0.0,-,"R13,R14,R16",0,0,3
FR12_530011502,ok,1.0,1.0,1.0,-,-,3,0,0
FR12_530011503,ok,1.0,1.0,1.0,-,-,3,0,0
FR12_530011505,ok,1.0,0.0,0.0,-,"R13,R14,R16",0,0,3
FR12_530011506,ok,1.0,0.0,0.0,-,"R13,R14,R16",0,0,3
FR12_530011544,ok,0.0,0.0,0.0,R05,"R13,R14,R16",0,1,3
FR12_530011569,ok,1.0,1.0,1.0,-,-,1,0,0
FR12_530011572,ok,1.0,1.0,1.0,-,-,1,0,0
FR12_530011576,ok,0.25,1.0,0.4,"R04,R13,R16",-,1,3,0
FR12_530011581,ok,1.0,1.0,1.0,-,-,3,0,0
FR12_530011582,ok,1.0,1.0,1.0,-,-,3,0,0
FR12_530011590,ok,1.0,1.0,1.0,-,-,3,0,0
FR12_530011591,ok,1.0,0.0,0.0,-,"R13,R14,R16",0,0,3
FR12_530011592,ok,1.0,0.0,0.0,-,"R13,R14,R16",0,0,3
FR12_530011593,ok,1.0,1.0,1.0,-,-,3,0,0
FR12_530011594,ok,1.0,1.0,1.0,-,-,3,0,0
FR12_530011595,ok,1.0,0.0,0.0,-,"R13,R14,R16",0,0,3
FR12_530011596,ok,1.0,1.0,1.0,-,-,3,0,0
FR12_530011598,ok,1.0,1.0,1.0,-,-,3,0,0
FR12_530011599,ok,1.0,0.0,0.0,-,"R13,R14,R16",0,0,3
FR12_530011603,ok,1.0,1.0,1.0,-,-,3,0,0
FR12_530011605,ok,1.0,1.0,1.0,-,-,3,0,0
FR12_530011606,ok,1.0,0.0,0.0,-,"R13,R14,R16",0,0,3
FR12_530011609,ok,1.0,1.0,1.0,-,-,3,0,0
FR12_530011610,ok,1.0,0.0,0.0,-,"R13,R14,R16",0,0,3
FR12_530011611,ok,1.0,0.0,0.0,-,"R13,R14,R16",0,0,3
FR12_530011612,ok,1.0,0.0,0.0,-,"R13,R14,R16",0,0,3
FR12_530011618,ok,1.0,0.25,0.4,-,"R13,R14,R16",1,0,3
FR12_530011621,ok,1.0,1.0,1.0,-,-,4,0,0
FR12_530011624,ok,1.0,0.0,0.0,-,"R13,R14,R16",0,0,3
FR12_530011695,ok,1.0,0.0,0.0,-,"R13,R14,R16",0,0,3
FR12_530011701,ok,1.0,0.0,0.0,-,"R13,R14,R16",0,0,3
FR12_530011703,ok,1.0,1.0,1.0,-,-,3,0,0
FR12_530011713,ok,1.0,1.0,1.0,-,-,1,0,0
FR12_530011797,ok,1.0,0.0,0.0,-,"R13,R14,R16",0,0,3
FR12_530011798,ok,1.0,1.0,1.0,-,-,0,0,0
FR12_530011799,ok,1.0,0.0,0.0,-,"R13,R14,R16",0,0,3
FR12_530011800,ok,1.0,0.0,0.0,-,"R13,R14,R16",0,0,3
FR12_530011801,ok,1.0,0.0,0.0,-,"R13,R14,R16",0,0,3
FR12_530011802,ok,1.0,1.0,1.0,-,-,3,0,0
FR12_530011803,ok,1.0,0.0,0.0,-,"R13,R14,R16",0,0,3
FR12_530011804,ok,1.0,0.0,0.0,-,"R13,R14,R16",0,0,3
FR12_530011805,ok,1.0,1.0,1.0,-,-,3,0,0
FR12_530011806,ok,1.0,1.0,1.0,-,-,3,0,0
FR12_530011807,ok,1.0,1.0,1.0,-,-,3,0,0
FR12_530011808,ok,1.0,1.0,1.0,-,-,3,0,0
FR12_530011809,ok,1.0,0.0,0.0,-,"R13,R14,R16",0,0,3
FR12_530011811,ok,1.0,1.0,1.0,-,-,3,0,0
FR12_530011812,ok,1.0,1.0,1.0,-,-,3,0,0
FR12_530011813,ok,1.0,1.0,1.0,-,-,3,0,0
FR12_530011814,ok,1.0,1.0,1.0,-,-,3,0,0
FR12_530011815,ok,1.0,0.0,0.0,-,"R13,R14,R16",0,0,3
FR12_530011833,ok,1.0,0.0,0.0,-,"R13,R14,R16",0,0,3
FR12_530011838,ok,1.0,1.0,1.0,-,-,0,0,0
FR12_530011839,ok,1.0,1.0,1.0,-,-,0,0,0
FR12_530011840,ok,1.0,1.0,1.0,-,-,0,0,0
FR12_530011841,ok,1.0,1.0,1.0,-,-,0,0,0
FR12_530011842,ok,1.0,1.0,1.0,-,-,0,0,0
FR12_530011843,ok,1.0,1.0,1.0,-,-,0,0,0
FR12_530011844,ok,1.0,0.0,0.0,-,"R13,R14,R16",0,0,3
FR12_530011846,ok,1.0,0.0,0.0,-,"R13,R14,R16",0,0,3
FR12_530011847,ok,1.0,0.0,0.0,-,"R13,R14,R16",0,0,3
FR12_530011848,ok,1.0,1.0,1.0,-,-,1,0,0
FR12_530011861,ok,0.0,0.0,0.0,R05,"R13,R14,R16",0,1,3
FR12_530011862,ok,0.0,0.0,0.0,R05,"R13,R14,R16",0,1,3
FR12_530011863,ok,0.0,0.0,0.0,R05,"R13,R14,R16",0,1,3
FR12_530011864,ok,1.0,1.0,1.0,-,-,1,0,0
FR12_530011915,ok,0.0,0.0,0.0,R05,"R01,R13,R14,R16",0,1,4
FR12_530011916,ok,1.0,1.0,1.0,-,-,4,0,0
FR12_530011926,ok,0.0,0.0,0.0,R05,"R06,R13,R14,R16",0,1,4
FR12_530011927,ok,0.75,0.75,0.75,R05,R06,3,1,1
FR12_530011928,ok,1.0,1.0,1.0,-,-,4,0,0
FR12_530011932,ok,1.0,1.0,1.0,-,-,1,0,0
FR12_530011933,ok,1.0,0.25,0.4,-,"R13,R14,R16",1,0,3
FR12_530011956,ok,1.0,0.25,0.4,-,"R13,R14,R16",1,0,3
FR12_530011964,ok,1.0,1.0,1.0,-,-,1,0,0
FR12_530011965,ok,1.0,1.0,1.0,-,-,4,0,0
FR12_530011978,ok,1.0,1.0,1.0,-,-,1,0,0
FR12_530011979,ok,1.0,1.0,1.0,-,-,4,0,0
FR12_530011980,ok,1.0,1.0,1.0,-,-,4,0,0
FR12_530011981,ok,1.0,1.0,1.0,-,-,1,0,0
FR12_530011982,ok,1.0,1.0,1.0,-,-,4,0,0
FR12_530011983,ok,1.0,1.0,1.0,-,-,4,0,0
FR12_530011999,ok,1.0,1.0,1.0,-,-,3,0,0
FR12_530012012,ok,1.0,1.0,1.0,-,-,3,0,0
FR12_530012014,ok,1.0,1.0,1.0,-,-,3,0,0
FR12_530012116,ok,1.0,0.0,0.0,-,"R13,R14,R16",0,0,3
FR12_530012128,ok,1.0,1.0,1.0,-,-,4,0,0
FR12_530012130,ok,0.0,0.0,0.0,R05,"R13,R14,R16",0,1,3
FR12_530012136,ok,1.0,1.0,1.0,-,-,4,0,0
FR12_530012139,ok,1.0,1.0,1.0,-,-,3,0,0
FR12_530012140,ok,1.0,0.0,0.0,-,"R13,R14,R16",0,0,3
FR12_530012143,ok,1.0,1.0,1.0,-,-,3,0,0
FR12_530012144,ok,1.0,1.0,1.0,-,-,3,0,0
FR12_530012147,ok,1.0,0.0,0.0,-,"R13,R14,R16",0,0,3
FR12_530012151,ok,1.0,1.0,1.0,-,-,3,0,0
FR12_530012183,ok,1.0,1.0,1.0,-,-,3,0,0
FR12_530012393,ok,1.0,1.0,1.0,-,-,3,0,0
FR12_530012396,ok,1.0,0.0,0.0,-,"R13,R14,R16",0,0,3
FR12_530012397,ok,1.0,1.0,1.0,-,-,3,0,0
FR12_530012398,ok,1.0,1.0,1.0,-,-,3,0,0
FR12_530012399,ok,1.0,0.0,0.0,-,"R13,R14,R16",0,0,3
FR12_530012401,ok,1.0,1.0,1.0,-,-,3,0,0
FR12_530012402,ok,1.0,0.0,0.0,-,"R13,R14,R16",0,0,3
FR12_530012408,ok,1.0,1.0,1.0,-,-,3,0,0
FR12_530012410,ok,1.0,1.0,1.0,-,-,3,0,0
FR12_530012411,ok,1.0,1.0,1.0,-,-,3,0,0
FR12_530012412,ok,1.0,0.0,0.0,-,"R13,R14,R16",0,0,3
FR12_530012413,ok,1.0,1.0,1.0,-,-,3,0,0
FR12_530012415,ok,1.0,0.0,0.0,-,"R13,R14,R16",0,0,3
FR12_530012416,ok,1.0,0.0,0.0,-,"R13,R14,R16",0,0,3
FR12_530012417,ok,1.0,0.0,0.0,-,"R13,R14,R16",0,0,3
FR12_530012418,ok,1.0,0.0,0.0,-,"R13,R14,R16",0,0,3
FR12_530012419,ok,1.0,0.0,0.0,-,"R13,R14,R16",0,0,3
FR12_530012420,ok,1.0,1.0,1.0,-,-,3,0,0
FR12_530012421,ok,1.0,0.0,0.0,-,"R13,R14,R16",0,0,3
FR12_530012422,ok,1.0,0.0,0.0,-,"R13,R14,R16",0,0,3
FR12_530012423,ok,1.0,0.0,0.0,-,"R13,R14,R16",0,0,3
FR12_530012424,ok,1.0,0.0,0.0,-,"R13,R14,R16",0,0,3
FR12_530012425,ok,1.0,0.0,0.0,-,"R13,R14,R16",0,0,3
FR12_530012426,ok,1.0,1.0,1.0,-,-,3,0,0
FR12_530012427,ok,1.0,0.0,0.0,-,"R13,R14,R16",0,0,3
FR12_530012429,ok,1.0,1.0,1.0,-,-,3,0,0
FR12_530012430,ok,1.0,1.0,1.0,-,-,3,0,0
FR12_530012542,ok,1.0,1.0,1.0,-,-,3,0,0
FR12_530012543,ok,0.0,0.0,0.0,R05,"R13,R14,R16",0,1,3
FR12_530012544,ok,0.0,0.0,0.0,R05,"R13,R14,R16",0,1,3
FR12_530012545,ok,0.0,0.0,0.0,R05,"R13,R14,R16",0,1,3
FR12_530012546,ok,0.0,0.0,0.0,R05,"R13,R14,R16",0,1,3
FR12_530012547,ok,0.0,0.0,0.0,R05,"R13,R14,R16",0,1,3
FR12_530012548,ok,0.75,1.0,0.86,R05,-,3,1,0
FR12_530012550,ok,0.75,1.0,0.86,R05,-,3,1,0
FR12_530012551,ok,0.75,1.0,0.86,R05,-,3,1,0
FR12_530012552,ok,0.0,0.0,0.0,R05,"R13,R14,R16",0,1,3
FR12_530012553,ok,0.0,0.0,0.0,R05,"R13,R14,R16",0,1,3
FR12_530012554,ok,0.0,0.0,0.0,R05,"R13,R14,R16",0,1,3
FR12_530012555,ok,0.0,0.0,0.0,R05,"R13,R14,R16",0,1,3
FR12_530012556,ok,0.0,0.0,0.0,R05,"R13,R14,R16",0,1,3
FR12_530012557,ok,0.75,1.0,0.86,R05,-,3,1,0
FR12_530012558,ok,0.75,1.0,0.86,R05,-,3,1,0
FR12_530012559,ok,0.75,1.0,0.86,R05,-,3,1,0
FR12_530012560,ok,0.75,1.0,0.86,R05,-,3,1,0
FR12_530012561,ok,0.0,0.0,0.0,R05,"R13,R14,R16",0,1,3
FR12_530012562,ok,0.75,1.0,0.86,R05,-,3,1,0
FR12_530012564,ok,0.75,1.0,0.86,R05,-,3,1,0
FR12_530012565,ok,0.0,0.0,0.0,R05,"R13,R14,R16",0,1,3
FR12_530012566,ok,0.0,0.0,0.0,R05,"R13,R14,R16",0,1,3
FR12_530012568,ok,0.75,1.0,0.86,R05,-,3,1,0
FR12_530012569,ok,0.75,1.0,0.86,R05,-,3,1,0
FR12_530012570,ok,0.75,1.0,0.86,R05,-,3,1,0
FR12_530012575,ok,0.75,1.0,0.86,R05,-,3,1,0
FR12_530012576,ok,0.0,0.0,0.0,R05,"R13,R14,R16",0,1,3
FR12_530012577,ok,0.75,1.0,0.86,R05,-,3,1,0
FR12_530012578,ok,0.0,0.0,0.0,R05,"R13,R14,R16",0,1,3
FR12_530012579,ok,0.0,0.0,0.0,R05,"R13,R14,R16",0,1,3
FR12_530012580,ok,0.75,1.0,0.86,R05,-,3,1,0
FR12_530012582,ok,0.75,1.0,0.86,R05,-,3,1,0
FR12_530012583,ok,0.75,1.0,0.86,R05,-,3,1,0
FR12_530012584,ok,0.0,0.0,0.0,R05,"R13,R14,R16",0,1,3
FR12_530012586,ok,0.75,1.0,0.86,R05,-,3,1,0
FR12_530012587,ok,0.75,1.0,0.86,R05,-,3,1,0
FR12_530012589,ok,0.75,1.0,0.86,R05,-,3,1,0
FR12_530012590,ok,0.0,0.0,0.0,R05,"R13,R14,R16",0,1,3
FR12_530012591,ok,0.0,0.0,0.0,R05,"R13,R14,R16",0,1,3
FR12_530012593,ok,0.0,0.0,0.0,R05,"R13,R14,R16",0,1,3
FR12_530012594,ok,0.0,0.0,0.0,R05,"R13,R14,R16",0,1,3
FR12_530012595,ok,0.75,1.0,0.86,R05,-,3,1,0
FR12_530012596,ok,0.75,1.0,0.86,R05,-,3,1,0
FR12_530012597,ok,0.75,1.0,0.86,R05,-,3,1,0
FR12_530012598,ok,0.0,0.0,0.0,R05,"R13,R14,R16",0,1,3
FR12_530012599,ok,0.0,0.0,0.0,R05,"R13,R14,R16",0,1,3
FR12_530012601,ok,0.0,0.0,0.0,R05,"R13,R14,R16",0,1,3
FR12_530012602,ok,0.0,0.0,0.0,R05,"R13,R14,R16",0,1,3
FR12_530012603,ok,0.0,0.0,0.0,R05,"R13,R14,R16",0,1,3
FR12_530012605,ok,0.75,1.0,0.86,R05,-,3,1,0
FR12_530012606,ok,0.0,0.0,0.0,R05,"R13,R14,R16",0,1,3
FR12_530012610,ok,0.0,0.0,0.0,R05,"R13,R14,R16",0,1,3
FR12_530012611,ok,0.75,1.0,0.86,R05,-,3,1,0
FR12_530012612,ok,0.75,1.0,0.86,R05,-,3,1,0
FR12_530012613,ok,0.75,1.0,0.86,R05,-,3,1,0
FR12_530012768,ok,1.0,1.0,1.0,-,-,3,0,0
FR12_530012855,ok,1.0,1.0,1.0,-,-,3,0,0
FR12_530012856,ok,1.0,1.0,1.0,-,-,3,0,0
FR12_530012858,ok,1.0,1.0,1.0,-,-,3,0,0
FR12_530012859,ok,1.0,0.75,0.86,-,R06,3,0,1
FR12_530012860,ok,1.0,0.75,0.86,-,R06,3,0,1
FR12_530012861,ok,1.0,0.75,0.86,-,R06,3,0,1
FR12_530012862,ok,1.0,0.75,0.86,-,R06,3,0,1
FR12_530012864,ok,1.0,0.75,0.86,-,R06,3,0,1
FR12_530012865,ok,1.0,0.75,0.86,-,R06,3,0,1
FR12_530012866,ok,1.0,0.75,0.86,-,R06,3,0,1
FR12_530012867,ok,1.0,0.75,0.86,-,R06,3,0,1
FR12_530012868,ok,1.0,0.75,0.86,-,R06,3,0,1
FR12_530012869,ok,1.0,0.75,0.86,-,R06,3,0,1
FR12_530012870,ok,1.0,0.75,0.86,-,R06,3,0,1
FR12_530012871,ok,1.0,0.75,0.86,-,R06,3,0,1
FR12_530012872,ok,1.0,0.75,0.86,-,R06,3,0,1
FR12_530012873,ok,1.0,0.75,0.86,-,R06,3,0,1
FR12_530012874,ok,1.0,0.75,0.86,-,R06,3,0,1
FR12_530012875,ok,1.0,0.75,0.86,-,R06,3,0,1
FR12_530012876,ok,1.0,0.75,0.86,-,R06,3,0,1
FR12_530012877,ok,1.0,0.75,0.86,-,R06,3,0,1
FR12_530012878,ok,1.0,0.75,0.86,-,R06,3,0,1
FR12_530012879,ok,1.0,0.75,0.86,-,R06,3,0,1
FR12_530012880,ok,1.0,0.75,0.86,-,R06,3,0,1
FR12_530012881,ok,1.0,0.75,0.86,-,R06,3,0,1
FR12_530012882,ok,1.0,0.75,0.86,-,R06,3,0,1
FR12_530012883,ok,1.0,0.75,0.86,-,R06,3,0,1
FR12_530012884,ok,1.0,0.75,0.86,-,R06,3,0,1
FR12_530012885,ok,1.0,0.75,0.86,-,R06,3,0,1
FR12_530012886,ok,1.0,0.75,0.86,-,R06,3,0,1
FR12_530012887,ok,1.0,0.75,0.86,-,R06,3,0,1
FR12_530012888,ok,1.0,0.75,0.86,-,R06,3,0,1
FR12_530012889,ok,1.0,0.75,0.86,-,R06,3,0,1
FR12_530012895,ok,1.0,0.75,0.86,-,R06,3,0,1
FR12_530012896,ok,1.0,0.75,0.86,-,R06,3,0,1
FR12_530012897,ok,1.0,0.75,0.86,-,R06,3,0,1
FR12_530012898,ok,1.0,0.75,0.86,-,R06,3,0,1
FR12_530012899,ok,1.0,0.75,0.86,-,R06,3,0,1
FR12_530012900,ok,1.0,0.75,0.86,-,R06,3,0,1
FR12_530012901,ok,1.0,0.75,0.86,-,R06,3,0,1
FR12_530012902,ok,1.0,1.0,1.0,-,-,4,0,0
FR12_530012903,ok,1.0,0.75,0.86,-,R06,3,0,1
FR12_530012904,ok,1.0,0.75,0.86,-,R06,3,0,1
FR12_530012905,ok,1.0,0.75,0.86,-,R06,3,0,1
FR12_530012906,ok,1.0,0.75,0.86,-,R06,3,0,1
FR12_530012907,ok,1.0,0.75,0.86,-,R06,3,0,1
FR12_530012908,ok,1.0,0.75,0.86,-,R06,3,0,1
FR12_530012909,ok,1.0,0.75,0.86,-,R06,3,0,1
FR12_530012910,ok,1.0,0.75,0.86,-,R06,3,0,1
FR12_530012912,ok,1.0,0.75,0.86,-,R06,3,0,1
FR12_530012913,ok,1.0,0.75,0.86,-,R06,3,0,1
FR12_530012914,ok,1.0,0.75,0.86,-,R06,3,0,1
FR12_530012915,ok,1.0,0.75,0.86,-,R06,3,0,1
FR12_530012916,ok,1.0,0.75,0.86,-,R06,3,0,1
FR12_530012917,ok,1.0,0.75,0.86,-,R06,3,0,1
FR12_530012918,ok,1.0,0.75,0.86,-,R06,3,0,1
FR12_530012919,ok,1.0,0.75,0.86,-,R06,3,0,1
FR12_530012921,ok,1.0,1.0,1.0,-,-,3,0,0
FR12_530012922,ok,1.0,1.0,1.0,-,-,3,0,0
FR12_530012925,ok,1.0,1.0,1.0,-,-,3,0,0
FR12_530012926,ok,0.0,1.0,0.0,"R13,R14,R16",-,0,3,0
FR12_530012927,ok,1.0,1.0,1.0,-,-,3,0,0
FR12_530012928,ok,1.0,1.0,1.0,-,-,3,0,0
FR12_530012929,ok,1.0,1.0,1.0,-,-,3,0,0
FR12_530012944,ok,1.0,1.0,1.0,-,-,3,0,0
FR12_530012945,ok,1.0,1.0,1.0,-,-,3,0,0
FR12_530012946,ok,1.0,1.0,1.0,-,-,3,0,0
FR12_530012947,ok,1.0,1.0,1.0,-,-,3,0,0
FR12_530012948,ok,1.0,1.0,1.0,-,-,3,0,0
FR12_530012949,ok,1.0,1.0,1.0,-,-,3,0,0
FR12_530012950,ok,1.0,1.0,1.0,-,-,3,0,0
FR12_530012956,ok,1.0,1.0,1.0,-,-,3,0,0
FR12_530012963,ok,1.0,1.0,1.0,-,-,3,0,0
FR12_530012967,ok,1.0,1.0,1.0,-,-,3,0,0
FR12_530012968,ok,1.0,1.0,1.0,-,-,3,0,0
FR12_530012969,ok,1.0,1.0,1.0,-,-,3,0,0
FR12_530012970,ok,1.0,1.0,1.0,-,-,3,0,0
FR12_530012972,ok,1.0,1.0,1.0,-,-,3,0,0
FR12_530012973,ok,1.0,1.0,1.0,-,-,3,0,0
FR12_530012977,ok,1.0,1.0,1.0,-,-,3,0,0
FR12_530012980,ok,1.0,1.0,1.0,-,-,3,0,0
FR12_530012983,ok,0.75,1.0,0.86,R05,-,3,1,0
FR12_530012985,ok,0.75,1.0,0.86,R05,-,3,1,0
FR12_530013142,ok,1.0,1.0,1.0,-,-,4,0,0
FR12_530013186,ok,1.0,0.8,0.89,-,R01,4,0,1
FR12_530013189,ok,1.0,0.8,0.89,-,R01,4,0,1
FR12_530013192,ok,1.0,0.8,0.89,-,R01,4,0,1
FR12_530013193,ok,0.75,1.0,0.86,R05,-,3,1,0
FR12_530013197,ok,0.75,1.0,0.86,R05,-,3,1,0
FR12_530013203,ok,1.0,1.0,1.0,-,-,3,0,0
FR12_530013206,ok,1.0,0.75,0.86,-,R05,3,0,1
FR12_530013207,ok,1.0,0.75,0.86,-,R05,3,0,1
FR12_530013208,ok,1.0,0.75,0.86,-,R06,3,0,1
FR12_530013209,ok,1.0,0.75,0.86,-,R06,3,0,1
FR12_530013210,ok,1.0,1.0,1.0,-,-,3,0,0
FR12_530013211,ok,1.0,1.0,1.0,-,-,3,0,0
FR12_530013218,ok,0.75,0.75,0.75,R05,R06,3,1,1
FR12_530013219,ok,0.75,0.75,0.75,R05,R06,3,1,1
FR12_530013221,ok,0.75,0.75,0.75,R05,R06,3,1,1
FR12_530013222,ok,0.75,1.0,0.86,R05,-,3,1,0
FR12_530013223,ok,0.75,0.75,0.75,R05,R06,3,1,1
FR12_530013224,ok,0.75,0.75,0.75,R05,R06,3,1,1
FR12_530013244,ok,0.75,1.0,0.86,R05,-,3,1,0
FR12_530013245,ok,0.75,1.0,0.86,R05,-,3,1,0
FR12_530013246,ok,0.75,1.0,0.86,R05,-,3,1,0
FR12_530013247,ok,0.75,1.0,0.86,R05,-,3,1,0
FR12_530013248,ok,0.75,1.0,0.86,R05,-,3,1,0
FR12_530013249,ok,0.75,1.0,0.86,R05,-,3,1,0
FR12_530013250,ok,0.75,1.0,0.86,R05,-,3,1,0
FR12_530013251,ok,0.75,1.0,0.86,R05,-,3,1,0
FR12_530013252,ok,0.75,1.0,0.86,R05,-,3,1,0
FR12_530013253,ok,0.75,1.0,0.86,R05,-,3,1,0
FR12_530013254,ok,0.75,1.0,0.86,R05,-,3,1,0
FR12_530013255,ok,1.0,1.0,1.0,-,-,3,0,0
FR12_530013256,ok,1.0,1.0,1.0,-,-,3,0,0
FR12_530013257,ok,1.0,1.0,1.0,-,-,3,0,0
FR12_530013258,ok,1.0,1.0,1.0,-,-,3,0,0
FR12_530013259,ok,1.0,1.0,1.0,-,-,3,0,0
FR12_530013260,ok,1.0,1.0,1.0,-,-,3,0,0
FR12_530013261,ok,1.0,1.0,1.0,-,-,3,0,0
FR12_530013262,ok,1.0,1.0,1.0,-,-,3,0,0
FR12_530013266,ok,0.75,1.0,0.86,R05,-,3,1,0
FR12_530013267,ok,0.75,1.0,0.86,R05,-,3,1,0
FR12_530013268,ok,0.75,1.0,0.86,R05,-,3,1,0
FR12_530013269,ok,0.75,1.0,0.86,R05,-,3,1,0
FR12_530013426,ok,0.75,1.0,0.86,R05,-,3,1,0
FR12_530013429,ok,0.75,1.0,0.86,R05,-,3,1,0
FR12_530013431,ok,0.75,1.0,0.86,R05,-,3,1,0
FR12_530013439,ok,0.75,1.0,0.86,R05,-,3,1,0
FR12_530013440,ok,0.75,1.0,0.86,R05,-,3,1,0
FR12_530013441,ok,0.75,1.0,0.86,R05,-,3,1,0
FR12_530013449,ok,0.75,1.0,0.86,R05,-,3,1,0
FR12_530013450,ok,0.75,1.0,0.86,R05,-,3,1,0
FR12_530013451,ok,0.75,1.0,0.86,R05,-,3,1,0
FR12_530013452,ok,0.75,1.0,0.86,R05,-,3,1,0
FR12_530013453,ok,0.75,1.0,0.86,R05,-,3,1,0
FR12_530013454,ok,0.75,1.0,0.86,R05,-,3,1,0
FR12_530013455,ok,0.75,1.0,0.86,R05,-,3,1,0
FR12_530013456,ok,0.75,1.0,0.86,R05,-,3,1,0
FR12_530013457,ok,1.0,1.0,1.0,-,-,3,0,0
FR12_530013494,ok,0.8,1.0,0.89,R05,-,4,1,0
FR12_530013502,ok,0.75,1.0,0.86,R05,-,3,1,0
FR12_530013503,ok,0.75,1.0,0.86,R05,-,3,1,0
FR12_530013505,ok,0.75,1.0,0.86,R05,-,3,1,0
FR12_530013509,ok,0.75,1.0,0.86,R05,-,3,1,0
FR12_530013514,ok,0.75,1.0,0.86,R05,-,3,1,0
FR12_530013517,ok,0.75,1.0,0.86,R05,-,3,1,0
FR12_530013518,ok,0.75,1.0,0.86,R05,-,3,1,0
FR12_530013519,ok,0.75,1.0,0.86,R05,-,3,1,0
FR12_530013520,ok,0.75,1.0,0.86,R05,-,3,1,0
FR12_530013521,ok,0.75,1.0,0.86,R05,-,3,1,0
FR12_530013523,ok,0.75,1.0,0.86,R05,-,3,1,0
FR12_530013524,ok,0.75,1.0,0.86,R05,-,3,1,0
FR12_530013525,ok,0.75,1.0,0.86,R05,-,3,1,0
FR12_530013526,ok,0.75,1.0,0.86,R05,-,3,1,0
FR12_530013527,ok,0.75,1.0,0.86,R05,-,3,1,0
FR12_530013528,ok,0.75,1.0,0.86,R05,-,3,1,0
FR12_530013529,ok,0.75,1.0,0.86,R05,-,3,1,0
FR12_530013530,ok,0.75,1.0,0.86,R05,-,3,1,0
FR12_530013534,ok,0.75,1.0,0.86,R05,-,3,1,0
FR12_530013539,ok,0.75,1.0,0.86,R05,-,3,1,0
FR12_530013566,ok,0.75,0.75,0.75,R05,R06,3,1,1
FR12_530013567,ok,0.75,1.0,0.86,R05,-,3,1,0
FR12_530013570,ok,0.75,0.75,0.75,R05,R06,3,1,1
FR12_530013581,ok,0.75,1.0,0.86,R05,-,3,1,0
FR12_530013585,ok,0.75,1.0,0.86,R05,-,3,1,0
FR12_530013586,ok,1.0,1.0,1.0,-,-,3,0,0
FR12_530013589,ok,0.75,1.0,0.86,R05,-,3,1,0
FR12_530013591,ok,0.75,1.0,0.86,R05,-,3,1,0
FR12_530013595,ok,1.0,1.0,1.0,-,-,4,0,0
FR12_530013596,ok,1.0,1.0,1.0,-,-,4,0,0
FR12_530013607,ok,0.75,1.0,0.86,R05,-,3,1,0
FR12_530013608,ok,0.75,1.0,0.86,R05,-,3,1,0
FR12_530013626,ok,1.0,1.0,1.0,-,-,3,0,0
FR12_530013654,ok,0.75,0.75,0.75,R05,R06,3,1,1
FR12_530013698,ok,0.75,1.0,0.86,R05,-,3,1,0
FR12_530013744,ok,1.0,1.0,1.0,-,-,3,0,0
FR12_530013780,ok,0.75,1.0,0.86,R05,-,3,1,0
FR12_530013793,ok,0.75,1.0,0.86,R05,-,3,1,0
FR12_530013842,ok,0.75,1.0,0.86,R05,-,3,1,0
FR13_510000778,ok,1.0,1.0,1.0,-,-,2,0,0
FR13_510000962,ok,1.0,1.0,1.0,-,-,1,0,0
FR13_510001807,ok,1.0,1.0,1.0,-,-,1,0,0
FR13_510002325,ok,1.0,1.0,1.0,-,-,1,0,0
FR13_510002979,ok,1.0,1.0,1.0,-,-,1,0,0
FR13_530000988,ok,1.0,1.0,1.0,-,-,1,0,0
FR13_530000997,ok,1.0,0.25,0.4,-,"R13,R14,R16",1,0,3
FR13_530000998,ok,1.0,1.0,1.0,-,-,4,0,0
FR13_530001000,ok,1.0,0.25,0.4,-,"R13,R14,R16",1,0,3
FR1A_510003713,ok,1.0,1.0,1.0,-,-,1,0,0
FR1A_510003720,ok,1.0,1.0,1.0,-,-,1,0,0
FR1A_510005040,ok,1.0,1.0,1.0,-,-,0,0,0
FR1A_510005041,ok,1.0,1.0,1.0,-,-,0,0,0
FR1A_510005050,ok,1.0,1.0,1.0,-,-,0,0,0
FR1A_510005052,ok,1.0,1.0,1.0,-,-,0,0,0
FR1A_510005157,ok,1.0,1.0,1.0,-,-,0,0,0
FR1A_510005158,ok,1.0,1.0,1.0,-,-,0,0,0
FR1A_510005337,ok,1.0,1.0,1.0,-,-,0,0,0
FR1A_510005338,ok,1.0,1.0,1.0,-,-,0,0,0
FR1A_510005339,ok,1.0,1.0,1.0,-,-,0,0,0
FR1A_510005340,ok,1.0,1.0,1.0,-,-,0,0,0
FR1A_510005341,ok,1.0,1.0,1.0,-,-,0,0,0
FR1A_510013767,ok,1.0,1.0,1.0,-,-,0,0,0
FR1A_510014473,ok,1.0,1.0,1.0,-,-,1,0,0
FR1A_510026281,ok,1.0,1.0,1.0,-,-,1,0,0
FR1A_510043777,ok,1.0,1.0,1.0,-,-,1,0,0
FR1A_510043778,ok,1.0,1.0,1.0,-,-,1,0,0
FR1A_510043779,ok,1.0,1.0,1.0,-,-,1,0,0
FR1A_510043826,ok,1.0,1.0,1.0,-,-,1,0,0
FR1A_510043828,ok,1.0,1.0,1.0,-,-,1,0,0
FR1A_510043829,ok,1.0,1.0,1.0,-,-,1,0,0
FR1A_510043939,ok,1.0,1.0,1.0,-,-,1,0,0
FR1A_530000173,ok,1.0,1.0,1.0,-,-,0,0,0
FR1A_530002748,ok,1.0,1.0,1.0,-,-,1,0,0
FR1A_530002750,ok,1.0,1.0,1.0,-,-,1,0,0
FR1A_530002751,ok,1.0,1.0,1.0,-,-,1,0,0
FR1A_530002752,ok,1.0,1.0,1.0,-,-,1,0,0
FR1A_530002753,ok,1.0,1.0,1.0,-,-,1,0,0
FR1A_530002754,ok,1.0,1.0,1.0,-,-,1,0,0
FR1A_530002936,ok,1.0,1.0,1.0,-,-,1,0,0
FR1A_530002945,ok,1.0,1.0,1.0,-,-,1,0,0
FR1A_530003060,ok,1.0,1.0,1.0,-,-,1,0,0
FR1A_530003063,ok,1.0,1.0,1.0,-,-,1,0,0
FR1A_530003064,ok,1.0,1.0,1.0,-,-,1,0,0
FR1A_530003417,ok,1.0,0.17,0.29,-,"R06,R07,R13,R14,R16",1,0,5
FR1A_530003422,ok,1.0,0.0,0.0,-,"R05,R06,R07",0,0,3
FR1A_530003441,ok,1.0,1.0,1.0,-,-,3,0,0
FR1R_510000066,ok,1.0,1.0,1.0,-,-,1,0,0
FR1R_510000116,ok,1.0,1.0,1.0,-,-,3,0,0
FR1U_510001951,ok,1.0,1.0,1.0,-,-,1,0,0
FR20_510001727,ok,1.0,1.0,1.0,-,-,1,0,0
FR20_510001728,ok,1.0,1.0,1.0,-,-,1,0,0
FR20_510002810,ok,1.0,1.0,1.0,-,-,1,0,0
FR20_510002811,ok,1.0,1.0,1.0,-,-,2,0,0
FR20_510002850,ok,1.0,1.0,1.0,-,-,3,0,0
FR20_510002851,ok,1.0,1.0,1.0,-,-,1,0,0
FR20_510002853,ok,1.0,1.0,1.0,-,-,2,0,0
FR20_510002856,ok,1.0,1.0,1.0,-,-,2,0,0
FR20_510002857,ok,1.0,1.0,1.0,-,-,1,0,0
FR20_510002877,ok,1.0,1.0,1.0,-,-,1,0,0
FR20_510003392,ok,1.0,1.0,1.0,-,-,0,0,0
FR20_510003393,ok,1.0,1.0,1.0,-,-,0,0,0
FR20_520004763,ok,1.0,1.0,1.0,-,-,1,0,0
FR47_510000317,ok,1.0,1.0,1.0,-,-,1,0,0
FR57_510000098,ok,1.0,1.0,1.0,-,-,0,0,0
FR57_510000099,ok,1.0,1.0,1.0,-,-,0,0,0
FR57_510002238,ok,1.0,0.33,0.5,-,"R13,R16",1,0,2
FR57_510004060,ok,1.0,1.0,1.0,-,-,1,0,0
FR57_510004061,ok,1.0,1.0,1.0,-,-,1,0,0
FR57_510004546,ok,1.0,1.0,1.0,-,-,1,0,0
FR58_510000357,ok,1.0,1.0,1.0,-,-,1,0,0
FR58_510000781,ok,1.0,1.0,1.0,-,-,5,0,0
FR58_510000782,ok,1.0,1.0,1.0,-,-,5,0,0
FR58_510000807,ok,1.0,1.0,1.0,-,-,3,0,0
FR58_510001905,ok,1.0,1.0,1.0,-,-,1,0,0
FR65_510000536,ok,1.0,1.0,1.0,-,-,0,0,0
FR65_510002415,ok,1.0,1.0,1.0,-,-,1,0,0
FR65_510002417,ok,1.0,1.0,1.0,-,-,1,0,0
FR65_510005387,ok,1.0,1.0,1.0,-,-,1,0,0
FR65_510005399,ok,1.0,1.0,1.0,-,-,0,0,0
FR65_510006501,ok,1.0,1.0,1.0,-,-,1,0,0
FR65_530000283,ok,1.0,1.0,1.0,-,-,0,0,0
FR65_530000829,ok,1.0,1.0,1.0,-,-,1,0,0
FR65_530001047,ok,1.0,1.0,1.0,-,-,0,0,0
FR80_510000032,ok,1.0,1.0,1.0,-,-,1,0,0
FR80_510000033,ok,1.0,1.0,1.0,-,-,1,0,0
GA10_510000012,ok,1.0,1.0,1.0,-,-,0,0,0
GA10_510000144,ok,1.0,1.0,1.0,-,-,0,0,0
GB11_510004423,ok,1.0,1.0,1.0,-,-,0,0,0
GB11_510004429,ok,1.0,1.0,1.0,-,-,0,0,0
GB11_510005391,ok,1.0,1.0,1.0,-,-,0,0,0
GB11_510007050,ok,1.0,1.0,1.0,-,-,0,0,0
GB11_510007250,ok,1.0,1.0,1.0,-,-,2,0,0
GB11_510008062,ok,1.0,1.0,1.0,-,-,3,0,0
GB11_510020825,ok,1.0,1.0,1.0,-,-,1,0,0
GB11_510021277,ok,1.0,0.4,0.57,-,"R13,R14,R16",2,0,3
GB11_510022837,ok,1.0,1.0,1.0,-,-,0,0,0
GB11_510024148,ok,1.0,1.0,1.0,-,-,3,0,0
GB11_510024168,ok,1.0,1.0,1.0,-,-,3,0,0
GB11_510028732,ok,1.0,1.0,1.0,-,-,0,0,0
GB11_510028735,ok,1.0,1.0,1.0,-,-,0,0,0
GB11_510029012,ok,1.0,1.0,1.0,-,-,1,0,0
GB11_510031769,ok,1.0,1.0,1.0,-,-,0,0,0
GB11_510033557,ok,1.0,1.0,1.0,-,-,3,0,0
GB11_510034600,ok,1.0,1.0,1.0,-,-,3,0,0
GB11_510034878,ok,1.0,1.0,1.0,-,-,0,0,0
GB11_510034910,ok,1.0,1.0,1.0,-,-,0,0,0
GB11_510034930,ok,1.0,1.0,1.0,-,-,0,0,0
GB11_510035147,ok,1.0,1.0,1.0,-,-,0,0,0
GB11_510035148,ok,1.0,1.0,1.0,-,-,0,0,0
GB11_510035149,ok,1.0,1.0,1.0,-,-,0,0,0
GB11_510035748,ok,1.0,1.0,1.0,-,-,2,0,0
GB11_510036476,ok,1.0,1.0,1.0,-,-,0,0,0
GB11_510037190,ok,1.0,1.0,1.0,-,-,0,0,0
GB11_510037382,ok,1.0,1.0,1.0,-,-,1,0,0
GB11_520006902,ok,1.0,1.0,1.0,-,-,0,0,0
GB11_520009534,ok,1.0,1.0,1.0,-,-,0,0,0
GB11_520011352,ok,1.0,1.0,1.0,-,-,1,0,0
GB11_520011383,ok,1.0,1.0,1.0,-,-,1,0,0
GB11_520011398,ok,1.0,1.0,1.0,-,-,1,0,0
GB11_520011400,ok,1.0,1.0,1.0,-,-,1,0,0
GB11_520011932,ok,1.0,1.0,1.0,-,-,1,0,0
GB11_520017704,ok,1.0,1.0,1.0,-,-,0,0,0
GB11_520017706,ok,1.0,1.0,1.0,-,-,0,0,0
GB21_510001865,ok,1.0,1.0,1.0,-,-,2,0,0
GB23_510000405,ok,1.0,1.0,1.0,-,-,1,0,0
GB23_510000407,ok,1.0,1.0,1.0,-,-,1,0,0
GB23_510000795,ok,1.0,1.0,1.0,-,-,1,0,0
GB23_510000798,ok,1.0,0.33,0.5,-,"R13,R16",1,0,2
GB23_520003615,ok,1.0,1.0,1.0,-,-,1,0,0
GB23_520007442,ok,1.0,1.0,1.0,-,-,1,0,0
GB23_520018535,ok,1.0,1.0,1.0,-,-,1,0,0
GH10_100011313,ok,1.0,1.0,1.0,-,-,1,0,0
GH10_510001237,ok,1.0,1.0,1.0,-,-,0,0,0
GH10_510001238,ok,1.0,1.0,1.0,-,-,0,0,0
GH10_510003744,ok,1.0,1.0,1.0,-,-,0,0,0
GH10_510003816,ok,1.0,1.0,1.0,-,-,0,0,0
GH10_510003995,ok,1.0,1.0,1.0,-,-,1,0,0
GH10_510003996,ok,1.0,1.0,1.0,-,-,1,0,0
GH10_510004015,ok,1.0,1.0,1.0,-,-,0,0,0
GH10_510004016,ok,1.0,1.0,1.0,-,-,0,0,0
GH10_510006534,ok,1.0,1.0,1.0,-,-,3,0,0
GH10_510008516,ok,1.0,1.0,1.0,-,-,0,0,0
GH10_510009311,ok,1.0,1.0,1.0,-,-,0,0,0
GH11_100001598,ok,1.0,1.0,1.0,-,-,0,0,0
GH11_510000483,ok,1.0,1.0,1.0,-,-,1,0,0
GH11_510000648,ok,1.0,1.0,1.0,-,-,1,0,0
GR10_510007046,ok,1.0,1.0,1.0,-,-,1,0,0
GR10_510012582,ok,1.0,1.0,1.0,-,-,2,0,0
GR10_530000133,ok,1.0,1.0,1.0,-,-,1,0,0
GR10_530000190,ok,1.0,1.0,1.0,-,-,3,0,0
GR10_530000191,ok,1.0,1.0,1.0,-,-,3,0,0
GR10_530000433,ok,1.0,1.0,1.0,-,-,3,0,0
GR10_530000434,ok,1.0,1.0,1.0,-,-,1,0,0
GR10_530000471,ok,1.0,1.0,1.0,-,-,3,0,0
GR10_530000504,ok,1.0,1.0,1.0,-,-,2,0,0
GT10_5100000856,ok,1.0,1.0,1.0,-,-,0,0,0
GT10_5100003930,ok,1.0,1.0,1.0,-,-,0,0,0
GT10_5100005818,ok,1.0,1.0,1.0,-,-,2,0,0
GT10_5100009164,ok,1.0,1.0,1.0,-,-,0,0,0
GT10_5100018218,ok,1.0,1.0,1.0,-,-,0,0,0
GT10_5100023017,ok,1.0,1.0,1.0,-,-,2,0,0
GT10_5100030098,ok,1.0,1.0,1.0,-,-,1,0,0
GT10_5100030314,ok,1.0,1.0,1.0,-,-,0,0,0
GT10_5100030351,ok,1.0,1.0,1.0,-,-,0,0,0
GT10_6100011906,ok,1.0,1.0,1.0,-,-,1,0,0
GT10_6100085516,ok,1.0,0.33,0.5,-,"R13,R16",1,0,2
GT10_6100111291,ok,1.0,1.0,1.0,-,-,3,0,0
GT10_6100127393,ok,1.0,0.25,0.4,-,"R13,R15,R16",1,0,3
GT10_6100127394,ok,1.0,1.0,1.0,-,-,1,0,0
GT10_6100159875,ok,1.0,1.0,1.0,-,-,3,0,0
GT10_6100159879,ok,1.0,0.33,0.5,-,"R13,R16",1,0,2
GT10_6100192791,ok,1.0,1.0,1.0,-,-,1,0,0
GT10_6100195854,ok,1.0,0.25,0.4,-,"R13,R15,R16",1,0,3
GT10_6100195859,ok,1.0,1.0,1.0,-,-,1,0,0
GT10_6100253094,ok,1.0,1.0,1.0,-,-,3,0,0
GT10_6100258473,ok,1.0,1.0,1.0,-,-,1,0,0
GT25_5100000030,ok,1.0,0.33,0.5,-,"R13,R16",1,0,2
GT25_5100000037,ok,1.0,0.0,0.0,-,"R13,R16",0,0,2
HK15_510000032,ok,1.0,1.0,1.0,-,-,0,0,0
HK15_510000196,ok,1.0,1.0,1.0,-,-,0,0,0
HK15_510000561,ok,1.0,1.0,1.0,-,-,3,0,0
HK15_510000596,ok,1.0,0.67,0.8,-,R14,2,0,1
HK15_510000601,ok,1.0,1.0,1.0,-,-,3,0,0
HK15_510000762,ok,1.0,1.0,1.0,-,-,1,0,0
HK15_510000932,ok,1.0,1.0,1.0,-,-,0,0,0
HK15_510001401,ok,1.0,1.0,1.0,-,-,0,0,0
HK15_510001752,ok,1.0,1.0,1.0,-,-,0,0,0
HK15_510002039,ok,1.0,1.0,1.0,-,-,0,0,0
HK15_510002711,ok,1.0,1.0,1.0,-,-,0,0,0
HK15_510002748,ok,1.0,1.0,1.0,-,-,1,0,0
HK15_510003444,ok,1.0,1.0,1.0,-,-,0,0,0
HK15_510003543,ok,1.0,1.0,1.0,-,-,0,0,0
HK15_510003734,ok,1.0,1.0,1.0,-,-,1,0,0
HK15_510004171,ok,1.0,1.0,1.0,-,-,3,0,0
HK15_510004172,ok,1.0,1.0,1.0,-,-,3,0,0
HK15_510004173,ok,1.0,0.67,0.8,-,R14,2,0,1
HK15_510004520,ok,1.0,1.0,1.0,-,-,0,0,0
HK15_510004946,ok,1.0,1.0,1.0,-,-,1,0,0
HK15_510006755,ok,1.0,1.0,1.0,-,-,0,0,0
HK15_510006831,ok,1.0,1.0,1.0,-,-,0,0,0
HK15_510008101,ok,1.0,0.67,0.8,-,R14,2,0,1
HK15_510008202,ok,1.0,1.0,1.0,-,-,3,0,0
HK15_510008203,ok,1.0,1.0,1.0,-,-,3,0,0
HK15_510009162,ok,1.0,1.0,1.0,-,-,0,0,0
HK15_510009569,ok,1.0,1.0,1.0,-,-,0,0,0
HK15_510010133,ok,1.0,1.0,1.0,-,-,5,0,0
HK15_510010392,ok,1.0,0.67,0.8,-,R14,2,0,1
HK15_510010531,ok,1.0,0.67,0.8,-,R14,2,0,1
HK15_510010533,ok,1.0,1.0,1.0,-,-,3,0,0
HK15_510012440,ok,1.0,0.67,0.8,-,R14,2,0,1
HK15_510012466,ok,1.0,0.67,0.8,-,R14,2,0,1
HK15_510012509,ok,1.0,1.0,1.0,-,-,3,0,0
HK15_510012510,ok,0.0,1.0,0.0,R05,-,0,1,0
HK15_510013215,ok,1.0,1.0,1.0,-,-,0,0,0
HK15_510013350,ok,1.0,1.0,1.0,-,-,1,0,0
HK15_510014471,ok,1.0,1.0,1.0,-,-,3,0,0
HK15_510014486,ok,1.0,1.0,1.0,-,-,3,0,0
HK15_510014544,ok,1.0,1.0,1.0,-,-,3,0,0
HK21_510000019,ok,1.0,1.0,1.0,-,-,0,0,0
HK21_510000020,ok,1.0,1.0,1.0,-,-,2,0,0
HK21_510000021,ok,1.0,1.0,1.0,-,-,0,0,0
HK21_510000183,ok,1.0,1.0,1.0,-,-,0,0,0
HK21_510001045,ok,1.0,1.0,1.0,-,-,2,0,0
HK21_5300000102,ok,1.0,0.0,0.0,-,R05,0,0,1
HK21_5300000104,ok,1.0,0.0,0.0,-,R05,0,0,1
HK21_5300000105,ok,1.0,0.0,0.0,-,R05,0,0,1
HK21_5300000106,ok,1.0,0.0,0.0,-,R05,0,0,1
HK21_5300000108,ok,1.0,0.0,0.0,-,R05,0,0,1
HK21_5300000111,ok,1.0,0.0,0.0,-,R05,0,0,1
HK21_5300000112,ok,1.0,0.0,0.0,-,R05,0,0,1
HK21_5300000118,ok,1.0,0.0,0.0,-,R05,0,0,1
HK21_5300000125,ok,1.0,0.0,0.0,-,R05,0,0,1
HK21_5300000132,ok,1.0,0.0,0.0,-,R05,0,0,1
HK21_5300000137,ok,1.0,0.0,0.0,-,R05,0,0,1
HK21_5300000160,ok,1.0,0.0,0.0,-,R05,0,0,1
HK21_5300000223,ok,0.0,1.0,0.0,"R04,R06",-,0,2,0
HK21_5300000228,ok,0.0,1.0,0.0,R06,-,0,1,0
HK21_5300000235,ok,0.0,1.0,0.0,R06,-,0,1,0
HK21_5300000237,ok,0.0,1.0,0.0,R06,-,0,1,0
HK21_5300000238,ok,1.0,1.0,1.0,-,-,0,0,0
HK21_5300000239,ok,1.0,1.0,1.0,-,-,0,0,0
HK21_5300000240,ok,1.0,1.0,1.0,-,-,0,0,0
HK21_5300000241,ok,1.0,0.0,0.0,-,R06,0,0,1
HK21_5300000244,ok,1.0,1.0,1.0,-,-,0,0,0
HK21_5300000246,ok,1.0,1.0,1.0,-,-,0,0,0
HK21_5300000247,ok,1.0,1.0,1.0,-,-,0,0,0
HK21_5300000248,ok,1.0,1.0,1.0,-,-,0,0,0
HK21_5300000249,ok,1.0,1.0,1.0,-,-,0,0,0
HK21_5300000250,ok,1.0,1.0,1.0,-,-,0,0,0
HK21_5300000251,ok,1.0,1.0,1.0,-,-,0,0,0
HK21_5300000252,ok,1.0,1.0,1.0,-,-,0,0,0
HK21_5300000253,ok,1.0,1.0,1.0,-,-,0,0,0
HK21_5300000254,ok,1.0,1.0,1.0,-,-,0,0,0
HK21_5300000255,ok,1.0,1.0,1.0,-,-,0,0,0
HK21_5300000258,ok,1.0,1.0,1.0,-,-,0,0,0
HR14_510000498,ok,1.0,1.0,1.0,-,-,0,0,0
HR14_510000966,ok,1.0,1.0,1.0,-,-,0,0,0
HR14_510000976,ok,1.0,1.0,1.0,-,-,0,0,0
HR14_510001038,ok,1.0,1.0,1.0,-,-,0,0,0
HR14_510001874,ok,1.0,1.0,1.0,-,-,0,0,0
HR14_510003253,ok,1.0,1.0,1.0,-,-,0,0,0
HR14_510004073,ok,1.0,1.0,1.0,-,-,0,0,0
HR14_510004075,ok,1.0,1.0,1.0,-,-,0,0,0
HR14_510004626,ok,1.0,1.0,1.0,-,-,0,0,0
HR14_510004939,ok,1.0,1.0,1.0,-,-,1,0,0
HR14_510004941,ok,1.0,1.0,1.0,-,-,1,0,0
HR14_530000031,ok,1.0,1.0,1.0,-,-,1,0,0
HR14_530000032,ok,1.0,1.0,1.0,-,-,0,0,0
HR14_530000033,ok,1.0,1.0,1.0,-,-,0,0,0
HU10_510001149,ok,0.5,1.0,0.67,R04,-,1,1,0
HU10_510001700,ok,1.0,1.0,1.0,-,-,0,0,0
HU10_510002498,ok,1.0,1.0,1.0,-,-,1,0,0
HU10_510003216,ok,1.0,1.0,1.0,-,-,3,0,0
HU10_510006215,ok,1.0,1.0,1.0,-,-,3,0,0
HU10_510010102,ok,1.0,1.0,1.0,-,-,0,0,0
HU10_510010103,ok,1.0,1.0,1.0,-,-,0,0,0
HU10_510010104,ok,1.0,1.0,1.0,-,-,0,0,0
HU10_510010105,ok,1.0,1.0,1.0,-,-,0,0,0
HU10_510010106,ok,1.0,1.0,1.0,-,-,0,0,0
HU10_510010113,ok,1.0,1.0,1.0,-,-,0,0,0
HU10_510010527,ok,1.0,1.0,1.0,-,-,1,0,0
HU10_510010792,ok,1.0,1.0,1.0,-,-,0,0,0
HU10_510012228,ok,1.0,1.0,1.0,-,-,1,0,0
HU10_510012285,ok,1.0,1.0,1.0,-,-,0,0,0
HU10_510012423,ok,1.0,1.0,1.0,-,-,0,0,0
HU10_510012609,ok,1.0,1.0,1.0,-,-,0,0,0
HU10_510013080,ok,1.0,1.0,1.0,-,-,1,0,0
HU10_510013081,ok,1.0,1.0,1.0,-,-,1,0,0
HU10_510013115,ok,1.0,1.0,1.0,-,-,1,0,0
HU10_510013116,ok,1.0,1.0,1.0,-,-,1,0,0
HU10_510013120,ok,1.0,1.0,1.0,-,-,0,0,0
HU10_510013121,ok,1.0,1.0,1.0,-,-,0,0,0
HU10_510013122,ok,1.0,1.0,1.0,-,-,0,0,0
HU10_510013151,ok,1.0,1.0,1.0,-,-,0,0,0
HU10_510014418,ok,1.0,1.0,1.0,-,-,0,0,0
HU10_510014420,ok,1.0,1.0,1.0,-,-,0,0,0
HU10_510015978,ok,1.0,1.0,1.0,-,-,0,0,0
HU10_510017373,ok,1.0,1.0,1.0,-,-,0,0,0
HU10_510021241,ok,1.0,1.0,1.0,-,-,0,0,0
HU10_510021737,ok,1.0,1.0,1.0,-,-,1,0,0
HU10_510021745,ok,1.0,1.0,1.0,-,-,1,0,0
HU10_510021820,ok,1.0,1.0,1.0,-,-,0,0,0
HU10_510021837,ok,1.0,1.0,1.0,-,-,0,0,0
HU10_510021842,ok,1.0,1.0,1.0,-,-,0,0,0
HU10_510021844,ok,1.0,1.0,1.0,-,-,0,0,0
HU10_510021944,ok,1.0,1.0,1.0,-,-,1,0,0
HU10_510022268,ok,1.0,1.0,1.0,-,-,1,0,0
HU10_510022390,ok,1.0,1.0,1.0,-,-,1,0,0
HU10_510023389,ok,1.0,1.0,1.0,-,-,0,0,0
HU17_510001977,ok,1.0,0.67,0.8,-,R15,2,0,1
HU17_510004908,ok,1.0,0.25,0.4,-,"R13,R14,R16",1,0,3
HU17_510009634,ok,1.0,1.0,1.0,-,-,1,0,0
HU17_510009980,ok,1.0,1.0,1.0,-,-,1,0,0
ID10_100001048,ok,1.0,1.0,1.0,-,-,1,0,0
ID10_100011220,ok,1.0,1.0,1.0,-,-,1,0,0
ID10_510000828,ok,1.0,1.0,1.0,-,-,3,0,0
ID10_510002487,ok,1.0,1.0,1.0,-,-,2,0,0
ID10_510002838,ok,1.0,1.0,1.0,-,-,4,0,0
ID10_510020414,ok,1.0,1.0,1.0,-,-,3,0,0
ID10_510043780,ok,1.0,1.0,1.0,-,-,3,0,0
ID10_510058154,ok,1.0,1.0,1.0,-,-,1,0,0
IE10_510001094,ok,1.0,1.0,1.0,-,-,0,0,0
IE10_510003712,ok,1.0,1.0,1.0,-,-,0,0,0
IE10_510006030,ok,1.0,1.0,1.0,-,-,0,0,0
IE10_510008193,ok,1.0,1.0,1.0,-,-,0,0,0
IE10_510010810,ok,1.0,1.0,1.0,-,-,0,0,0
IE10_510014812,ok,1.0,1.0,1.0,-,-,0,0,0
IE10_520000268,ok,1.0,1.0,1.0,-,-,1,0,0
IL11_100167252,ok,1.0,1.0,1.0,-,-,3,0,0
IL11_510000546,ok,1.0,1.0,1.0,-,-,2,0,0
IL11_510000548,ok,1.0,1.0,1.0,-,-,2,0,0
IL11_510000553,ok,1.0,1.0,1.0,-,-,2,0,0
IL11_510000560,ok,1.0,1.0,1.0,-,-,1,0,0
IL11_510000567,ok,1.0,1.0,1.0,-,-,2,0,0
IL11_510000568,ok,1.0,1.0,1.0,-,-,1,0,0
IL11_510000569,ok,1.0,1.0,1.0,-,-,2,0,0
IL11_510000570,ok,1.0,1.0,1.0,-,-,2,0,0
IL11_510000603,ok,1.0,1.0,1.0,-,-,2,0,0
IL11_510000608,ok,1.0,1.0,1.0,-,-,2,0,0
IL11_510000609,ok,1.0,1.0,1.0,-,-,1,0,0
IL11_510000610,ok,1.0,1.0,1.0,-,-,1,0,0
IL11_510000729,ok,1.0,1.0,1.0,-,-,2,0,0
IL11_510000730,ok,1.0,1.0,1.0,-,-,3,0,0
IL11_510000731,ok,1.0,1.0,1.0,-,-,2,0,0
IL11_510000734,ok,1.0,1.0,1.0,-,-,4,0,0
IL11_510000736,ok,1.0,1.0,1.0,-,-,3,0,0
IL11_510000738,ok,1.0,1.0,1.0,-,-,3,0,0
IL11_510000741,ok,1.0,1.0,1.0,-,-,3,0,0
IL11_510000743,ok,1.0,1.0,1.0,-,-,2,0,0
IL11_510000745,ok,1.0,1.0,1.0,-,-,2,0,0
IL11_510000752,ok,1.0,1.0,1.0,-,-,2,0,0
IL11_510000753,ok,1.0,1.0,1.0,-,-,3,0,0
IL11_510000755,ok,1.0,1.0,1.0,-,-,3,0,0
IL11_510000756,ok,1.0,1.0,1.0,-,-,3,0,0
IL11_510000757,ok,1.0,1.0,1.0,-,-,3,0,0
IL11_510000758,ok,1.0,1.0,1.0,-,-,2,0,0
IL11_510000760,ok,1.0,1.0,1.0,-,-,3,0,0
IL11_510000766,ok,1.0,1.0,1.0,-,-,2,0,0
IL11_510000768,ok,1.0,1.0,1.0,-,-,2,0,0
IL11_510000770,ok,1.0,1.0,1.0,-,-,2,0,0
IL11_510000772,ok,1.0,1.0,1.0,-,-,2,0,0
IL11_510000774,ok,1.0,1.0,1.0,-,-,3,0,0
IL11_510000776,ok,1.0,1.0,1.0,-,-,2,0,0
IL11_510000778,ok,1.0,1.0,1.0,-,-,2,0,0
IL11_510000779,ok,1.0,1.0,1.0,-,-,2,0,0
IL11_510000780,ok,1.0,1.0,1.0,-,-,2,0,0
IL11_510000781,ok,1.0,1.0,1.0,-,-,2,0,0
IL11_510000782,ok,1.0,1.0,1.0,-,-,2,0,0
IL11_510000787,ok,1.0,1.0,1.0,-,-,2,0,0
IL11_510000789,ok,1.0,1.0,1.0,-,-,2,0,0
IL11_510000793,ok,1.0,1.0,1.0,-,-,2,0,0
IL11_510000794,ok,1.0,1.0,1.0,-,-,2,0,0
IL11_510000795,ok,1.0,1.0,1.0,-,-,2,0,0
IL11_510000796,ok,1.0,1.0,1.0,-,-,2,0,0
IL11_510000797,ok,1.0,1.0,1.0,-,-,2,0,0
IL11_510000806,ok,1.0,1.0,1.0,-,-,2,0,0
IL11_510000807,ok,1.0,1.0,1.0,-,-,2,0,0
IL11_510000808,ok,1.0,1.0,1.0,-,-,2,0,0
IL11_510000809,ok,1.0,1.0,1.0,-,-,2,0,0
IL11_510000810,ok,1.0,1.0,1.0,-,-,2,0,0
IL11_510000811,ok,1.0,1.0,1.0,-,-,2,0,0
IL11_510000813,ok,1.0,1.0,1.0,-,-,2,0,0
IL11_510000820,ok,1.0,1.0,1.0,-,-,1,0,0
IL11_510000821,ok,1.0,1.0,1.0,-,-,1,0,0
IL11_510000823,ok,1.0,1.0,1.0,-,-,1,0,0
IL11_510000826,ok,1.0,1.0,1.0,-,-,2,0,0
IL11_510000846,ok,1.0,1.0,1.0,-,-,1,0,0
IL11_510000847,ok,1.0,1.0,1.0,-,-,1,0,0
IL11_510000852,ok,1.0,1.0,1.0,-,-,1,0,0
IL11_510000878,ok,1.0,1.0,1.0,-,-,1,0,0
IL11_510000884,ok,1.0,1.0,1.0,-,-,2,0,0
IL11_510000885,ok,1.0,1.0,1.0,-,-,2,0,0
IL11_510000888,ok,1.0,1.0,1.0,-,-,1,0,0
IL11_510000889,ok,1.0,1.0,1.0,-,-,3,0,0
IL11_510000890,ok,1.0,1.0,1.0,-,-,3,0,0
IL11_510000891,ok,1.0,1.0,1.0,-,-,3,0,0
IL11_510000892,ok,1.0,1.0,1.0,-,-,3,0,0
IL11_510000897,ok,1.0,1.0,1.0,-,-,2,0,0
IL11_510000898,ok,1.0,1.0,1.0,-,-,2,0,0
IL11_510000899,ok,1.0,1.0,1.0,-,-,2,0,0
IL11_510000900,ok,1.0,1.0,1.0,-,-,2,0,0
IL11_510000901,ok,1.0,1.0,1.0,-,-,2,0,0
IL11_510000908,ok,1.0,1.0,1.0,-,-,1,0,0
IL11_510000909,ok,1.0,1.0,1.0,-,-,1,0,0
IL11_510000910,ok,1.0,1.0,1.0,-,-,1,0,0
IL11_510000911,ok,1.0,1.0,1.0,-,-,1,0,0
IL11_510000968,ok,1.0,1.0,1.0,-,-,1,0,0
IL11_510000971,ok,1.0,1.0,1.0,-,-,1,0,0
IL11_510000972,ok,1.0,1.0,1.0,-,-,1,0,0
IL11_510000973,ok,1.0,1.0,1.0,-,-,1,0,0
IL11_510000985,ok,1.0,1.0,1.0,-,-,1,0,0
IL11_510000988,ok,1.0,1.0,1.0,-,-,2,0,0
IL11_510000989,ok,1.0,1.0,1.0,-,-,2,0,0
IL11_510000990,ok,1.0,1.0,1.0,-,-,2,0,0
IL11_510000993,ok,1.0,1.0,1.0,-,-,2,0,0
IL11_510000994,ok,1.0,1.0,1.0,-,-,2,0,0
IL11_510000995,ok,1.0,1.0,1.0,-,-,2,0,0
IL11_510000996,ok,1.0,1.0,1.0,-,-,1,0,0
IL11_510000997,ok,1.0,1.0,1.0,-,-,2,0,0
IL11_510000999,ok,1.0,1.0,1.0,-,-,2,0,0
IL11_510001000,ok,1.0,1.0,1.0,-,-,1,0,0
IL11_510001002,ok,1.0,1.0,1.0,-,-,1,0,0
IL11_510001006,ok,1.0,1.0,1.0,-,-,2,0,0
IL11_510001008,ok,1.0,1.0,1.0,-,-,2,0,0
IL11_510001011,ok,1.0,1.0,1.0,-,-,1,0,0
IL11_510001012,ok,1.0,1.0,1.0,-,-,2,0,0
IL11_510001013,ok,1.0,1.0,1.0,-,-,2,0,0
IL11_510001014,ok,1.0,1.0,1.0,-,-,1,0,0
IL11_510001015,ok,1.0,1.0,1.0,-,-,1,0,0
IL11_510001018,ok,1.0,1.0,1.0,-,-,1,0,0
IL11_510001020,ok,1.0,1.0,1.0,-,-,1,0,0
IL11_510001021,ok,1.0,1.0,1.0,-,-,2,0,0
IL11_510001025,ok,1.0,1.0,1.0,-,-,2,0,0
IL11_510001059,ok,1.0,1.0,1.0,-,-,2,0,0
IL11_510001060,ok,1.0,1.0,1.0,-,-,2,0,0
IL11_510001062,ok,1.0,1.0,1.0,-,-,1,0,0
IL11_510001063,ok,1.0,1.0,1.0,-,-,1,0,0
IL11_510001064,ok,1.0,1.0,1.0,-,-,1,0,0
IL11_510001065,ok,1.0,1.0,1.0,-,-,2,0,0
IL11_510001067,ok,1.0,1.0,1.0,-,-,2,0,0
IL11_510001068,ok,1.0,1.0,1.0,-,-,1,0,0
IL11_510001069,ok,1.0,1.0,1.0,-,-,2,0,0
IL11_510001071,ok,1.0,1.0,1.0,-,-,2,0,0
IL11_510001072,ok,1.0,1.0,1.0,-,-,2,0,0
IL11_510001073,ok,1.0,1.0,1.0,-,-,2,0,0
IL11_510001074,ok,1.0,1.0,1.0,-,-,2,0,0
IL11_510001075,ok,1.0,1.0,1.0,-,-,1,0,0
IL11_510001076,ok,1.0,1.0,1.0,-,-,2,0,0
IL11_510001077,ok,1.0,1.0,1.0,-,-,1,0,0
IL11_510001080,ok,1.0,1.0,1.0,-,-,1,0,0
IL11_510001083,ok,1.0,1.0,1.0,-,-,1,0,0
IL11_510001084,ok,1.0,1.0,1.0,-,-,1,0,0
IL11_510001087,ok,1.0,1.0,1.0,-,-,1,0,0
IL11_510001088,ok,1.0,1.0,1.0,-,-,1,0,0
IL11_510001101,ok,1.0,1.0,1.0,-,-,1,0,0
IL11_510001103,ok,1.0,1.0,1.0,-,-,1,0,0
IL11_510001106,ok,1.0,1.0,1.0,-,-,1,0,0
IL11_510001107,ok,1.0,1.0,1.0,-,-,1,0,0
IL11_510001110,ok,1.0,1.0,1.0,-,-,2,0,0
IL11_510001111,ok,1.0,1.0,1.0,-,-,2,0,0
IL11_510001112,ok,1.0,1.0,1.0,-,-,1,0,0
IL11_510001123,ok,1.0,1.0,1.0,-,-,1,0,0
IL11_510001125,ok,1.0,1.0,1.0,-,-,1,0,0
IL11_510001129,ok,1.0,1.0,1.0,-,-,1,0,0
IL11_510001183,ok,1.0,1.0,1.0,-,-,1,0,0
IL11_510001184,ok,1.0,1.0,1.0,-,-,1,0,0
IL11_510001189,ok,1.0,1.0,1.0,-,-,1,0,0
IL11_510001190,ok,1.0,1.0,1.0,-,-,1,0,0
IL11_510001193,ok,1.0,1.0,1.0,-,-,1,0,0
IL11_510001194,ok,1.0,1.0,1.0,-,-,1,0,0
IL11_510001195,ok,1.0,1.0,1.0,-,-,1,0,0
IL11_510001196,ok,1.0,1.0,1.0,-,-,1,0,0
IL11_510001197,ok,1.0,1.0,1.0,-,-,1,0,0
IL11_510001199,ok,1.0,1.0,1.0,-,-,1,0,0
IL11_510001200,ok,1.0,1.0,1.0,-,-,1,0,0
IL11_510001201,ok,1.0,1.0,1.0,-,-,1,0,0
IL11_510001202,ok,1.0,1.0,1.0,-,-,1,0,0
IL11_510001203,ok,1.0,1.0,1.0,-,-,1,0,0
IL11_510001204,ok,1.0,1.0,1.0,-,-,1,0,0
IL11_510001205,ok,1.0,1.0,1.0,-,-,1,0,0
IL11_510001206,ok,1.0,1.0,1.0,-,-,1,0,0
IL11_510001208,ok,1.0,1.0,1.0,-,-,1,0,0
IL11_510001209,ok,1.0,1.0,1.0,-,-,1,0,0
IL11_510001210,ok,1.0,1.0,1.0,-,-,1,0,0
IL11_510001211,ok,1.0,1.0,1.0,-,-,1,0,0
IL11_510001213,ok,1.0,1.0,1.0,-,-,1,0,0
IL11_510001215,ok,1.0,1.0,1.0,-,-,1,0,0
IL11_510001216,ok,1.0,1.0,1.0,-,-,1,0,0
IL11_510001217,ok,1.0,1.0,1.0,-,-,1,0,0
IL11_510001218,ok,1.0,1.0,1.0,-,-,1,0,0
IL11_510001219,ok,1.0,1.0,1.0,-,-,1,0,0
IL11_510001220,ok,1.0,1.0,1.0,-,-,1,0,0
IL11_510001221,ok,1.0,1.0,1.0,-,-,1,0,0
IL11_510001222,ok,1.0,1.0,1.0,-,-,1,0,0
IL11_510001224,ok,1.0,1.0,1.0,-,-,1,0,0
IL11_510001225,ok,1.0,1.0,1.0,-,-,1,0,0
IL11_510001226,ok,1.0,1.0,1.0,-,-,1,0,0
IL11_510001227,ok,1.0,1.0,1.0,-,-,1,0,0
IL11_510001228,ok,1.0,1.0,1.0,-,-,1,0,0
IL11_510001229,ok,1.0,1.0,1.0,-,-,1,0,0
IL11_510001230,ok,1.0,1.0,1.0,-,-,1,0,0
IL11_510001231,ok,1.0,1.0,1.0,-,-,1,0,0
IL11_510001235,ok,1.0,1.0,1.0,-,-,1,0,0
IL11_510001236,ok,1.0,1.0,1.0,-,-,1,0,0
IL11_510001238,ok,1.0,1.0,1.0,-,-,1,0,0
IL11_510001243,ok,1.0,1.0,1.0,-,-,1,0,0
IL11_510001250,ok,1.0,1.0,1.0,-,-,2,0,0
IL11_510001254,ok,1.0,1.0,1.0,-,-,1,0,0
IL11_510001257,ok,1.0,1.0,1.0,-,-,1,0,0
IL11_510001266,ok,1.0,1.0,1.0,-,-,1,0,0
IL11_510001267,ok,1.0,1.0,1.0,-,-,2,0,0
IL11_510001268,ok,1.0,1.0,1.0,-,-,1,0,0
IL11_510001269,ok,1.0,1.0,1.0,-,-,1,0,0
IL11_510001270,ok,1.0,1.0,1.0,-,-,2,0,0
IL11_510001284,ok,1.0,1.0,1.0,-,-,1,0,0
IL11_510001444,ok,1.0,1.0,1.0,-,-,2,0,0
IL11_510001445,ok,1.0,1.0,1.0,-,-,2,0,0
IL11_510001446,ok,1.0,1.0,1.0,-,-,3,0,0
IL11_510001447,ok,1.0,1.0,1.0,-,-,2,0,0
IL11_510001450,ok,1.0,1.0,1.0,-,-,2,0,0
IL11_510001451,ok,1.0,1.0,1.0,-,-,3,0,0
IL11_510001456,ok,1.0,1.0,1.0,-,-,3,0,0
IL11_510001460,ok,1.0,1.0,1.0,-,-,2,0,0
IL11_510001461,ok,1.0,1.0,1.0,-,-,3,0,0
IL11_510001466,ok,1.0,1.0,1.0,-,-,3,0,0
IL11_510001468,ok,1.0,1.0,1.0,-,-,3,0,0
IL11_510001469,ok,1.0,1.0,1.0,-,-,3,0,0
IL11_510001471,ok,1.0,1.0,1.0,-,-,2,0,0
IL11_510001472,ok,1.0,1.0,1.0,-,-,3,0,0
IL11_510001473,ok,1.0,1.0,1.0,-,-,3,0,0
IL11_510001480,ok,1.0,1.0,1.0,-,-,3,0,0
IL11_510001483,ok,1.0,1.0,1.0,-,-,1,0,0
IL11_510001492,ok,1.0,1.0,1.0,-,-,1,0,0
IL11_510001501,ok,1.0,1.0,1.0,-,-,1,0,0
IL11_510001505,ok,1.0,1.0,1.0,-,-,1,0,0
IL11_510001506,ok,1.0,1.0,1.0,-,-,1,0,0
IL11_510001513,ok,1.0,1.0,1.0,-,-,1,0,0
IL11_510001535,ok,1.0,1.0,1.0,-,-,1,0,0
IL11_510001583,ok,1.0,1.0,1.0,-,-,1,0,0
IL11_510001589,ok,1.0,1.0,1.0,-,-,1,0,0
IL11_510001590,ok,1.0,1.0,1.0,-,-,1,0,0
IL11_510001597,ok,1.0,1.0,1.0,-,-,1,0,0
IL11_510001615,ok,1.0,1.0,1.0,-,-,2,0,0
IL11_510001633,ok,1.0,1.0,1.0,-,-,1,0,0
IL11_510001635,ok,1.0,1.0,1.0,-,-,2,0,0
IL11_510001644,ok,1.0,1.0,1.0,-,-,1,0,0
IL11_510001673,ok,1.0,1.0,1.0,-,-,1,0,0
IL11_510001674,ok,1.0,1.0,1.0,-,-,1,0,0
IL11_510001675,ok,1.0,1.0,1.0,-,-,1,0,0
IL11_510001676,ok,1.0,1.0,1.0,-,-,1,0,0
IL11_510001677,ok,1.0,1.0,1.0,-,-,1,0,0
IL11_510001679,ok,1.0,1.0,1.0,-,-,1,0,0
IL11_510001684,ok,1.0,1.0,1.0,-,-,1,0,0
IL11_510001685,ok,1.0,1.0,1.0,-,-,1,0,0
IL11_510001723,ok,1.0,1.0,1.0,-,-,1,0,0
IL11_510001724,ok,1.0,1.0,1.0,-,-,1,0,0
IL11_510001728,ok,1.0,1.0,1.0,-,-,1,0,0
IL11_510001729,ok,1.0,1.0,1.0,-,-,1,0,0
IL11_510001731,ok,1.0,1.0,1.0,-,-,1,0,0
IL11_510001732,ok,1.0,1.0,1.0,-,-,1,0,0
IL11_510001740,ok,1.0,1.0,1.0,-,-,1,0,0
IL11_510001741,ok,1.0,1.0,1.0,-,-,1,0,0
IL11_510001745,ok,1.0,1.0,1.0,-,-,2,0,0
IL11_510001747,ok,1.0,1.0,1.0,-,-,1,0,0
IL11_510001748,ok,1.0,1.0,1.0,-,-,2,0,0
IL11_510001758,ok,1.0,1.0,1.0,-,-,1,0,0
IL11_510001760,ok,1.0,1.0,1.0,-,-,1,0,0
IL11_510001761,ok,1.0,1.0,1.0,-,-,1,0,0
IL11_510001764,ok,1.0,1.0,1.0,-,-,1,0,0
IL11_510001765,ok,1.0,1.0,1.0,-,-,1,0,0
IL11_510001768,ok,1.0,1.0,1.0,-,-,2,0,0
IL11_510001781,ok,1.0,1.0,1.0,-,-,1,0,0
IL11_510001783,ok,1.0,1.0,1.0,-,-,1,0,0
IL11_510001835,ok,1.0,1.0,1.0,-,-,1,0,0
IL11_510001851,ok,1.0,1.0,1.0,-,-,1,0,0
IL11_510001852,ok,1.0,1.0,1.0,-,-,1,0,0
IL11_510001853,ok,1.0,1.0,1.0,-,-,1,0,0
IL11_510001854,ok,1.0,1.0,1.0,-,-,1,0,0
IL11_510001877,ok,1.0,1.0,1.0,-,-,1,0,0
IL11_510001915,ok,1.0,1.0,1.0,-,-,2,0,0
IL11_510001955,ok,1.0,1.0,1.0,-,-,1,0,0
IL11_510001957,ok,1.0,1.0,1.0,-,-,1,0,0
IL11_510001959,ok,1.0,1.0,1.0,-,-,1,0,0
IL11_510001982,ok,1.0,1.0,1.0,-,-,1,0,0
IL11_510001985,ok,1.0,1.0,1.0,-,-,1,0,0
IL11_510001988,ok,1.0,1.0,1.0,-,-,1,0,0
IL11_510001989,ok,1.0,1.0,1.0,-,-,1,0,0
IL11_510001990,ok,1.0,1.0,1.0,-,-,1,0,0
IL11_510001991,ok,1.0,1.0,1.0,-,-,1,0,0
IL11_510001992,ok,1.0,1.0,1.0,-,-,1,0,0
IL11_510001993,ok,1.0,1.0,1.0,-,-,1,0,0
IL11_510001994,ok,1.0,1.0,1.0,-,-,1,0,0
IL11_510001996,ok,1.0,1.0,1.0,-,-,1,0,0
IL11_510001999,ok,1.0,1.0,1.0,-,-,1,0,0
IL11_510002001,ok,1.0,1.0,1.0,-,-,1,0,0
IL11_510002002,ok,1.0,1.0,1.0,-,-,1,0,0
IL11_510002004,ok,1.0,1.0,1.0,-,-,1,0,0
IL11_510002094,ok,1.0,1.0,1.0,-,-,2,0,0
IL11_510002095,ok,1.0,1.0,1.0,-,-,1,0,0
IL11_510002096,ok,1.0,1.0,1.0,-,-,1,0,0
IL11_510002097,ok,1.0,1.0,1.0,-,-,1,0,0
IL11_510002098,ok,1.0,1.0,1.0,-,-,1,0,0
IL11_510002099,ok,1.0,1.0,1.0,-,-,1,0,0
IL11_510002100,ok,1.0,1.0,1.0,-,-,1,0,0
IL11_510002101,ok,1.0,1.0,1.0,-,-,1,0,0
IL11_510002102,ok,1.0,1.0,1.0,-,-,1,0,0
IL11_510002103,ok,1.0,1.0,1.0,-,-,1,0,0
IL11_510002104,ok,1.0,1.0,1.0,-,-,1,0,0
IL11_510002105,ok,1.0,1.0,1.0,-,-,1,0,0
IL11_510002106,ok,1.0,1.0,1.0,-,-,1,0,0
IL11_510002107,ok,1.0,1.0,1.0,-,-,1,0,0
IL11_510002108,ok,1.0,1.0,1.0,-,-,1,0,0
IL11_510002109,ok,1.0,1.0,1.0,-,-,1,0,0
IL11_510002110,ok,1.0,1.0,1.0,-,-,1,0,0
IL11_510002111,ok,1.0,1.0,1.0,-,-,1,0,0
IL11_510002114,ok,1.0,1.0,1.0,-,-,1,0,0
IL11_510002116,ok,1.0,1.0,1.0,-,-,1,0,0
IL11_510002117,ok,1.0,1.0,1.0,-,-,1,0,0
IL11_510002120,ok,1.0,1.0,1.0,-,-,1,0,0
IL11_510002129,ok,1.0,1.0,1.0,-,-,1,0,0
IL11_510002130,ok,1.0,1.0,1.0,-,-,1,0,0
IL11_510002131,ok,1.0,1.0,1.0,-,-,1,0,0
IL11_510002132,ok,1.0,1.0,1.0,-,-,1,0,0
IL11_510002133,ok,1.0,1.0,1.0,-,-,1,0,0
IL11_510002139,ok,1.0,1.0,1.0,-,-,1,0,0
IL11_510002140,ok,1.0,1.0,1.0,-,-,1,0,0
IL11_510002195,ok,1.0,1.0,1.0,-,-,1,0,0
IL11_510002211,ok,1.0,1.0,1.0,-,-,1,0,0
IL11_510002212,ok,1.0,1.0,1.0,-,-,1,0,0
IL11_510002213,ok,1.0,1.0,1.0,-,-,1,0,0
IL11_510002214,ok,1.0,1.0,1.0,-,-,1,0,0
IL11_510002215,ok,1.0,1.0,1.0,-,-,1,0,0
IL11_510002216,ok,1.0,1.0,1.0,-,-,1,0,0
IL11_510002284,ok,1.0,1.0,1.0,-,-,3,0,0
IL11_510002286,ok,1.0,1.0,1.0,-,-,2,0,0
IL11_510002287,ok,1.0,1.0,1.0,-,-,2,0,0
IL11_510002288,ok,1.0,1.0,1.0,-,-,3,0,0
IL11_510002289,ok,1.0,1.0,1.0,-,-,3,0,0
IL11_510002291,ok,1.0,1.0,1.0,-,-,2,0,0
IL11_510002292,ok,1.0,1.0,1.0,-,-,2,0,0
IL11_510002293,ok,1.0,1.0,1.0,-,-,2,0,0
IL11_510002295,ok,1.0,1.0,1.0,-,-,2,0,0
IL11_510002297,ok,1.0,1.0,1.0,-,-,3,0,0
IL11_510002299,ok,1.0,1.0,1.0,-,-,2,0,0
IL11_510002300,ok,1.0,1.0,1.0,-,-,2,0,0
IL11_510002303,ok,1.0,1.0,1.0,-,-,3,0,0
IL11_510002306,ok,1.0,1.0,1.0,-,-,2,0,0
IL11_510002307,ok,1.0,1.0,1.0,-,-,2,0,0
IL11_510002308,ok,1.0,1.0,1.0,-,-,2,0,0
IL11_510002309,ok,1.0,1.0,1.0,-,-,2,0,0
IL11_510002310,ok,1.0,1.0,1.0,-,-,3,0,0
IL11_510002314,ok,1.0,1.0,1.0,-,-,3,0,0
IL11_510002316,ok,1.0,1.0,1.0,-,-,3,0,0
IL11_510002317,ok,1.0,1.0,1.0,-,-,2,0,0
IL11_510002320,ok,1.0,1.0,1.0,-,-,2,0,0
IL11_510002321,ok,1.0,1.0,1.0,-,-,2,0,0
IL11_510002322,ok,1.0,1.0,1.0,-,-,2,0,0
IL11_510002324,ok,1.0,1.0,1.0,-,-,2,0,0
IL11_510002327,ok,1.0,1.0,1.0,-,-,3,0,0
IL11_510002328,ok,1.0,1.0,1.0,-,-,3,0,0
IL11_510002329,ok,1.0,1.0,1.0,-,-,2,0,0
IL11_510002333,ok,1.0,1.0,1.0,-,-,3,0,0
IL11_510002339,ok,1.0,1.0,1.0,-,-,2,0,0
IL11_510002349,ok,1.0,1.0,1.0,-,-,2,0,0
IL11_510002351,ok,1.0,1.0,1.0,-,-,3,0,0
IL11_510002352,ok,1.0,1.0,1.0,-,-,2,0,0
IL11_510002353,ok,1.0,1.0,1.0,-,-,3,0,0
IL11_510002354,ok,1.0,1.0,1.0,-,-,3,0,0
IL11_510002355,ok,1.0,1.0,1.0,-,-,2,0,0
IL11_510002356,ok,1.0,1.0,1.0,-,-,2,0,0
IL11_510002357,ok,1.0,1.0,1.0,-,-,2,0,0
IL11_510002358,ok,1.0,1.0,1.0,-,-,2,0,0
IL11_510002359,ok,1.0,1.0,1.0,-,-,2,0,0
IL11_510002360,ok,1.0,1.0,1.0,-,-,2,0,0
IL11_510002361,ok,1.0,1.0,1.0,-,-,2,0,0
IL11_510002363,ok,1.0,1.0,1.0,-,-,2,0,0
IL11_510002379,ok,1.0,1.0,1.0,-,-,0,0,0
IL11_510002381,ok,1.0,1.0,1.0,-,-,1,0,0
IL11_510002388,ok,1.0,1.0,1.0,-,-,1,0,0
IL11_510002404,ok,1.0,1.0,1.0,-,-,2,0,0
IL11_510002405,ok,1.0,1.0,1.0,-,-,2,0,0
IL11_510002411,ok,1.0,1.0,1.0,-,-,2,0,0
IL11_510002413,ok,1.0,1.0,1.0,-,-,1,0,0
IL11_510002414,ok,1.0,1.0,1.0,-,-,2,0,0
IL11_510002417,ok,1.0,1.0,1.0,-,-,2,0,0
IL11_510002420,ok,1.0,1.0,1.0,-,-,1,0,0
IL11_510002438,ok,1.0,1.0,1.0,-,-,2,0,0
IL11_510002439,ok,1.0,1.0,1.0,-,-,2,0,0
IL11_510002446,ok,1.0,1.0,1.0,-,-,3,0,0
IL11_510002447,ok,1.0,1.0,1.0,-,-,3,0,0
IL11_510002448,ok,1.0,1.0,1.0,-,-,3,0,0
IL11_510002449,ok,1.0,1.0,1.0,-,-,3,0,0
IL11_510002450,ok,1.0,1.0,1.0,-,-,2,0,0
IL11_510002451,ok,1.0,1.0,1.0,-,-,2,0,0
IL11_510002452,ok,1.0,1.0,1.0,-,-,2,0,0
IL11_510002453,ok,1.0,1.0,1.0,-,-,2,0,0
IL11_510002454,ok,1.0,1.0,1.0,-,-,2,0,0
IL11_510002455,ok,1.0,1.0,1.0,-,-,1,0,0
IL11_510002456,ok,1.0,1.0,1.0,-,-,1,0,0
IL11_510002457,ok,1.0,1.0,1.0,-,-,1,0,0
IL11_510002458,ok,1.0,1.0,1.0,-,-,1,0,0
IL11_510002459,ok,1.0,1.0,1.0,-,-,1,0,0
IL11_510002460,ok,1.0,1.0,1.0,-,-,1,0,0
IL11_510002461,ok,1.0,1.0,1.0,-,-,2,0,0
IL11_510002462,ok,0.0,0.0,0.0,"R04,R13,R16",R18,0,3,1
IL11_510002463,ok,1.0,1.0,1.0,-,-,1,0,0
IL11_510002469,ok,1.0,1.0,1.0,-,-,2,0,0
IL11_510002484,ok,1.0,1.0,1.0,-,-,1,0,0
IL11_510002507,ok,1.0,1.0,1.0,-,-,3,0,0
IL11_510002510,ok,1.0,1.0,1.0,-,-,3,0,0
IL11_510002515,ok,1.0,1.0,1.0,-,-,2,0,0
IL11_510002520,ok,1.0,1.0,1.0,-,-,3,0,0
IL11_510002521,ok,1.0,1.0,1.0,-,-,1,0,0
IL11_510002527,ok,1.0,1.0,1.0,-,-,2,0,0
IL11_510002535,ok,1.0,1.0,1.0,-,-,1,0,0
IL11_510002537,ok,1.0,1.0,1.0,-,-,1,0,0
IL11_510002539,ok,1.0,1.0,1.0,-,-,1,0,0
IL11_510002542,ok,1.0,1.0,1.0,-,-,1,0,0
IL11_510002550,ok,1.0,1.0,1.0,-,-,1,0,0
IL11_510002554,ok,1.0,1.0,1.0,-,-,1,0,0
IL11_510002562,ok,1.0,1.0,1.0,-,-,1,0,0
IL11_510002563,ok,1.0,1.0,1.0,-,-,1,0,0
IL11_510002566,ok,1.0,0.67,0.8,-,R15,2,0,1
IL11_510002572,ok,1.0,1.0,1.0,-,-,1,0,0
IL11_510002576,ok,1.0,1.0,1.0,-,-,1,0,0
IL11_510002577,ok,1.0,1.0,1.0,-,-,1,0,0
IL11_510002580,ok,1.0,1.0,1.0,-,-,1,0,0
IL11_510002581,ok,1.0,1.0,1.0,-,-,1,0,0
IL11_510002582,ok,1.0,1.0,1.0,-,-,1,0,0
IL11_510002583,ok,1.0,1.0,1.0,-,-,1,0,0
IL11_510002584,ok,1.0,1.0,1.0,-,-,1,0,0
IL11_510002585,ok,1.0,1.0,1.0,-,-,1,0,0
IL11_510002586,ok,1.0,1.0,1.0,-,-,1,0,0
IL11_510002587,ok,1.0,1.0,1.0,-,-,1,0,0
IL11_510002588,ok,1.0,1.0,1.0,-,-,1,0,0
IL11_510002589,ok,1.0,1.0,1.0,-,-,1,0,0
IL11_510002590,ok,1.0,1.0,1.0,-,-,1,0,0
IL11_510002591,ok,1.0,1.0,1.0,-,-,2,0,0
IL11_510002592,ok,1.0,1.0,1.0,-,-,2,0,0
IL11_510002596,ok,1.0,1.0,1.0,-,-,2,0,0
IL11_510002597,ok,1.0,1.0,1.0,-,-,2,0,0
IL11_510002598,ok,1.0,1.0,1.0,-,-,1,0,0
IL11_510002599,ok,1.0,1.0,1.0,-,-,1,0,0
IL11_510002601,ok,1.0,1.0,1.0,-,-,1,0,0
IL11_510002602,ok,1.0,1.0,1.0,-,-,1,0,0
IL11_510002603,ok,1.0,1.0,1.0,-,-,2,0,0
IL11_510002604,ok,1.0,1.0,1.0,-,-,1,0,0
IL11_510002605,ok,1.0,1.0,1.0,-,-,1,0,0
IL11_510002609,ok,1.0,1.0,1.0,-,-,1,0,0
IL11_510002729,ok,1.0,1.0,1.0,-,-,1,0,0
IL11_510002739,ok,1.0,1.0,1.0,-,-,1,0,0
IL11_510002741,ok,1.0,1.0,1.0,-,-,1,0,0
IL11_510002742,ok,1.0,1.0,1.0,-,-,2,0,0
IL11_510002748,ok,1.0,1.0,1.0,-,-,1,0,0
IL11_510002752,ok,1.0,1.0,1.0,-,-,1,0,0
IL11_510002755,ok,1.0,1.0,1.0,-,-,1,0,0
IL11_510002756,ok,1.0,1.0,1.0,-,-,1,0,0
IL11_510002757,ok,1.0,1.0,1.0,-,-,1,0,0
IL11_510002758,ok,1.0,1.0,1.0,-,-,1,0,0
IL11_510002763,ok,1.0,1.0,1.0,-,-,1,0,0
IL11_510002769,ok,1.0,1.0,1.0,-,-,1,0,0
IL11_510002772,ok,1.0,1.0,1.0,-,-,2,0,0
IL11_510002773,ok,1.0,1.0,1.0,-,-,1,0,0
IL11_510002774,ok,1.0,1.0,1.0,-,-,1,0,0
IL11_510002782,ok,1.0,1.0,1.0,-,-,1,0,0
IL11_510002784,ok,1.0,1.0,1.0,-,-,1,0,0
IL11_510002788,ok,1.0,1.0,1.0,-,-,1,0,0
IL11_510002879,ok,1.0,1.0,1.0,-,-,2,0,0
IL11_510002880,ok,1.0,1.0,1.0,-,-,2,0,0
IL11_510002882,ok,1.0,1.0,1.0,-,-,1,0,0
IL11_510002911,ok,1.0,1.0,1.0,-,-,1,0,0
IL11_510002919,ok,1.0,1.0,1.0,-,-,1,0,0
IL11_510002920,ok,1.0,1.0,1.0,-,-,1,0,0
IL11_510002926,ok,1.0,1.0,1.0,-,-,1,0,0
IL11_510002927,ok,1.0,1.0,1.0,-,-,1,0,0
IL11_510002929,ok,1.0,1.0,1.0,-,-,1,0,0
IL11_510002930,ok,1.0,1.0,1.0,-,-,1,0,0
IL11_510003085,ok,1.0,1.0,1.0,-,-,2,0,0
IL11_510003086,ok,1.0,1.0,1.0,-,-,2,0,0
IL11_510003093,ok,1.0,1.0,1.0,-,-,2,0,0
IL11_510003096,ok,1.0,1.0,1.0,-,-,2,0,0
IL11_510003099,ok,1.0,1.0,1.0,-,-,2,0,0
IL11_510003101,ok,1.0,1.0,1.0,-,-,2,0,0
IL11_510003104,ok,1.0,1.0,1.0,-,-,2,0,0
IL11_510003117,ok,1.0,1.0,1.0,-,-,2,0,0
IL11_510003238,ok,1.0,1.0,1.0,-,-,2,0,0
IL11_510003240,ok,1.0,1.0,1.0,-,-,2,0,0
IL11_510003241,ok,1.0,1.0,1.0,-,-,2,0,0
IL11_510003458,ok,1.0,1.0,1.0,-,-,1,0,0
IL11_510003459,ok,1.0,1.0,1.0,-,-,1,0,0
IL11_510003463,ok,1.0,1.0,1.0,-,-,1,0,0
IL11_510003465,ok,1.0,1.0,1.0,-,-,1,0,0
IL11_510003467,ok,1.0,1.0,1.0,-,-,1,0,0
IL11_510003470,ok,1.0,1.0,1.0,-,-,1,0,0
IL11_510003472,ok,1.0,1.0,1.0,-,-,1,0,0
IL11_510003473,ok,1.0,1.0,1.0,-,-,1,0,0
IL11_510003476,ok,1.0,1.0,1.0,-,-,1,0,0
IL11_510003479,ok,1.0,1.0,1.0,-,-,1,0,0
IL11_510003480,ok,1.0,1.0,1.0,-,-,1,0,0
IL11_510003481,ok,1.0,1.0,1.0,-,-,1,0,0
IL11_510003482,ok,1.0,1.0,1.0,-,-,1,0,0
IL11_510003483,ok,1.0,1.0,1.0,-,-,1,0,0
IL11_510003554,ok,1.0,1.0,1.0,-,-,1,0,0
IL11_510003578,ok,1.0,1.0,1.0,-,-,2,0,0
IL11_510003597,ok,1.0,1.0,1.0,-,-,1,0,0
IL11_510003774,ok,1.0,1.0,1.0,-,-,1,0,0
IL11_510003794,ok,1.0,1.0,1.0,-,-,1,0,0
IL11_510003890,ok,1.0,1.0,1.0,-,-,1,0,0
IL11_510003927,ok,1.0,1.0,1.0,-,-,1,0,0
IL11_510003942,ok,1.0,1.0,1.0,-,-,1,0,0
IL11_510003943,ok,1.0,1.0,1.0,-,-,1,0,0
IL11_510003961,ok,1.0,1.0,1.0,-,-,1,0,0
IL11_510004305,ok,1.0,1.0,1.0,-,-,2,0,0
IL11_510004306,ok,1.0,1.0,1.0,-,-,2,0,0
IL11_510004309,ok,1.0,1.0,1.0,-,-,2,0,0
IL11_510004310,ok,1.0,1.0,1.0,-,-,2,0,0
IL11_510004311,ok,1.0,1.0,1.0,-,-,2,0,0
IL11_510004313,ok,1.0,1.0,1.0,-,-,2,0,0
IL11_510004314,ok,1.0,1.0,1.0,-,-,2,0,0
IL11_510004315,ok,1.0,1.0,1.0,-,-,2,0,0
IL11_510004316,ok,1.0,1.0,1.0,-,-,2,0,0
IL11_510004322,ok,1.0,1.0,1.0,-,-,2,0,0
IL11_510004324,ok,1.0,1.0,1.0,-,-,2,0,0
IL11_510004325,ok,1.0,1.0,1.0,-,-,2,0,0
IL11_510004330,ok,1.0,1.0,1.0,-,-,2,0,0
IL11_510004333,ok,1.0,1.0,1.0,-,-,2,0,0
IL11_510004334,ok,1.0,1.0,1.0,-,-,2,0,0
IL11_510004336,ok,1.0,1.0,1.0,-,-,2,0,0
IL11_510004337,ok,1.0,1.0,1.0,-,-,2,0,0
IL11_510004339,ok,1.0,1.0,1.0,-,-,2,0,0
IL11_510004341,ok,1.0,1.0,1.0,-,-,2,0,0
IL11_510004342,ok,1.0,1.0,1.0,-,-,2,0,0
IL11_510004344,ok,1.0,1.0,1.0,-,-,2,0,0
IL11_510004347,ok,1.0,1.0,1.0,-,-,3,0,0
IL11_510004349,ok,1.0,1.0,1.0,-,-,2,0,0
IL11_510004350,ok,1.0,1.0,1.0,-,-,2,0,0
IL11_510004352,ok,1.0,1.0,1.0,-,-,2,0,0
IL11_510004353,ok,1.0,1.0,1.0,-,-,2,0,0
IL11_510004354,ok,1.0,1.0,1.0,-,-,2,0,0
IL11_510004356,ok,1.0,1.0,1.0,-,-,2,0,0
IL11_510004358,ok,1.0,1.0,1.0,-,-,2,0,0
IL11_510004363,ok,1.0,1.0,1.0,-,-,2,0,0
IL11_510004364,ok,1.0,1.0,1.0,-,-,3,0,0
IL11_510004365,ok,1.0,1.0,1.0,-,-,2,0,0
IL11_510004367,ok,1.0,1.0,1.0,-,-,2,0,0
IL11_510004368,ok,1.0,1.0,1.0,-,-,3,0,0
IL11_510004369,ok,1.0,1.0,1.0,-,-,2,0,0
IL11_510004391,ok,1.0,1.0,1.0,-,-,2,0,0
IL11_510004394,ok,1.0,1.0,1.0,-,-,2,0,0
IL11_510004398,ok,1.0,1.0,1.0,-,-,2,0,0
IL11_510004405,ok,1.0,1.0,1.0,-,-,2,0,0
IL11_510004412,ok,1.0,1.0,1.0,-,-,2,0,0
IL11_510004414,ok,1.0,1.0,1.0,-,-,2,0,0
IL11_510004427,ok,1.0,1.0,1.0,-,-,3,0,0
IL11_510004429,ok,1.0,1.0,1.0,-,-,2,0,0
IL11_510004431,ok,1.0,1.0,1.0,-,-,2,0,0
IL11_510004439,ok,1.0,1.0,1.0,-,-,2,0,0
IL11_510004442,ok,1.0,1.0,1.0,-,-,2,0,0
IL11_510004443,ok,1.0,1.0,1.0,-,-,2,0,0
IL11_510004477,ok,1.0,1.0,1.0,-,-,1,0,0
IL11_510004480,ok,1.0,1.0,1.0,-,-,1,0,0
IL11_510004485,ok,1.0,1.0,1.0,-,-,1,0,0
IL11_510004500,ok,1.0,1.0,1.0,-,-,1,0,0
IL11_510004507,ok,1.0,1.0,1.0,-,-,2,0,0
IL11_510004513,ok,1.0,1.0,1.0,-,-,1,0,0
IL11_510004520,ok,1.0,1.0,1.0,-,-,1,0,0
IL11_510004522,ok,1.0,1.0,1.0,-,-,1,0,0
IL11_510004524,ok,1.0,1.0,1.0,-,-,1,0,0
IL11_510004529,ok,1.0,1.0,1.0,-,-,2,0,0
IL11_510004530,ok,1.0,1.0,1.0,-,-,1,0,0
IL11_510004540,ok,1.0,1.0,1.0,-,-,1,0,0
IL11_510004545,ok,1.0,1.0,1.0,-,-,3,0,0
IL11_510004547,ok,1.0,1.0,1.0,-,-,1,0,0
IL11_510004548,ok,1.0,1.0,1.0,-,-,1,0,0
IL11_510004549,ok,1.0,1.0,1.0,-,-,1,0,0
IL11_510004550,ok,1.0,1.0,1.0,-,-,1,0,0
IL11_510004551,ok,1.0,1.0,1.0,-,-,1,0,0
IL11_510004552,ok,1.0,1.0,1.0,-,-,1,0,0
IL11_510004554,ok,1.0,1.0,1.0,-,-,1,0,0
IL11_510004559,ok,1.0,1.0,1.0,-,-,1,0,0
IL11_510004563,ok,1.0,1.0,1.0,-,-,1,0,0
IL11_510004572,ok,1.0,1.0,1.0,-,-,1,0,0
IL11_510004574,ok,1.0,1.0,1.0,-,-,1,0,0
IL11_510004580,ok,1.0,1.0,1.0,-,-,1,0,0
IL11_510004581,ok,1.0,1.0,1.0,-,-,1,0,0
IL11_510004595,ok,1.0,1.0,1.0,-,-,1,0,0
IL11_510004596,ok,1.0,1.0,1.0,-,-,1,0,0
IL11_510004598,ok,1.0,1.0,1.0,-,-,1,0,0
IL11_510004600,ok,1.0,1.0,1.0,-,-,1,0,0
IL11_510004602,ok,1.0,1.0,1.0,-,-,1,0,0
IL11_510004603,ok,1.0,1.0,1.0,-,-,2,0,0
IL11_510004617,ok,1.0,1.0,1.0,-,-,1,0,0
IL11_510004618,ok,1.0,1.0,1.0,-,-,1,0,0
IL11_510004622,ok,1.0,1.0,1.0,-,-,1,0,0
IL11_510004626,ok,1.0,1.0,1.0,-,-,1,0,0
IL11_510004627,ok,1.0,1.0,1.0,-,-,1,0,0
IL11_510004628,ok,1.0,1.0,1.0,-,-,1,0,0
IL11_510004632,ok,1.0,1.0,1.0,-,-,2,0,0
IL11_510004635,ok,1.0,1.0,1.0,-,-,1,0,0
IL11_510004636,ok,1.0,1.0,1.0,-,-,1,0,0
IL11_510004638,ok,1.0,1.0,1.0,-,-,1,0,0
IL11_510004639,ok,1.0,1.0,1.0,-,-,1,0,0
IL11_510004641,ok,1.0,1.0,1.0,-,-,1,0,0
IL11_510004642,ok,1.0,1.0,1.0,-,-,1,0,0
IL11_510004646,ok,1.0,1.0,1.0,-,-,1,0,0
IL11_510004648,ok,1.0,1.0,1.0,-,-,1,0,0
IL11_510004656,ok,1.0,1.0,1.0,-,-,1,0,0
IL11_510004657,ok,1.0,1.0,1.0,-,-,1,0,0
IL11_510004658,ok,1.0,1.0,1.0,-,-,1,0,0
IL11_510004672,ok,1.0,1.0,1.0,-,-,1,0,0
IL11_510004673,ok,1.0,1.0,1.0,-,-,1,0,0
IL11_510004682,ok,1.0,1.0,1.0,-,-,1,0,0
IL11_510004688,ok,1.0,1.0,1.0,-,-,1,0,0
IL11_510004690,ok,1.0,1.0,1.0,-,-,1,0,0
IL11_510004695,ok,1.0,1.0,1.0,-,-,2,0,0
IL11_510004696,ok,1.0,1.0,1.0,-,-,2,0,0
IL11_510004699,ok,1.0,1.0,1.0,-,-,2,0,0
IL11_510004701,ok,1.0,1.0,1.0,-,-,1,0,0
IL11_510004706,ok,1.0,1.0,1.0,-,-,1,0,0
IL11_510004707,ok,1.0,1.0,1.0,-,-,1,0,0
IL11_510004709,ok,1.0,1.0,1.0,-,-,1,0,0
IL11_510004779,ok,1.0,1.0,1.0,-,-,1,0,0
IL11_510004785,ok,1.0,1.0,1.0,-,-,1,0,0
IL11_510004790,ok,1.0,1.0,1.0,-,-,1,0,0
IL11_510004792,ok,1.0,1.0,1.0,-,-,2,0,0
IL11_510004794,ok,1.0,1.0,1.0,-,-,1,0,0
IL11_510004798,ok,1.0,1.0,1.0,-,-,2,0,0
IL11_510004799,ok,1.0,1.0,1.0,-,-,1,0,0
IL11_510004800,ok,1.0,1.0,1.0,-,-,1,0,0
IL11_510004804,ok,1.0,1.0,1.0,-,-,1,0,0
IL11_510004848,ok,1.0,1.0,1.0,-,-,1,0,0
IL11_510004849,ok,1.0,1.0,1.0,-,-,1,0,0
IL11_510004857,ok,1.0,1.0,1.0,-,-,2,0,0
IL11_510004859,ok,1.0,1.0,1.0,-,-,2,0,0
IL11_510004861,ok,1.0,1.0,1.0,-,-,2,0,0
IL11_510004865,ok,1.0,1.0,1.0,-,-,1,0,0
IL11_510004870,ok,1.0,1.0,1.0,-,-,1,0,0
IL11_510004871,ok,1.0,1.0,1.0,-,-,1,0,0
IL11_510004872,ok,1.0,1.0,1.0,-,-,1,0,0
IL11_510004881,ok,1.0,1.0,1.0,-,-,1,0,0
IL11_510004882,ok,1.0,1.0,1.0,-,-,2,0,0
IL11_510004886,ok,1.0,1.0,1.0,-,-,1,0,0
IL11_510004890,ok,1.0,1.0,1.0,-,-,1,0,0
IL11_510004894,ok,1.0,1.0,1.0,-,-,1,0,0
IL11_510004895,ok,1.0,1.0,1.0,-,-,1,0,0
IL11_510004897,ok,1.0,1.0,1.0,-,-,1,0,0
IL11_510004898,ok,1.0,1.0,1.0,-,-,1,0,0
IL11_510004900,ok,1.0,1.0,1.0,-,-,1,0,0
IL11_510004902,ok,1.0,1.0,1.0,-,-,1,0,0
IL11_510004903,ok,1.0,1.0,1.0,-,-,1,0,0
IL11_510004904,ok,1.0,1.0,1.0,-,-,1,0,0
IL11_510004905,ok,1.0,1.0,1.0,-,-,1,0,0
IL11_510005051,ok,1.0,1.0,1.0,-,-,2,0,0
IL11_510005055,ok,1.0,1.0,1.0,-,-,2,0,0
IL11_510005056,ok,1.0,1.0,1.0,-,-,2,0,0
IL11_510005057,ok,1.0,1.0,1.0,-,-,2,0,0
IL11_510005068,ok,1.0,1.0,1.0,-,-,2,0,0
IL11_510005069,ok,1.0,1.0,1.0,-,-,3,0,0
IL11_510005070,ok,1.0,1.0,1.0,-,-,2,0,0
IL11_510005073,ok,1.0,1.0,1.0,-,-,2,0,0
IL11_510005074,ok,1.0,1.0,1.0,-,-,2,0,0
IL11_510005075,ok,1.0,1.0,1.0,-,-,2,0,0
IL11_510005076,ok,1.0,1.0,1.0,-,-,2,0,0
IL11_510005077,ok,1.0,1.0,1.0,-,-,2,0,0
IL11_510005080,ok,1.0,1.0,1.0,-,-,3,0,0
IL11_510005081,ok,1.0,1.0,1.0,-,-,3,0,0
IL11_510005083,ok,1.0,1.0,1.0,-,-,2,0,0
IL11_510005084,ok,1.0,1.0,1.0,-,-,3,0,0
IL11_510005085,ok,1.0,1.0,1.0,-,-,2,0,0
IL11_510005086,ok,1.0,1.0,1.0,-,-,2,0,0
IL11_510005087,ok,1.0,1.0,1.0,-,-,2,0,0
IL11_510005088,ok,1.0,1.0,1.0,-,-,2,0,0
IL11_510005089,ok,1.0,1.0,1.0,-,-,2,0,0
IL11_510005090,ok,1.0,1.0,1.0,-,-,2,0,0
IL11_510005091,ok,1.0,1.0,1.0,-,-,2,0,0
IL11_510005092,ok,1.0,1.0,1.0,-,-,3,0,0
IL11_510005093,ok,1.0,1.0,1.0,-,-,2,0,0
IL11_510005095,ok,1.0,1.0,1.0,-,-,2,0,0
IL11_510005102,ok,1.0,1.0,1.0,-,-,1,0,0
IL11_510005107,ok,1.0,1.0,1.0,-,-,2,0,0
IL11_510005109,ok,1.0,1.0,1.0,-,-,2,0,0
IL11_510005110,ok,1.0,1.0,1.0,-,-,2,0,0
IL11_510005111,ok,1.0,1.0,1.0,-,-,2,0,0
IL11_510005116,ok,1.0,1.0,1.0,-,-,2,0,0
IL11_510005124,ok,1.0,1.0,1.0,-,-,1,0,0
IL11_510005159,ok,1.0,1.0,1.0,-,-,1,0,0
IL11_510005175,ok,1.0,1.0,1.0,-,-,1,0,0
IL11_510005176,ok,1.0,1.0,1.0,-,-,1,0,0
IL11_510005177,ok,1.0,1.0,1.0,-,-,1,0,0
IL11_510005187,ok,1.0,1.0,1.0,-,-,1,0,0
IL11_510005205,ok,1.0,1.0,1.0,-,-,2,0,0
IL11_510005231,ok,1.0,1.0,1.0,-,-,1,0,0
IL11_510005232,ok,1.0,1.0,1.0,-,-,1,0,0
IL11_510005233,ok,1.0,1.0,1.0,-,-,1,0,0
IL11_510005234,ok,1.0,1.0,1.0,-,-,1,0,0
IL11_510005238,ok,1.0,1.0,1.0,-,-,1,0,0
IL11_510005240,ok,1.0,1.0,1.0,-,-,2,0,0
IL11_510005241,ok,1.0,1.0,1.0,-,-,2,0,0
IL11_510005242,ok,1.0,1.0,1.0,-,-,2,0,0
IL11_510005243,ok,1.0,1.0,1.0,-,-,2,0,0
IL11_510005244,ok,1.0,1.0,1.0,-,-,1,0,0
IL11_510005245,ok,1.0,1.0,1.0,-,-,1,0,0
IL11_510005246,ok,1.0,1.0,1.0,-,-,1,0,0
IL11_510005247,ok,1.0,1.0,1.0,-,-,2,0,0
IL11_510005248,ok,1.0,1.0,1.0,-,-,1,0,0
IL11_510005251,ok,1.0,1.0,1.0,-,-,2,0,0
IL11_510005257,ok,1.0,1.0,1.0,-,-,1,0,0
IL11_510005258,ok,1.0,1.0,1.0,-,-,1,0,0
IL11_510005259,ok,1.0,1.0,1.0,-,-,1,0,0
IL11_510005260,ok,1.0,1.0,1.0,-,-,1,0,0
IL11_510005262,ok,1.0,1.0,1.0,-,-,2,0,0
IL11_510005292,ok,1.0,1.0,1.0,-,-,1,0,0
IL11_510005293,ok,1.0,1.0,1.0,-,-,1,0,0
IL11_510005294,ok,1.0,1.0,1.0,-,-,1,0,0
IL11_510005296,ok,1.0,1.0,1.0,-,-,1,0,0
IL11_510005298,ok,1.0,1.0,1.0,-,-,1,0,0
IL11_510005310,ok,1.0,1.0,1.0,-,-,1,0,0
IL11_510005324,ok,1.0,1.0,1.0,-,-,2,0,0
IL11_510005331,ok,1.0,1.0,1.0,-,-,1,0,0
IL11_510005334,ok,1.0,1.0,1.0,-,-,1,0,0
IL11_510005335,ok,1.0,1.0,1.0,-,-,1,0,0
IL11_510005343,ok,1.0,1.0,1.0,-,-,4,0,0
IL11_510005346,ok,1.0,0.5,0.67,-,"R13,R16",2,0,2
IL11_510005350,ok,1.0,1.0,1.0,-,-,1,0,0
IL11_510005353,ok,1.0,1.0,1.0,-,-,1,0,0
IL11_510005355,ok,1.0,1.0,1.0,-,-,1,0,0
IL11_510005357,ok,1.0,1.0,1.0,-,-,1,0,0
IL11_510005359,ok,1.0,1.0,1.0,-,-,1,0,0
IL11_510005361,ok,1.0,1.0,1.0,-,-,2,0,0
IL11_510005364,ok,1.0,1.0,1.0,-,-,2,0,0
IL11_510005365,ok,1.0,1.0,1.0,-,-,1,0,0
IL11_510005375,ok,1.0,1.0,1.0,-,-,1,0,0
IL11_510005377,ok,1.0,1.0,1.0,-,-,1,0,0
IL11_510005378,ok,1.0,1.0,1.0,-,-,1,0,0
IL11_510005487,ok,1.0,1.0,1.0,-,-,2,0,0
IL11_510005488,ok,1.0,1.0,1.0,-,-,2,0,0
IL11_510005501,ok,1.0,1.0,1.0,-,-,2,0,0
IL11_510005502,ok,1.0,1.0,1.0,-,-,2,0,0
IL11_510005504,ok,1.0,1.0,1.0,-,-,2,0,0
IL11_510005513,ok,1.0,1.0,1.0,-,-,2,0,0
IL11_510005531,ok,1.0,1.0,1.0,-,-,1,0,0
IL11_510005535,ok,1.0,1.0,1.0,-,-,1,0,0
IL11_510005539,ok,1.0,1.0,1.0,-,-,1,0,0
IL11_510005594,ok,1.0,1.0,1.0,-,-,1,0,0
IL11_510005629,ok,1.0,1.0,1.0,-,-,1,0,0
IL11_510005631,ok,1.0,1.0,1.0,-,-,1,0,0
IL11_510005632,ok,1.0,1.0,1.0,-,-,1,0,0
IL11_510005637,ok,1.0,1.0,1.0,-,-,2,0,0
IL11_510005659,ok,1.0,1.0,1.0,-,-,2,0,0
IL11_510005664,ok,1.0,1.0,1.0,-,-,1,0,0
IL11_510005665,ok,1.0,0.5,0.67,-,R05,1,0,1
IL11_510005667,ok,1.0,1.0,1.0,-,-,1,0,0
IL11_510005669,ok,1.0,1.0,1.0,-,-,1,0,0
IL11_510005670,ok,1.0,0.5,0.67,-,R05,1,0,1
IL11_510005677,ok,1.0,1.0,1.0,-,-,1,0,0
IL11_510005679,ok,1.0,1.0,1.0,-,-,1,0,0
IL11_510005742,ok,1.0,1.0,1.0,-,-,3,0,0
IL11_510005745,ok,1.0,1.0,1.0,-,-,3,0,0
IL11_510005747,ok,1.0,1.0,1.0,-,-,3,0,0
IL11_510005748,ok,1.0,1.0,1.0,-,-,2,0,0
IL11_510005750,ok,1.0,1.0,1.0,-,-,3,0,0
IL11_510005757,ok,1.0,1.0,1.0,-,-,2,0,0
IL11_510005759,ok,1.0,1.0,1.0,-,-,2,0,0
IL11_510005760,ok,1.0,1.0,1.0,-,-,2,0,0
IL11_510005761,ok,1.0,1.0,1.0,-,-,2,0,0
IL11_510005784,ok,1.0,1.0,1.0,-,-,1,0,0
IL11_510005785,ok,1.0,1.0,1.0,-,-,2,0,0
IL11_510005787,ok,1.0,1.0,1.0,-,-,1,0,0
IL11_510005789,ok,1.0,1.0,1.0,-,-,1,0,0
IL11_510005799,ok,1.0,1.0,1.0,-,-,2,0,0
IL11_510005802,ok,1.0,1.0,1.0,-,-,1,0,0
IL11_510005804,ok,1.0,1.0,1.0,-,-,1,0,0
IL11_510005806,ok,1.0,1.0,1.0,-,-,1,0,0
IL11_510005812,ok,1.0,1.0,1.0,-,-,1,0,0
IL11_510005813,ok,1.0,1.0,1.0,-,-,1,0,0
IL11_510005816,ok,1.0,1.0,1.0,-,-,1,0,0
IL11_510005920,ok,1.0,1.0,1.0,-,-,1,0,0
IL11_510005924,ok,1.0,1.0,1.0,-,-,2,0,0
IL11_510005925,ok,1.0,1.0,1.0,-,-,1,0,0
IL11_510005953,ok,1.0,1.0,1.0,-,-,1,0,0
IL11_510005956,ok,1.0,1.0,1.0,-,-,2,0,0
IL11_510005957,ok,1.0,1.0,1.0,-,-,2,0,0
IL11_510005965,ok,1.0,1.0,1.0,-,-,2,0,0
IL11_510005969,ok,1.0,1.0,1.0,-,-,1,0,0
IL11_510005971,ok,1.0,1.0,1.0,-,-,1,0,0
IL11_510005972,ok,1.0,1.0,1.0,-,-,1,0,0
IL11_510005974,ok,1.0,1.0,1.0,-,-,1,0,0
IL11_510005976,ok,1.0,1.0,1.0,-,-,2,0,0
IL11_510006010,ok,1.0,1.0,1.0,-,-,1,0,0
IL11_510006025,ok,1.0,1.0,1.0,-,-,2,0,0
IL11_510006034,ok,1.0,1.0,1.0,-,-,1,0,0
IL11_510006038,ok,1.0,1.0,1.0,-,-,1,0,0
IL11_510006081,ok,1.0,1.0,1.0,-,-,2,0,0
IL11_510006090,ok,1.0,1.0,1.0,-,-,3,0,0
IL11_510006102,ok,1.0,1.0,1.0,-,-,3,0,0
IL11_510006125,ok,1.0,1.0,1.0,-,-,1,0,0
IL11_510006131,ok,1.0,1.0,1.0,-,-,1,0,0
IL11_510006178,ok,1.0,1.0,1.0,-,-,1,0,0
IL11_510006179,ok,1.0,1.0,1.0,-,-,1,0,0
IL11_510006180,ok,1.0,1.0,1.0,-,-,1,0,0
IL11_510006181,ok,1.0,1.0,1.0,-,-,1,0,0
IL11_510006183,ok,1.0,1.0,1.0,-,-,1,0,0
IL11_510006192,ok,1.0,1.0,1.0,-,-,1,0,0
IL11_510006193,ok,1.0,1.0,1.0,-,-,2,0,0
IL11_510006195,ok,1.0,1.0,1.0,-,-,1,0,0
IL11_510006196,ok,1.0,1.0,1.0,-,-,1,0,0
IL11_510006209,ok,1.0,1.0,1.0,-,-,1,0,0
IL11_510006214,ok,1.0,1.0,1.0,-,-,1,0,0
IL11_510006289,ok,1.0,1.0,1.0,-,-,2,0,0
IL11_510006290,ok,1.0,1.0,1.0,-,-,2,0,0
IL11_510006291,ok,1.0,1.0,1.0,-,-,2,0,0
IL11_510006302,ok,1.0,1.0,1.0,-,-,1,0,0
IL11_510006303,ok,1.0,1.0,1.0,-,-,1,0,0
IL11_510006568,ok,1.0,1.0,1.0,-,-,2,0,0
IL11_510006589,ok,1.0,1.0,1.0,-,-,2,0,0
IL11_510006686,ok,1.0,1.0,1.0,-,-,1,0,0
IL11_510006754,ok,1.0,1.0,1.0,-,-,2,0,0
IL11_510006772,ok,1.0,1.0,1.0,-,-,3,0,0
IL11_510006773,ok,1.0,1.0,1.0,-,-,3,0,0
IL11_510006776,ok,1.0,1.0,1.0,-,-,2,0,0
IL11_510006817,ok,1.0,1.0,1.0,-,-,1,0,0
IL11_510006818,ok,1.0,1.0,1.0,-,-,2,0,0
IL11_510006819,ok,1.0,1.0,1.0,-,-,1,0,0
IL11_510006827,ok,1.0,1.0,1.0,-,-,1,0,0
IL11_510006834,ok,1.0,1.0,1.0,-,-,1,0,0
IL11_510006856,ok,1.0,1.0,1.0,-,-,1,0,0
IL11_510006912,ok,1.0,1.0,1.0,-,-,2,0,0
IL11_510006913,ok,1.0,1.0,1.0,-,-,2,0,0
IL11_510006924,ok,1.0,1.0,1.0,-,-,1,0,0
IL11_510006925,ok,1.0,1.0,1.0,-,-,1,0,0
IL11_510006931,ok,1.0,1.0,1.0,-,-,2,0,0
IL11_510006950,ok,1.0,1.0,1.0,-,-,1,0,0
IL11_510006952,ok,1.0,1.0,1.0,-,-,1,0,0
IL11_510006956,ok,1.0,1.0,1.0,-,-,1,0,0
IL11_510006958,ok,1.0,1.0,1.0,-,-,1,0,0
IL11_510006962,ok,1.0,1.0,1.0,-,-,1,0,0
IL11_510006964,ok,1.0,1.0,1.0,-,-,1,0,0
IL11_510006965,ok,1.0,1.0,1.0,-,-,1,0,0
IL11_510006966,ok,1.0,1.0,1.0,-,-,1,0,0
IL11_510006967,ok,1.0,1.0,1.0,-,-,1,0,0
IL11_510006969,ok,1.0,1.0,1.0,-,-,1,0,0
IL11_510006971,ok,1.0,1.0,1.0,-,-,1,0,0
IL11_510006972,ok,1.0,1.0,1.0,-,-,1,0,0
IL11_510006974,ok,1.0,1.0,1.0,-,-,1,0,0
IL11_510006975,ok,1.0,1.0,1.0,-,-,1,0,0
IL11_510006978,ok,1.0,1.0,1.0,-,-,1,0,0
IL11_510006981,ok,1.0,1.0,1.0,-,-,1,0,0
IL11_510006982,ok,1.0,1.0,1.0,-,-,1,0,0
IL11_510006983,ok,1.0,1.0,1.0,-,-,1,0,0
IL11_510006984,ok,1.0,1.0,1.0,-,-,1,0,0
IL11_510007040,ok,1.0,1.0,1.0,-,-,3,0,0
IL11_510007043,ok,1.0,1.0,1.0,-,-,2,0,0
IL11_510007044,ok,1.0,1.0,1.0,-,-,2,0,0
IL11_510007087,ok,1.0,1.0,1.0,-,-,1,0,0
IL11_510007116,ok,1.0,0.67,0.8,-,R15,2,0,1
IL11_510007155,ok,1.0,1.0,1.0,-,-,1,0,0
IL11_510007157,ok,1.0,1.0,1.0,-,-,1,0,0
IL11_510007160,ok,1.0,1.0,1.0,-,-,2,0,0
IL11_510007207,ok,1.0,1.0,1.0,-,-,2,0,0
IL11_510007577,ok,1.0,1.0,1.0,-,-,0,0,0
IL11_510007587,ok,1.0,1.0,1.0,-,-,0,0,0
IL11_510007590,ok,1.0,1.0,1.0,-,-,0,0,0
IL11_510007599,ok,1.0,1.0,1.0,-,-,0,0,0
IL11_510007602,ok,1.0,1.0,1.0,-,-,0,0,0
IL11_510007639,ok,1.0,1.0,1.0,-,-,0,0,0
IL11_510007672,ok,1.0,1.0,1.0,-,-,2,0,0
IL11_510007683,ok,1.0,1.0,1.0,-,-,3,0,0
IL11_510007722,ok,1.0,1.0,1.0,-,-,1,0,0
IL11_510007723,ok,1.0,1.0,1.0,-,-,1,0,0
IL11_510007724,ok,1.0,1.0,1.0,-,-,1,0,0
IL11_510007727,ok,1.0,1.0,1.0,-,-,1,0,0
IL11_510007728,ok,1.0,1.0,1.0,-,-,1,0,0
IL11_510007729,ok,1.0,1.0,1.0,-,-,1,0,0
IL11_510007730,ok,1.0,1.0,1.0,-,-,1,0,0
IL11_510007731,ok,1.0,1.0,1.0,-,-,1,0,0
IL11_510007732,ok,1.0,1.0,1.0,-,-,1,0,0
IL11_510007733,ok,1.0,1.0,1.0,-,-,2,0,0
IL11_510007734,ok,1.0,1.0,1.0,-,-,1,0,0
IL11_510007735,ok,1.0,1.0,1.0,-,-,1,0,0
IL11_510007788,ok,1.0,1.0,1.0,-,-,2,0,0
IL11_510007879,ok,1.0,1.0,1.0,-,-,1,0,0
IL11_510007911,ok,1.0,1.0,1.0,-,-,2,0,0
IL11_510007916,ok,1.0,1.0,1.0,-,-,1,0,0
IL11_510008019,ok,1.0,1.0,1.0,-,-,1,0,0
IL11_510008023,ok,1.0,1.0,1.0,-,-,1,0,0
IL11_510008026,ok,1.0,1.0,1.0,-,-,2,0,0
IL11_510008146,ok,1.0,1.0,1.0,-,-,3,0,0
IL11_510008235,ok,1.0,1.0,1.0,-,-,1,0,0
IL11_510008247,ok,1.0,1.0,1.0,-,-,2,0,0
IL11_510008272,ok,1.0,1.0,1.0,-,-,2,0,0
IL11_510008283,ok,1.0,1.0,1.0,-,-,2,0,0
IL11_510008391,ok,1.0,1.0,1.0,-,-,1,0,0
IL11_510008392,ok,1.0,1.0,1.0,-,-,1,0,0
IL11_510008453,ok,1.0,1.0,1.0,-,-,2,0,0
IL11_510008458,ok,1.0,1.0,1.0,-,-,2,0,0
IL11_510008501,ok,1.0,1.0,1.0,-,-,1,0,0
IL11_510008502,ok,1.0,1.0,1.0,-,-,1,0,0
IL11_510008736,ok,1.0,1.0,1.0,-,-,2,0,0
IL11_510008739,ok,1.0,1.0,1.0,-,-,2,0,0
IL11_510008832,ok,1.0,1.0,1.0,-,-,1,0,0
IL11_510008833,ok,1.0,1.0,1.0,-,-,1,0,0
IL11_510008835,ok,1.0,1.0,1.0,-,-,1,0,0
IL11_510008836,ok,1.0,1.0,1.0,-,-,1,0,0
IL11_510008837,ok,1.0,1.0,1.0,-,-,1,0,0
IL11_510008838,ok,1.0,1.0,1.0,-,-,1,0,0
IL11_510008841,ok,1.0,1.0,1.0,-,-,1,0,0
IL11_510008927,ok,1.0,1.0,1.0,-,-,2,0,0
IL11_510008928,ok,1.0,1.0,1.0,-,-,2,0,0
IL11_510009059,ok,1.0,1.0,1.0,-,-,2,0,0
IL11_510009161,ok,1.0,1.0,1.0,-,-,2,0,0
IL11_510009162,ok,1.0,1.0,1.0,-,-,2,0,0
IL11_510009163,ok,1.0,1.0,1.0,-,-,3,0,0
IL11_510009164,ok,1.0,1.0,1.0,-,-,2,0,0
IL11_510009165,ok,1.0,1.0,1.0,-,-,3,0,0
IL11_510009214,ok,1.0,1.0,1.0,-,-,1,0,0
IL11_510009606,ok,1.0,1.0,1.0,-,-,3,0,0
IL11_510009607,ok,1.0,1.0,1.0,-,-,3,0,0
IL11_510009704,ok,1.0,1.0,1.0,-,-,2,0,0
IL11_510009715,ok,1.0,1.0,1.0,-,-,2,0,0
IL11_510009716,ok,1.0,1.0,1.0,-,-,2,0,0
IL11_510009862,ok,1.0,1.0,1.0,-,-,2,0,0
IL11_510009892,ok,1.0,1.0,1.0,-,-,2,0,0
IL11_510009897,ok,1.0,1.0,1.0,-,-,2,0,0
IL11_510009908,ok,1.0,1.0,1.0,-,-,1,0,0
IL11_510009914,ok,1.0,1.0,1.0,-,-,1,0,0
IL11_510009918,ok,1.0,1.0,1.0,-,-,1,0,0
IL11_510009920,ok,1.0,1.0,1.0,-,-,1,0,0
IL11_510009922,ok,1.0,1.0,1.0,-,-,2,0,0
IL11_510009924,ok,1.0,1.0,1.0,-,-,1,0,0
IL11_510009926,ok,1.0,1.0,1.0,-,-,1,0,0
IL11_510009928,ok,1.0,1.0,1.0,-,-,1,0,0
IL11_510009934,ok,1.0,1.0,1.0,-,-,1,0,0
IL11_510009936,ok,1.0,1.0,1.0,-,-,2,0,0
IL11_510009938,ok,1.0,1.0,1.0,-,-,1,0,0
IL11_510009940,ok,1.0,1.0,1.0,-,-,1,0,0
IL11_510009946,ok,1.0,1.0,1.0,-,-,1,0,0
IL11_510009951,ok,1.0,1.0,1.0,-,-,3,0,0
IL11_510010009,ok,1.0,1.0,1.0,-,-,2,0,0
IL11_510010014,ok,1.0,1.0,1.0,-,-,1,0,0
IL11_510010029,ok,1.0,1.0,1.0,-,-,1,0,0
IL11_510010108,ok,1.0,1.0,1.0,-,-,2,0,0
IL11_510010110,ok,1.0,1.0,1.0,-,-,3,0,0
IL11_510010111,ok,1.0,1.0,1.0,-,-,1,0,0
IL11_510010112,ok,1.0,1.0,1.0,-,-,1,0,0
IL11_510010113,ok,1.0,1.0,1.0,-,-,1,0,0
IL11_510010114,ok,1.0,1.0,1.0,-,-,1,0,0
IL11_510010140,ok,1.0,1.0,1.0,-,-,1,0,0
IL11_510010142,ok,1.0,1.0,1.0,-,-,1,0,0
IL11_510010143,ok,1.0,1.0,1.0,-,-,1,0,0
IL11_510010144,ok,1.0,1.0,1.0,-,-,1,0,0
IL11_510010145,ok,1.0,1.0,1.0,-,-,1,0,0
IL11_510010152,ok,1.0,1.0,1.0,-,-,2,0,0
IL11_510010157,ok,1.0,1.0,1.0,-,-,2,0,0
IL11_510010254,ok,1.0,1.0,1.0,-,-,2,0,0
IL11_510010255,ok,1.0,1.0,1.0,-,-,2,0,0
IL11_510010256,ok,1.0,1.0,1.0,-,-,2,0,0
IL11_510010536,ok,1.0,1.0,1.0,-,-,2,0,0
IL11_510010537,ok,1.0,1.0,1.0,-,-,2,0,0
IL11_510010553,ok,1.0,1.0,1.0,-,-,2,0,0
IL11_510010712,ok,1.0,1.0,1.0,-,-,2,0,0
IL11_510010713,ok,1.0,1.0,1.0,-,-,1,0,0
IL11_510010714,ok,1.0,1.0,1.0,-,-,2,0,0
IL11_510010739,ok,1.0,1.0,1.0,-,-,2,0,0
IL11_510010740,ok,1.0,1.0,1.0,-,-,2,0,0
IL11_510010741,ok,1.0,1.0,1.0,-,-,2,0,0
IL11_510010804,ok,1.0,1.0,1.0,-,-,2,0,0
IL11_510010976,ok,1.0,1.0,1.0,-,-,2,0,0
IL11_510011215,ok,1.0,1.0,1.0,-,-,2,0,0
IL11_510011216,ok,1.0,1.0,1.0,-,-,1,0,0
IL11_510011217,ok,1.0,1.0,1.0,-,-,1,0,0
IL11_510011341,ok,1.0,1.0,1.0,-,-,3,0,0
IL11_510011376,ok,1.0,1.0,1.0,-,-,0,0,0
IL11_510011378,ok,1.0,1.0,1.0,-,-,0,0,0
IL11_510011379,ok,1.0,1.0,1.0,-,-,0,0,0
IL11_510011388,ok,1.0,1.0,1.0,-,-,0,0,0
IL11_510011397,ok,1.0,1.0,1.0,-,-,0,0,0
IL11_510011399,ok,1.0,1.0,1.0,-,-,0,0,0
IL11_510011400,ok,1.0,1.0,1.0,-,-,0,0,0
IL11_510011401,ok,1.0,1.0,1.0,-,-,0,0,0
IL11_510011402,ok,1.0,1.0,1.0,-,-,0,0,0
IL11_510011403,ok,1.0,1.0,1.0,-,-,0,0,0
IL11_510011408,ok,1.0,1.0,1.0,-,-,1,0,0
IL11_510011411,ok,1.0,1.0,1.0,-,-,0,0,0
IL11_510011412,ok,1.0,1.0,1.0,-,-,0,0,0
IL11_510011413,ok,1.0,1.0,1.0,-,-,0,0,0
IL11_510011414,ok,1.0,1.0,1.0,-,-,0,0,0
IL11_510011418,ok,1.0,1.0,1.0,-,-,0,0,0
IL11_510011422,ok,1.0,1.0,1.0,-,-,0,0,0
IL11_510011423,ok,1.0,1.0,1.0,-,-,1,0,0
IL11_510011506,ok,1.0,1.0,1.0,-,-,2,0,0
IL11_510011507,ok,1.0,1.0,1.0,-,-,2,0,0
IL11_510011663,ok,1.0,1.0,1.0,-,-,2,0,0
IL11_510011714,ok,1.0,1.0,1.0,-,-,2,0,0
IL11_510011959,ok,1.0,1.0,1.0,-,-,2,0,0
IL11_510011981,ok,1.0,1.0,1.0,-,-,2,0,0
IL11_510012050,ok,1.0,1.0,1.0,-,-,2,0,0
IL11_510012058,ok,1.0,1.0,1.0,-,-,1,0,0
IL11_510012174,ok,1.0,1.0,1.0,-,-,2,0,0
IL11_510012222,ok,1.0,1.0,1.0,-,-,2,0,0
IL11_510012226,ok,1.0,1.0,1.0,-,-,2,0,0
IL11_510012229,ok,1.0,1.0,1.0,-,-,2,0,0
IL11_510012281,ok,1.0,1.0,1.0,-,-,2,0,0
IL11_510012282,ok,1.0,1.0,1.0,-,-,2,0,0
IL11_510012283,ok,1.0,1.0,1.0,-,-,2,0,0
IL11_510012284,ok,1.0,1.0,1.0,-,-,2,0,0
IL11_510012285,ok,1.0,1.0,1.0,-,-,2,0,0
IL11_510012287,ok,1.0,1.0,1.0,-,-,2,0,0
IL11_510012420,ok,1.0,1.0,1.0,-,-,2,0,0
IL11_510012626,ok,1.0,1.0,1.0,-,-,2,0,0
IL11_510012871,ok,1.0,1.0,1.0,-,-,1,0,0
IL11_510012872,ok,1.0,1.0,1.0,-,-,1,0,0
IL11_510013077,ok,1.0,1.0,1.0,-,-,2,0,0
IL11_510013122,ok,1.0,1.0,1.0,-,-,3,0,0
IL11_510013333,ok,1.0,1.0,1.0,-,-,0,0,0
IL11_510013335,ok,1.0,1.0,1.0,-,-,0,0,0
IL11_510013339,ok,1.0,1.0,1.0,-,-,0,0,0
IL11_510013341,ok,1.0,1.0,1.0,-,-,0,0,0
IL11_510013350,ok,1.0,1.0,1.0,-,-,0,0,0
IL11_510013352,ok,1.0,1.0,1.0,-,-,1,0,0
IL11_510013353,ok,1.0,1.0,1.0,-,-,0,0,0
IL11_510013362,ok,1.0,1.0,1.0,-,-,0,0,0
IL11_510013364,ok,1.0,1.0,1.0,-,-,0,0,0
IL11_510013365,ok,1.0,1.0,1.0,-,-,0,0,0
IL11_510013368,ok,1.0,1.0,1.0,-,-,0,0,0
IL11_510013369,ok,1.0,1.0,1.0,-,-,0,0,0
IL11_510013372,ok,1.0,1.0,1.0,-,-,0,0,0
IL11_510013373,ok,1.0,1.0,1.0,-,-,0,0,0
IL11_510013375,ok,1.0,1.0,1.0,-,-,0,0,0
IL11_510013377,ok,1.0,1.0,1.0,-,-,0,0,0
IL11_510013380,ok,1.0,1.0,1.0,-,-,0,0,0
IL11_510013381,ok,1.0,1.0,1.0,-,-,0,0,0
IL11_510013583,ok,1.0,1.0,1.0,-,-,3,0,0
IL11_510013593,ok,1.0,1.0,1.0,-,-,3,0,0
IL11_510014074,ok,1.0,1.0,1.0,-,-,2,0,0
IL11_510014079,ok,1.0,1.0,1.0,-,-,1,0,0
IL11_510014557,ok,1.0,1.0,1.0,-,-,3,0,0
IL11_510014564,ok,1.0,1.0,1.0,-,-,3,0,0
IL11_510014902,ok,1.0,1.0,1.0,-,-,0,0,0
IL11_510014906,ok,1.0,1.0,1.0,-,-,0,0,0
IL11_510014912,ok,1.0,1.0,1.0,-,-,0,0,0
IL11_510014914,ok,1.0,1.0,1.0,-,-,0,0,0
IL11_510014916,ok,1.0,1.0,1.0,-,-,0,0,0
IL11_510014919,ok,1.0,1.0,1.0,-,-,0,0,0
IL11_510014921,ok,1.0,1.0,1.0,-,-,0,0,0
IL11_510014923,ok,1.0,1.0,1.0,-,-,0,0,0
IL11_510014927,ok,1.0,1.0,1.0,-,-,0,0,0
IL11_510014929,ok,1.0,1.0,1.0,-,-,0,0,0
IL11_510014931,ok,1.0,1.0,1.0,-,-,0,0,0
IL11_510014948,ok,1.0,1.0,1.0,-,-,0,0,0
IL11_510014952,ok,1.0,1.0,1.0,-,-,0,0,0
IL11_510014953,ok,1.0,1.0,1.0,-,-,0,0,0
IL11_510014954,ok,1.0,1.0,1.0,-,-,0,0,0
IL11_510014958,ok,1.0,1.0,1.0,-,-,0,0,0
IL11_510014992,ok,1.0,1.0,1.0,-,-,0,0,0
IL11_510014993,ok,1.0,1.0,1.0,-,-,0,0,0
IL11_510014995,ok,1.0,1.0,1.0,-,-,0,0,0
IL11_510014996,ok,1.0,1.0,1.0,-,-,0,0,0
IL11_510014998,ok,1.0,1.0,1.0,-,-,0,0,0
IL11_510015001,ok,1.0,1.0,1.0,-,-,0,0,0
IL11_510015002,ok,1.0,1.0,1.0,-,-,0,0,0
IL11_510015004,ok,1.0,1.0,1.0,-,-,0,0,0
IL11_510015032,ok,1.0,1.0,1.0,-,-,0,0,0
IL11_520002204,ok,1.0,1.0,1.0,-,-,3,0,0
IL11_790050134,ok,1.0,1.0,1.0,-,-,1,0,0
IL11_790050148,ok,1.0,1.0,1.0,-,-,1,0,0
IL11_790050159,ok,1.0,1.0,1.0,-,-,1,0,0
IL11_790050161,ok,1.0,1.0,1.0,-,-,1,0,0
IL11_790050188,ok,1.0,0.33,0.5,-,"R13,R16",1,0,2
IL11_790050241,ok,1.0,1.0,1.0,-,-,1,0,0
IL11_790050280,ok,1.0,1.0,1.0,-,-,1,0,0
IL11_790050329,ok,1.0,1.0,1.0,-,-,3,0,0
IL11_790050348,ok,1.0,0.33,0.5,-,"R13,R16",1,0,2
IL11_790050359,ok,1.0,1.0,1.0,-,-,1,0,0
IL11_790050661,ok,1.0,1.0,1.0,-,-,1,0,0
IL11_790050836,ok,1.0,1.0,1.0,-,-,1,0,0
IL11_790050842,ok,1.0,1.0,1.0,-,-,1,0,0
IL11_790050905,ok,1.0,1.0,1.0,-,-,1,0,0
IL11_790051002,ok,1.0,1.0,1.0,-,-,1,0,0
IL11_790051074,ok,1.0,1.0,1.0,-,-,1,0,0
IL11_790051230,ok,1.0,1.0,1.0,-,-,1,0,0
IL11_790051278,ok,1.0,0.33,0.5,-,"R13,R16",1,0,2
IL11_790051666,ok,1.0,1.0,1.0,-,-,1,0,0
IL11_790051672,ok,1.0,1.0,1.0,-,-,1,0,0
IL11_790051677,ok,1.0,1.0,1.0,-,-,1,0,0
IL11_790051686,ok,1.0,1.0,1.0,-,-,1,0,0
IL11_790051732,ok,1.0,1.0,1.0,-,-,1,0,0
IL11_790051746,ok,1.0,0.67,0.8,-,R05,2,0,1
IL11_790051762,ok,1.0,1.0,1.0,-,-,1,0,0
IL11_790051869,ok,1.0,1.0,1.0,-,-,1,0,0
IL11_790051906,ok,1.0,1.0,1.0,-,-,1,0,0
IL11_790051907,ok,1.0,1.0,1.0,-,-,1,0,0
IL11_790051910,ok,1.0,1.0,1.0,-,-,1,0,0
IL11_790051915,ok,1.0,1.0,1.0,-,-,1,0,0
IL11_790052001,ok,1.0,1.0,1.0,-,-,1,0,0
IL11_790052004,ok,1.0,0.67,0.8,-,R05,2,0,1
IL11_790052038,ok,1.0,0.67,0.8,-,R05,2,0,1
IL11_790052076,ok,1.0,1.0,1.0,-,-,1,0,0
IL11_790052090,ok,1.0,1.0,1.0,-,-,1,0,0
IL11_790052199,ok,1.0,1.0,1.0,-,-,1,0,0
IL11_790052299,ok,1.0,1.0,1.0,-,-,1,0,0
IL11_790052301,ok,1.0,1.0,1.0,-,-,1,0,0
IL11_790052354,ok,1.0,1.0,1.0,-,-,1,0,0
IL11_790052766,ok,1.0,0.0,0.0,-,R05,0,0,1
IL11_790052807,ok,1.0,0.0,0.0,-,R05,0,0,1
IL11_790052813,ok,1.0,0.0,0.0,-,R05,0,0,1
IL11_790053023,ok,1.0,1.0,1.0,-,-,1,0,0
IL11_790053032,ok,1.0,0.0,0.0,-,R05,0,0,1
IL11_790053037,ok,1.0,1.0,1.0,-,-,1,0,0
IL11_790053188,ok,1.0,0.25,0.4,-,"R13,R14,R16",1,0,3
IL11_790053192,ok,1.0,1.0,1.0,-,-,4,0,0
IL11_790053235,ok,1.0,0.33,0.5,-,"R13,R16",1,0,2
IL11_790053252,ok,1.0,1.0,1.0,-,-,1,0,0
IN12_510000150,ok,1.0,1.0,1.0,-,-,1,0,0
IN12_510000442,ok,1.0,1.0,1.0,-,-,1,0,0
IN12_510000485,ok,1.0,1.0,1.0,-,-,1,0,0
IN12_510000709,ok,1.0,1.0,1.0,-,-,0,0,0
IN12_510000905,ok,1.0,1.0,1.0,-,-,1,0,0
IN12_510001387,ok,1.0,1.0,1.0,-,-,0,0,0
IN12_510001388,ok,1.0,1.0,1.0,-,-,0,0,0
IN12_510002155,ok,1.0,1.0,1.0,-,-,0,0,0
IN12_510002210,ok,1.0,1.0,1.0,-,-,1,0,0
IN12_510002211,ok,1.0,1.0,1.0,-,-,1,0,0
IN12_510002317,ok,1.0,1.0,1.0,-,-,1,0,0
IN12_510002784,ok,1.0,1.0,1.0,-,-,0,0,0
IN12_510003243,ok,1.0,1.0,1.0,-,-,0,0,0
IN12_510003325,ok,1.0,1.0,1.0,-,-,0,0,0
IN12_510003329,ok,1.0,1.0,1.0,-,-,1,0,0
IN12_510003340,ok,1.0,1.0,1.0,-,-,1,0,0
IN12_510003342,ok,1.0,1.0,1.0,-,-,0,0,0
IN14_100003624,ok,1.0,1.0,1.0,-,-,0,0,0
IN14_100003625,ok,1.0,1.0,1.0,-,-,1,0,0
IN14_100004914,ok,1.0,1.0,1.0,-,-,3,0,0
IN14_100015690,ok,1.0,1.0,1.0,-,-,2,0,0
IN14_100057084,ok,1.0,0.0,0.0,-,R05,0,0,1
IN14_100057382,ok,1.0,1.0,1.0,-,-,3,0,0
IN14_100057875,ok,1.0,1.0,1.0,-,-,3,0,0
IN14_510001081,ok,1.0,1.0,1.0,-,-,4,0,0
IN14_510001437,ok,1.0,1.0,1.0,-,-,0,0,0
IN14_510001653,ok,1.0,1.0,1.0,-,-,1,0,0
IN14_510003218,ok,1.0,1.0,1.0,-,-,1,0,0
IN14_510003472,ok,1.0,1.0,1.0,-,-,1,0,0
IN14_510004632,ok,1.0,1.0,1.0,-,-,2,0,0
IN14_510006631,ok,1.0,1.0,1.0,-,-,1,0,0
IN14_510007050,ok,1.0,1.0,1.0,-,-,1,0,0
IN14_510008014,ok,1.0,1.0,1.0,-,-,0,0,0
IN14_510008644,ok,1.0,1.0,1.0,-,-,0,0,0
IN14_510008891,ok,1.0,1.0,1.0,-,-,0,0,0
IN14_510010627,ok,1.0,1.0,1.0,-,-,1,0,0
IN14_510010636,ok,1.0,1.0,1.0,-,-,1,0,0
IN14_510010648,ok,1.0,1.0,1.0,-,-,1,0,0
IN14_510010653,ok,1.0,1.0,1.0,-,-,1,0,0
IN14_510010658,ok,1.0,1.0,1.0,-,-,1,0,0
IN14_510010706,ok,1.0,1.0,1.0,-,-,1,0,0
IN14_510010752,ok,1.0,1.0,1.0,-,-,1,0,0
IN14_510010783,ok,1.0,1.0,1.0,-,-,1,0,0
IN14_510011030,ok,1.0,1.0,1.0,-,-,0,0,0
IN14_510012811,ok,1.0,1.0,1.0,-,-,1,0,0
IN14_510013041,ok,1.0,1.0,1.0,-,-,1,0,0
IN14_510013134,ok,1.0,1.0,1.0,-,-,2,0,0
IN14_510013135,ok,1.0,1.0,1.0,-,-,3,0,0
IN14_510013137,ok,1.0,1.0,1.0,-,-,3,0,0
IN14_510013202,ok,1.0,1.0,1.0,-,-,1,0,0
IN14_510015949,ok,1.0,1.0,1.0,-,-,0,0,0
IN14_510018237,ok,1.0,1.0,1.0,-,-,0,0,0
IN14_510018242,ok,1.0,1.0,1.0,-,-,1,0,0
IN14_510018360,ok,1.0,1.0,1.0,-,-,1,0,0
IN14_510020029,ok,0.0,0.0,0.0,R12,"R01,R05,R15",0,1,3
IN14_510021462,ok,1.0,1.0,1.0,-,-,1,0,0
IN14_510023872,ok,1.0,1.0,1.0,-,-,1,0,0
IN14_510026589,ok,1.0,1.0,1.0,-,-,0,0,0
IN14_510026939,ok,1.0,1.0,1.0,-,-,1,0,0
IN14_510027253,ok,1.0,1.0,1.0,-,-,1,0,0
IN14_510028098,ok,1.0,1.0,1.0,-,-,0,0,0
IN14_510028653,ok,1.0,1.0,1.0,-,-,1,0,0
IN14_510029586,ok,1.0,1.0,1.0,-,-,0,0,0
IN14_510030282,ok,1.0,1.0,1.0,-,-,1,0,0
IN14_510034093,ok,1.0,1.0,1.0,-,-,0,0,0
IN14_510035174,ok,1.0,1.0,1.0,-,-,1,0,0
IN14_510042468,ok,1.0,1.0,1.0,-,-,1,0,0
IN14_510042958,ok,1.0,1.0,1.0,-,-,2,0,0
IN14_510042979,ok,1.0,1.0,1.0,-,-,1,0,0
IN14_510043002,ok,1.0,1.0,1.0,-,-,0,0,0
IN14_510043015,ok,1.0,1.0,1.0,-,-,0,0,0
IN14_510043028,ok,1.0,1.0,1.0,-,-,1,0,0
IN14_510043713,ok,1.0,1.0,1.0,-,-,1,0,0
IN14_510048849,ok,1.0,1.0,1.0,-,-,0,0,0
IN14_510055401,ok,1.0,1.0,1.0,-,-,3,0,0
IN14_510055440,ok,1.0,1.0,1.0,-,-,3,0,0
IN14_510056313,ok,1.0,1.0,1.0,-,-,2,0,0
IN14_510056652,ok,1.0,1.0,1.0,-,-,0,0,0
IN14_510056744,ok,1.0,1.0,1.0,-,-,0,0,0
IN14_510057671,ok,1.0,1.0,1.0,-,-,2,0,0
IN14_510062800,ok,1.0,1.0,1.0,-,-,1,0,0
IN14_510065539,ok,1.0,1.0,1.0,-,-,0,0,0
IN14_510065926,ok,1.0,1.0,1.0,-,-,1,0,0
IN14_510071530,ok,1.0,1.0,1.0,-,-,1,0,0
IN14_510072844,ok,1.0,1.0,1.0,-,-,0,0,0
IN14_510073325,ok,1.0,1.0,1.0,-,-,0,0,0
IN14_510073409,ok,1.0,1.0,1.0,-,-,0,0,0
IN14_510073813,ok,1.0,1.0,1.0,-,-,0,0,0
IN14_510075848,ok,1.0,1.0,1.0,-,-,1,0,0
IN14_510080720,ok,1.0,1.0,1.0,-,-,2,0,0
IN14_510082371,ok,1.0,1.0,1.0,-,-,1,0,0
IN14_510082472,ok,1.0,1.0,1.0,-,-,1,0,0
IN14_510082490,ok,1.0,1.0,1.0,-,-,1,0,0
IN14_510083452,ok,1.0,1.0,1.0,-,-,1,0,0
IN14_510083624,ok,1.0,1.0,1.0,-,-,1,0,0
IN14_510083796,ok,1.0,1.0,1.0,-,-,1,0,0
IN14_510096356,ok,1.0,1.0,1.0,-,-,1,0,0
IN14_510096392,ok,1.0,1.0,1.0,-,-,1,0,0
IN14_510096406,ok,1.0,1.0,1.0,-,-,2,0,0
IN14_510096427,ok,1.0,1.0,1.0,-,-,1,0,0
IN14_510096989,ok,1.0,1.0,1.0,-,-,0,0,0
IN14_510098875,ok,1.0,1.0,1.0,-,-,2,0,0
IN14_510100496,ok,1.0,1.0,1.0,-,-,0,0,0
IN14_510104609,ok,1.0,1.0,1.0,-,-,1,0,0
IN14_510105150,ok,1.0,1.0,1.0,-,-,0,0,0
IN14_510123986,ok,1.0,1.0,1.0,-,-,0,0,0
IN14_510124104,ok,1.0,1.0,1.0,-,-,1,0,0
IN14_510124581,ok,1.0,1.0,1.0,-,-,3,0,0
IN14_510125206,ok,1.0,1.0,1.0,-,-,1,0,0
IN14_510125280,ok,1.0,1.0,1.0,-,-,0,0,0
IN14_510131047,ok,1.0,1.0,1.0,-,-,4,0,0
IN14_510131537,ok,1.0,1.0,1.0,-,-,2,0,0
IN14_510131542,ok,1.0,1.0,1.0,-,-,1,0,0
IN14_510131572,ok,1.0,1.0,1.0,-,-,2,0,0
IN14_510131599,ok,1.0,1.0,1.0,-,-,2,0,0
IN14_510146009,ok,1.0,1.0,1.0,-,-,1,0,0
IN14_510146071,ok,1.0,1.0,1.0,-,-,0,0,0
IN14_510148016,ok,1.0,1.0,1.0,-,-,1,0,0
IN14_510151540,ok,1.0,1.0,1.0,-,-,2,0,0
IN14_510157522,ok,1.0,1.0,1.0,-,-,0,0,0
IN14_510158915,ok,1.0,1.0,1.0,-,-,1,0,0
IN14_510162826,ok,1.0,1.0,1.0,-,-,0,0,0
IN14_510165454,ok,1.0,1.0,1.0,-,-,0,0,0
IN14_510167154,ok,1.0,1.0,1.0,-,-,4,0,0
IN14_510168469,ok,1.0,1.0,1.0,-,-,0,0,0
IN14_510173827,ok,1.0,1.0,1.0,-,-,1,0,0
IN14_510173982,ok,1.0,1.0,1.0,-,-,0,0,0
IN14_510175172,ok,1.0,1.0,1.0,-,-,2,0,0
IN14_510181696,ok,1.0,1.0,1.0,-,-,1,0,0
IN14_510192269,ok,1.0,1.0,1.0,-,-,1,0,0
IN14_510193657,ok,1.0,1.0,1.0,-,-,2,0,0
IN14_510193671,ok,1.0,1.0,1.0,-,-,1,0,0
IN14_510194007,ok,1.0,1.0,1.0,-,-,1,0,0
IN14_510194041,ok,1.0,1.0,1.0,-,-,1,0,0
IN14_510194827,ok,1.0,1.0,1.0,-,-,1,0,0
IN14_510199080,ok,1.0,1.0,1.0,-,-,4,0,0
IN14_510200643,ok,1.0,1.0,1.0,-,-,1,0,0
IN14_510202447,ok,1.0,1.0,1.0,-,-,0,0,0
IN14_510203366,ok,1.0,1.0,1.0,-,-,0,0,0
IN14_510208950,ok,1.0,1.0,1.0,-,-,1,0,0
IN14_510208971,ok,1.0,1.0,1.0,-,-,0,0,0
IN14_510212245,ok,1.0,1.0,1.0,-,-,1,0,0
IN14_510220369,ok,1.0,1.0,1.0,-,-,1,0,0
IN14_510220383,ok,1.0,1.0,1.0,-,-,1,0,0
IN14_510231954,ok,1.0,1.0,1.0,-,-,0,0,0
IN14_510232714,ok,1.0,1.0,1.0,-,-,0,0,0
IN14_510233120,ok,1.0,1.0,1.0,-,-,1,0,0
IN14_510233121,ok,1.0,1.0,1.0,-,-,1,0,0
IN14_510233122,ok,1.0,1.0,1.0,-,-,1,0,0
IN14_510233217,ok,1.0,1.0,1.0,-,-,1,0,0
IN14_510233240,ok,1.0,1.0,1.0,-,-,1,0,0
IN14_510244486,ok,1.0,1.0,1.0,-,-,0,0,0
IN14_510245072,ok,1.0,1.0,1.0,-,-,1,0,0
IN14_510246049,ok,1.0,1.0,1.0,-,-,0,0,0
IN14_510247359,ok,1.0,1.0,1.0,-,-,0,0,0
IN14_510247368,ok,1.0,1.0,1.0,-,-,0,0,0
IN14_510247431,ok,1.0,1.0,1.0,-,-,0,0,0
IN14_510248163,ok,1.0,1.0,1.0,-,-,0,0,0
IN14_510248979,ok,1.0,1.0,1.0,-,-,0,0,0
IN14_510256053,ok,1.0,1.0,1.0,-,-,0,0,0
IN14_510256826,ok,1.0,1.0,1.0,-,-,1,0,0
IN14_510257128,ok,1.0,0.0,0.0,-,"R01,R02,R15",0,0,3
IN14_510267216,ok,1.0,1.0,1.0,-,-,1,0,0
IN14_510267574,ok,1.0,1.0,1.0,-,-,0,0,0
IN14_510274798,ok,1.0,1.0,1.0,-,-,0,0,0
IN14_510275106,ok,0.25,1.0,0.4,"R04,R13,R16",-,1,3,0
IN14_510276743,ok,1.0,1.0,1.0,-,-,0,0,0
IN14_510282057,ok,1.0,1.0,1.0,-,-,2,0,0
IN14_510284023,ok,1.0,1.0,1.0,-,-,0,0,0
IN14_510284025,ok,1.0,1.0,1.0,-,-,1,0,0
IN14_510284027,ok,1.0,1.0,1.0,-,-,1,0,0
IN14_510284030,ok,1.0,1.0,1.0,-,-,1,0,0
IN14_510284044,ok,1.0,1.0,1.0,-,-,1,0,0
IN14_510284129,ok,1.0,1.0,1.0,-,-,1,0,0
IN14_510284140,ok,1.0,1.0,1.0,-,-,1,0,0
IN14_510287272,ok,1.0,1.0,1.0,-,-,0,0,0
IN14_510287279,ok,1.0,1.0,1.0,-,-,1,0,0
IN14_510287805,ok,1.0,0.0,0.0,-,R12,0,0,1
IN14_510294023,ok,1.0,1.0,1.0,-,-,0,0,0
IN14_510296214,ok,1.0,1.0,1.0,-,-,0,0,0
IN14_510297870,ok,1.0,1.0,1.0,-,-,0,0,0
IN14_510299820,ok,1.0,1.0,1.0,-,-,1,0,0
IN14_510301824,ok,1.0,1.0,1.0,-,-,1,0,0
IN14_510301825,ok,1.0,1.0,1.0,-,-,2,0,0
IN14_510309715,ok,1.0,1.0,1.0,-,-,0,0,0
IN14_510313620,ok,1.0,1.0,1.0,-,-,0,0,0
IN14_510316128,ok,1.0,1.0,1.0,-,-,0,0,0
IN14_510320818,ok,1.0,1.0,1.0,-,-,1,0,0
IN14_510320820,ok,1.0,1.0,1.0,-,-,1,0,0
IN14_510320822,ok,1.0,1.0,1.0,-,-,1,0,0
IN14_510320825,ok,1.0,1.0,1.0,-,-,1,0,0
IN14_510320826,ok,1.0,1.0,1.0,-,-,1,0,0
IN14_510320847,ok,1.0,1.0,1.0,-,-,1,0,0
IN14_510320866,ok,1.0,1.0,1.0,-,-,1,0,0
IN14_510322224,ok,1.0,1.0,1.0,-,-,0,0,0
IN14_510324920,ok,1.0,1.0,1.0,-,-,0,0,0
IN16_510000081,ok,1.0,1.0,1.0,-,-,1,0,0
IN16_510000082,ok,1.0,1.0,1.0,-,-,1,0,0
IN16_510000088,ok,1.0,1.0,1.0,-,-,1,0,0
IN16_510000246,ok,1.0,1.0,1.0,-,-,1,0,0
IN16_510000504,ok,1.0,1.0,1.0,-,-,1,0,0
IN16_510000553,ok,1.0,1.0,1.0,-,-,2,0,0
IN16_510000554,ok,1.0,1.0,1.0,-,-,2,0,0
IN16_510000997,ok,1.0,1.0,1.0,-,-,0,0,0
IN16_510001009,ok,1.0,1.0,1.0,-,-,1,0,0
IN16_510001017,ok,1.0,1.0,1.0,-,-,0,0,0
IN16_510001218,ok,1.0,1.0,1.0,-,-,0,0,0
IN16_510001219,ok,1.0,1.0,1.0,-,-,0,0,0
IN16_510001229,ok,0.0,0.0,0.0,R05,R01,0,1,1
IN16_510001303,ok,1.0,1.0,1.0,-,-,1,0,0
IN16_510001522,ok,1.0,1.0,1.0,-,-,6,0,0
IN16_510001649,ok,1.0,1.0,1.0,-,-,0,0,0
IN16_510001714,ok,1.0,1.0,1.0,-,-,1,0,0
IN16_510001760,ok,1.0,1.0,1.0,-,-,0,0,0
IN16_510001777,ok,1.0,1.0,1.0,-,-,0,0,0
IN16_510001803,ok,1.0,1.0,1.0,-,-,1,0,0
IN16_510001994,ok,1.0,1.0,1.0,-,-,1,0,0
IN16_510002001,ok,1.0,1.0,1.0,-,-,0,0,0
IN16_510002002,ok,1.0,1.0,1.0,-,-,0,0,0
IN16_510002025,ok,1.0,1.0,1.0,-,-,0,0,0
IT11_100000845,ok,1.0,1.0,1.0,-,-,5,0,0
IT11_100001572,ok,1.0,0.25,0.4,-,"R13,R14,R16",1,0,3
IT11_100009992,ok,1.0,1.0,1.0,-,-,3,0,0
IT11_100034436,ok,1.0,0.4,0.57,-,"R13,R14,R16",2,0,3
IT11_100045516,ok,1.0,0.25,0.4,-,"R13,R14,R16",1,0,3
IT11_100058598,ok,1.0,0.25,0.4,-,"R13,R14,R16",1,0,3
IT11_515000505,ok,1.0,1.0,1.0,-,-,1,0,0
IT11_515000683,ok,1.0,1.0,1.0,-,-,1,0,0
IT11_515000773,ok,1.0,1.0,1.0,-,-,0,0,0
IT11_515000778,ok,1.0,1.0,1.0,-,-,0,0,0
IT11_515000779,ok,1.0,1.0,1.0,-,-,0,0,0
IT11_515000940,ok,1.0,1.0,1.0,-,-,2,0,0
IT11_515000969,ok,1.0,1.0,1.0,-,-,1,0,0
IT11_515001155,ok,1.0,1.0,1.0,-,-,3,0,0
IT11_515001182,ok,1.0,1.0,1.0,-,-,0,0,0
IT11_515001239,ok,1.0,1.0,1.0,-,-,0,0,0
IT11_515001362,ok,1.0,0.0,0.0,-,"R05,R06,R09",0,0,3
IT11_515001363,ok,1.0,0.0,0.0,-,"R05,R06,R09",0,0,3
IT11_515001364,ok,1.0,0.0,0.0,-,"R05,R06,R09",0,0,3
IT11_515001538,ok,1.0,0.0,0.0,-,"R05,R06,R07",0,0,3
IT11_515001627,ok,1.0,1.0,1.0,-,-,0,0,0
IT11_515001689,ok,1.0,1.0,1.0,-,-,1,0,0
IT11_515002213,ok,1.0,1.0,1.0,-,-,1,0,0
IT11_515002214,ok,1.0,1.0,1.0,-,-,1,0,0
IT11_515003527,ok,0.0,0.0,0.0,R05,"R13,R14,R16",0,1,3
IT11_515003806,ok,1.0,1.0,1.0,-,-,1,0,0
IT11_515003871,ok,1.0,1.0,1.0,-,-,1,0,0
IT11_515004435,ok,1.0,1.0,1.0,-,-,1,0,0
IT11_515004443,ok,1.0,1.0,1.0,-,-,1,0,0
IT11_515004782,ok,1.0,1.0,1.0,-,-,0,0,0
IT11_515004785,ok,1.0,1.0,1.0,-,-,0,0,0
IT11_515004786,ok,1.0,1.0,1.0,-,-,0,0,0
IT11_515004788,ok,1.0,1.0,1.0,-,-,0,0,0
IT11_515004789,ok,1.0,1.0,1.0,-,-,0,0,0
IT11_515004991,ok,1.0,1.0,1.0,-,-,0,0,0
IT11_515004998,ok,1.0,1.0,1.0,-,-,1,0,0
IT11_515005184,ok,1.0,1.0,1.0,-,-,1,0,0
IT11_515005611,ok,1.0,1.0,1.0,-,-,1,0,0
IT11_515005617,ok,1.0,1.0,1.0,-,-,1,0,0
IT11_515005618,ok,1.0,1.0,1.0,-,-,1,0,0
IT11_515005619,ok,1.0,1.0,1.0,-,-,0,0,0
IT11_515005621,ok,1.0,1.0,1.0,-,-,1,0,0
IT11_515005622,ok,1.0,1.0,1.0,-,-,0,0,0
IT11_515005624,ok,1.0,1.0,1.0,-,-,0,0,0
IT11_515005628,ok,1.0,1.0,1.0,-,-,1,0,0
IT11_515005629,ok,1.0,1.0,1.0,-,-,0,0,0
IT11_515005631,ok,1.0,1.0,1.0,-,-,1,0,0
IT11_515005635,ok,1.0,1.0,1.0,-,-,0,0,0
IT11_515005639,ok,1.0,1.0,1.0,-,-,1,0,0
IT11_515005642,ok,1.0,1.0,1.0,-,-,0,0,0
IT11_515005645,ok,1.0,1.0,1.0,-,-,1,0,0
IT11_515005648,ok,1.0,1.0,1.0,-,-,0,0,0
IT11_515005650,ok,1.0,1.0,1.0,-,-,0,0,0
IT11_515005651,ok,1.0,1.0,1.0,-,-,0,0,0
IT11_515005652,ok,1.0,1.0,1.0,-,-,1,0,0
IT11_515005653,ok,1.0,1.0,1.0,-,-,1,0,0
IT11_515005655,ok,1.0,1.0,1.0,-,-,0,0,0
IT11_515005656,ok,1.0,1.0,1.0,-,-,3,0,0
IT11_515005671,ok,1.0,1.0,1.0,-,-,0,0,0
IT11_515005680,ok,1.0,1.0,1.0,-,-,0,0,0
IT11_515005681,ok,1.0,1.0,1.0,-,-,0,0,0
IT11_515005684,ok,1.0,1.0,1.0,-,-,1,0,0
IT11_515005688,ok,1.0,1.0,1.0,-,-,0,0,0
IT11_515005691,ok,1.0,1.0,1.0,-,-,0,0,0
IT11_515005692,ok,1.0,1.0,1.0,-,-,0,0,0
IT11_515005693,ok,1.0,1.0,1.0,-,-,1,0,0
IT11_515005698,ok,1.0,1.0,1.0,-,-,0,0,0
IT11_515005801,ok,1.0,1.0,1.0,-,-,0,0,0
IT11_515005802,ok,1.0,1.0,1.0,-,-,0,0,0
IT11_515005803,ok,1.0,1.0,1.0,-,-,0,0,0
IT11_515005804,ok,1.0,1.0,1.0,-,-,0,0,0
IT11_515005805,ok,1.0,1.0,1.0,-,-,0,0,0
IT11_515005807,ok,1.0,1.0,1.0,-,-,0,0,0
IT11_515005808,ok,1.0,1.0,1.0,-,-,0,0,0
IT11_515005809,ok,1.0,1.0,1.0,-,-,0,0,0
IT11_515005810,ok,1.0,1.0,1.0,-,-,0,0,0
IT11_515005811,ok,1.0,1.0,1.0,-,-,0,0,0
IT11_515005812,ok,1.0,1.0,1.0,-,-,0,0,0
IT11_515005813,ok,1.0,1.0,1.0,-,-,0,0,0
IT11_515005814,ok,1.0,1.0,1.0,-,-,0,0,0
IT11_515005815,ok,1.0,1.0,1.0,-,-,0,0,0
IT11_515005817,ok,1.0,1.0,1.0,-,-,0,0,0
IT11_515005818,ok,1.0,1.0,1.0,-,-,0,0,0
IT11_515005819,ok,1.0,1.0,1.0,-,-,0,0,0
IT11_515005820,ok,1.0,1.0,1.0,-,-,0,0,0
IT11_515005822,ok,1.0,1.0,1.0,-,-,0,0,0
IT11_515005823,ok,1.0,1.0,1.0,-,-,0,0,0
IT11_515005830,ok,1.0,1.0,1.0,-,-,0,0,0
IT11_515005831,ok,1.0,1.0,1.0,-,-,0,0,0
IT11_515005832,ok,1.0,0.0,0.0,-,R05,0,0,1
IT11_515005835,ok,1.0,1.0,1.0,-,-,0,0,0
IT11_515005836,ok,1.0,1.0,1.0,-,-,0,0,0
IT11_515005838,ok,1.0,1.0,1.0,-,-,0,0,0
IT11_515005839,ok,1.0,1.0,1.0,-,-,0,0,0
IT11_515005840,ok,1.0,1.0,1.0,-,-,0,0,0
IT11_515005841,ok,1.0,1.0,1.0,-,-,0,0,0
IT11_515005845,ok,1.0,1.0,1.0,-,-,0,0,0
IT11_515005847,ok,1.0,1.0,1.0,-,-,0,0,0
IT11_515005848,ok,1.0,1.0,1.0,-,-,0,0,0
IT11_515005850,ok,1.0,1.0,1.0,-,-,0,0,0
IT11_515005851,ok,1.0,1.0,1.0,-,-,0,0,0
IT11_515005852,ok,1.0,1.0,1.0,-,-,0,0,0
IT11_515005853,ok,1.0,1.0,1.0,-,-,0,0,0
IT11_515005854,ok,1.0,1.0,1.0,-,-,0,0,0
IT11_515005855,ok,1.0,1.0,1.0,-,-,0,0,0
IT11_515005862,ok,1.0,1.0,1.0,-,-,0,0,0
IT11_515006893,ok,1.0,1.0,1.0,-,-,0,0,0
IT11_515006919,ok,1.0,1.0,1.0,-,-,3,0,0
IT11_515006927,ok,1.0,1.0,1.0,-,-,0,0,0
IT11_515007202,ok,1.0,1.0,1.0,-,-,0,0,0
IT11_515008219,ok,0.0,1.0,0.0,R05,-,0,1,0
IT11_515008675,ok,1.0,1.0,1.0,-,-,0,0,0
IT11_515008770,ok,1.0,1.0,1.0,-,-,0,0,0
IT11_515011029,ok,1.0,1.0,1.0,-,-,0,0,0
IT11_515011030,ok,1.0,1.0,1.0,-,-,0,0,0
IT11_515011553,ok,1.0,1.0,1.0,-,-,0,0,0
IT11_515011615,ok,1.0,1.0,1.0,-,-,1,0,0
IT11_515013181,ok,0.0,1.0,0.0,R05,-,0,1,0
IT11_515013183,ok,0.0,1.0,0.0,R05,-,0,1,0
IT11_515013184,ok,0.0,1.0,0.0,R05,-,0,1,0
IT11_515013218,ok,1.0,1.0,1.0,-,-,4,0,0
IT11_515013486,ok,0.0,1.0,0.0,R05,-,0,1,0
IT11_515013487,ok,0.0,1.0,0.0,R05,-,0,1,0
IT11_515013488,ok,0.0,1.0,0.0,R05,-,0,1,0
IT11_515013489,ok,0.0,1.0,0.0,R05,-,0,1,0
IT11_515013490,ok,0.0,1.0,0.0,R05,-,0,1,0
IT11_515013491,ok,1.0,1.0,1.0,-,-,0,0,0
IT11_515013492,ok,0.0,1.0,0.0,R05,-,0,1,0
IT11_515014273,ok,1.0,1.0,1.0,-,-,3,0,0
IT11_515014314,ok,1.0,1.0,1.0,-,-,1,0,0
IT11_515014992,ok,1.0,1.0,1.0,-,-,1,0,0
IT11_515015158,ok,1.0,1.0,1.0,-,-,0,0,0
IT11_515015160,ok,1.0,1.0,1.0,-,-,0,0,0
IT11_515015162,ok,1.0,1.0,1.0,-,-,0,0,0
IT11_515015170,ok,0.0,1.0,0.0,"R13,R16",-,0,2,0
IT11_515015171,ok,1.0,1.0,1.0,-,-,0,0,0
IT11_515015598,ok,1.0,1.0,1.0,-,-,0,0,0
IT11_515015632,ok,1.0,1.0,1.0,-,-,0,0,0
IT11_515015655,ok,1.0,1.0,1.0,-,-,0,0,0
IT11_515015889,ok,1.0,1.0,1.0,-,-,0,0,0
IT11_515015891,ok,1.0,0.0,0.0,-,"R13,R14,R16",0,0,3
IT11_515015925,ok,1.0,1.0,1.0,-,-,3,0,0
IT11_515015936,ok,1.0,1.0,1.0,-,-,0,0,0
IT11_515015956,ok,0.0,0.0,0.0,R05,"R06,R07,R09",0,1,3
IT11_515017075,ok,1.0,1.0,1.0,-,-,0,0,0
IT11_515017366,ok,1.0,1.0,1.0,-,-,1,0,0
IT11_515017603,ok,1.0,1.0,1.0,-,-,0,0,0
IT11_515017731,ok,1.0,1.0,1.0,-,-,1,0,0
IT11_515017804,ok,1.0,1.0,1.0,-,-,0,0,0
IT11_515017912,ok,1.0,1.0,1.0,-,-,1,0,0
IT11_515018187,ok,1.0,1.0,1.0,-,-,1,0,0
IT11_515018190,ok,1.0,1.0,1.0,-,-,1,0,0
IT11_515018603,ok,1.0,1.0,1.0,-,-,3,0,0
IT11_515018815,ok,1.0,1.0,1.0,-,-,2,0,0
IT11_515018825,ok,1.0,1.0,1.0,-,-,1,0,0
IT11_515018933,ok,1.0,1.0,1.0,-,-,0,0,0
IT11_515018946,ok,1.0,1.0,1.0,-,-,0,0,0
IT11_515019091,ok,1.0,1.0,1.0,-,-,0,0,0
IT11_515019092,ok,1.0,1.0,1.0,-,-,0,0,0
IT11_515019106,ok,1.0,1.0,1.0,-,-,0,0,0
IT11_515019107,ok,1.0,1.0,1.0,-,-,0,0,0
IT11_515019109,ok,1.0,1.0,1.0,-,-,0,0,0
IT11_515019110,ok,1.0,1.0,1.0,-,-,0,0,0
IT11_515019116,ok,1.0,1.0,1.0,-,-,0,0,0
IT11_515019118,ok,1.0,1.0,1.0,-,-,0,0,0
IT11_515019129,ok,1.0,1.0,1.0,-,-,0,0,0
IT11_515019130,ok,1.0,1.0,1.0,-,-,0,0,0
IT11_515020825,ok,1.0,1.0,1.0,-,-,0,0,0
IT11_515020827,ok,1.0,1.0,1.0,-,-,0,0,0
IT11_515020828,ok,1.0,1.0,1.0,-,-,0,0,0
IT11_515020830,ok,1.0,1.0,1.0,-,-,0,0,0
IT11_515020832,ok,1.0,1.0,1.0,-,-,0,0,0
IT11_515020833,ok,1.0,1.0,1.0,-,-,0,0,0
IT11_515020834,ok,1.0,1.0,1.0,-,-,0,0,0
IT11_515020835,ok,1.0,1.0,1.0,-,-,0,0,0
IT11_515020836,ok,1.0,1.0,1.0,-,-,0,0,0
IT11_515020837,ok,1.0,1.0,1.0,-,-,0,0,0
IT11_515020838,ok,1.0,1.0,1.0,-,-,0,0,0
IT11_515020839,ok,1.0,1.0,1.0,-,-,0,0,0
IT11_515020840,ok,1.0,1.0,1.0,-,-,0,0,0
IT11_515020841,ok,1.0,1.0,1.0,-,-,0,0,0
IT11_515020842,ok,1.0,1.0,1.0,-,-,0,0,0
IT11_515020844,ok,1.0,1.0,1.0,-,-,0,0,0
IT11_515020845,ok,1.0,1.0,1.0,-,-,0,0,0
IT11_515020846,ok,1.0,1.0,1.0,-,-,0,0,0
IT11_515020847,ok,1.0,1.0,1.0,-,-,0,0,0
IT11_515020849,ok,1.0,1.0,1.0,-,-,0,0,0
IT11_515020852,ok,1.0,1.0,1.0,-,-,0,0,0
IT11_515020856,ok,1.0,1.0,1.0,-,-,0,0,0
IT11_515020859,ok,1.0,1.0,1.0,-,-,0,0,0
IT11_515020862,ok,1.0,1.0,1.0,-,-,0,0,0
IT11_515020863,ok,1.0,1.0,1.0,-,-,0,0,0
IT11_515020865,ok,1.0,1.0,1.0,-,-,0,0,0
IT11_515020867,ok,1.0,1.0,1.0,-,-,0,0,0
IT11_515020868,ok,1.0,1.0,1.0,-,-,0,0,0
IT11_515020869,ok,1.0,1.0,1.0,-,-,0,0,0
IT11_515020870,ok,1.0,1.0,1.0,-,-,0,0,0
IT11_515020872,ok,1.0,1.0,1.0,-,-,0,0,0
IT11_515020873,ok,1.0,1.0,1.0,-,-,0,0,0
IT11_515020874,ok,1.0,1.0,1.0,-,-,0,0,0
IT11_515020875,ok,1.0,1.0,1.0,-,-,0,0,0
IT11_515020876,ok,1.0,1.0,1.0,-,-,0,0,0
IT11_515020877,ok,1.0,1.0,1.0,-,-,0,0,0
IT11_515020878,ok,1.0,1.0,1.0,-,-,0,0,0
IT11_515020879,ok,1.0,1.0,1.0,-,-,0,0,0
IT11_515020881,ok,1.0,1.0,1.0,-,-,0,0,0
IT11_515020882,ok,1.0,1.0,1.0,-,-,0,0,0
IT11_515020883,ok,1.0,1.0,1.0,-,-,0,0,0
IT11_515020884,ok,1.0,1.0,1.0,-,-,0,0,0
IT11_515020885,ok,1.0,1.0,1.0,-,-,1,0,0
IT11_515020886,ok,1.0,1.0,1.0,-,-,0,0,0
IT11_515020887,ok,1.0,1.0,1.0,-,-,0,0,0
IT11_515020888,ok,1.0,1.0,1.0,-,-,0,0,0
IT11_515020933,ok,1.0,1.0,1.0,-,-,0,0,0
IT11_515020934,ok,1.0,1.0,1.0,-,-,0,0,0
IT11_515020935,ok,1.0,1.0,1.0,-,-,0,0,0
IT11_515020953,ok,1.0,1.0,1.0,-,-,1,0,0
IT11_515020961,ok,1.0,1.0,1.0,-,-,1,0,0
IT11_515021023,ok,1.0,1.0,1.0,-,-,0,0,0
IT11_515021036,ok,1.0,1.0,1.0,-,-,0,0,0
IT11_515021037,ok,1.0,1.0,1.0,-,-,0,0,0
IT11_515021038,ok,1.0,1.0,1.0,-,-,0,0,0
IT11_515021039,ok,1.0,1.0,1.0,-,-,0,0,0
IT11_515021040,ok,1.0,1.0,1.0,-,-,0,0,0
IT11_515021041,ok,1.0,1.0,1.0,-,-,0,0,0
IT11_515021042,ok,1.0,1.0,1.0,-,-,0,0,0
IT11_515021045,ok,1.0,1.0,1.0,-,-,0,0,0
IT11_515021048,ok,1.0,1.0,1.0,-,-,0,0,0
IT11_515021049,ok,1.0,1.0,1.0,-,-,0,0,0
IT11_515021050,ok,1.0,1.0,1.0,-,-,0,0,0
IT11_515021073,ok,1.0,1.0,1.0,-,-,0,0,0
IT11_515021076,ok,1.0,1.0,1.0,-,-,0,0,0
IT11_515021077,ok,1.0,1.0,1.0,-,-,0,0,0
IT11_515021078,ok,1.0,1.0,1.0,-,-,0,0,0
IT11_515021079,ok,1.0,1.0,1.0,-,-,3,0,0
IT11_515021086,ok,1.0,1.0,1.0,-,-,0,0,0
IT11_515021095,ok,1.0,1.0,1.0,-,-,0,0,0
IT11_515021097,ok,1.0,1.0,1.0,-,-,0,0,0
IT11_515021109,ok,1.0,1.0,1.0,-,-,0,0,0
IT11_515021114,ok,1.0,1.0,1.0,-,-,0,0,0
IT11_515021116,ok,1.0,1.0,1.0,-,-,0,0,0
IT11_515021120,ok,1.0,1.0,1.0,-,-,0,0,0
IT11_515021219,ok,1.0,1.0,1.0,-,-,0,0,0
IT11_515021240,ok,1.0,1.0,1.0,-,-,0,0,0
IT11_515021289,ok,1.0,1.0,1.0,-,-,0,0,0
IT11_525002784,ok,1.0,1.0,1.0,-,-,1,0,0
IT11_865000061,ok,1.0,1.0,1.0,-,-,3,0,0
IT11_865001111,ok,1.0,1.0,1.0,-,-,1,0,0
IT11_865001114,ok,1.0,1.0,1.0,-,-,2,0,0
IT11_865001115,ok,1.0,1.0,1.0,-,-,1,0,0
IT11_865003503,ok,1.0,1.0,1.0,-,-,1,0,0
IT11_885000114,ok,1.0,1.0,1.0,-,-,3,0,0
IT15_100000253,ok,1.0,1.0,1.0,-,-,4,0,0
IT15_100000258,ok,1.0,1.0,1.0,-,-,4,0,0
IT15_100001233,ok,1.0,1.0,1.0,-,-,3,0,0
IT15_100004943,ok,1.0,0.25,0.4,-,"R13,R14,R16",1,0,3
IT15_100007111,ok,1.0,0.0,0.0,-,"R13,R14,R16",0,0,3
IT15_100009438,ok,1.0,1.0,1.0,-,-,3,0,0
IT15_510000532,ok,1.0,1.0,1.0,-,-,0,0,0
IT15_510000533,ok,1.0,1.0,1.0,-,-,0,0,0
IT15_510000534,ok,1.0,1.0,1.0,-,-,0,0,0
IT15_510000937,ok,1.0,1.0,1.0,-,-,1,0,0
IT15_510001449,ok,1.0,1.0,1.0,-,-,4,0,0
IT15_510002601,ok,0.0,0.0,0.0,"R05,R07",R01,0,2,1
IT15_510003084,ok,1.0,1.0,1.0,-,-,0,0,0
IT15_510004083,ok,1.0,0.0,0.0,-,"R05,R06,R07",0,0,3
IT15_510004146,ok,1.0,0.0,0.0,-,"R06,R07",0,0,2
IT15_510005198,ok,1.0,0.0,0.0,-,"R05,R06,R09",0,0,3
IT15_510009925,ok,1.0,1.0,1.0,-,-,0,0,0
IT15_510010048,ok,1.0,1.0,1.0,-,-,0,0,0
IT15_510010093,ok,1.0,1.0,1.0,-,-,0,0,0
IT15_510010321,ok,1.0,1.0,1.0,-,-,0,0,0
IT15_510010988,ok,1.0,1.0,1.0,-,-,1,0,0
IT15_510010990,ok,1.0,1.0,1.0,-,-,1,0,0
IT15_510011230,ok,1.0,1.0,1.0,-,-,3,0,0
IT15_510011677,ok,1.0,1.0,1.0,-,-,0,0,0
IT15_510011688,ok,1.0,1.0,1.0,-,-,0,0,0
IT15_510011691,ok,1.0,1.0,1.0,-,-,0,0,0
IT15_510011692,ok,1.0,1.0,1.0,-,-,0,0,0
IT15_510011697,ok,1.0,1.0,1.0,-,-,0,0,0
IT15_510011698,ok,1.0,1.0,1.0,-,-,0,0,0
IT15_510011699,ok,1.0,1.0,1.0,-,-,0,0,0
IT15_510011700,ok,1.0,1.0,1.0,-,-,0,0,0
IT15_510011704,ok,1.0,1.0,1.0,-,-,0,0,0
IT15_510011705,ok,1.0,0.0,0.0,-,"R05,R06,R07",0,0,3
IT15_510011706,ok,1.0,1.0,1.0,-,-,0,0,0
IT15_510011709,ok,1.0,1.0,1.0,-,-,0,0,0
IT15_510011710,ok,1.0,1.0,1.0,-,-,0,0,0
IT15_510011722,ok,1.0,1.0,1.0,-,-,0,0,0
IT15_510011723,ok,1.0,1.0,1.0,-,-,0,0,0
IT15_510011724,ok,1.0,1.0,1.0,-,-,0,0,0
IT15_510011727,ok,1.0,1.0,1.0,-,-,0,0,0
IT15_510011729,ok,1.0,1.0,1.0,-,-,0,0,0
IT15_510011731,ok,1.0,1.0,1.0,-,-,0,0,0
IT15_510011733,ok,1.0,1.0,1.0,-,-,0,0,0
IT15_510011734,ok,1.0,1.0,1.0,-,-,0,0,0
IT15_510011735,ok,1.0,1.0,1.0,-,-,0,0,0
IT15_510011788,ok,1.0,1.0,1.0,-,-,0,0,0
IT15_510011790,ok,1.0,1.0,1.0,-,-,0,0,0
IT15_510011791,ok,1.0,1.0,1.0,-,-,0,0,0
IT15_510011794,ok,1.0,1.0,1.0,-,-,0,0,0
IT15_510012092,ok,1.0,1.0,1.0,-,-,0,0,0
IT15_510012098,ok,1.0,1.0,1.0,-,-,0,0,0
IT15_520003994,ok,1.0,1.0,1.0,-,-,2,0,0
IT15_855000020,ok,0.0,0.0,0.0,R05,"R03,R04,R27",0,1,3
IT15_855000025,ok,1.0,1.0,1.0,-,-,1,0,0
IT15_855000121,ok,1.0,1.0,1.0,-,-,1,0,0
IT15_860000723,ok,1.0,1.0,1.0,-,-,1,0,0
IT15_860000724,ok,1.0,1.0,1.0,-,-,1,0,0
IT15_860000725,ok,1.0,1.0,1.0,-,-,1,0,0
IT15_860000739,ok,0.0,1.0,0.0,"R04,R13,R14,R15,R16",-,0,5,0
IT15_880000304,ok,1.0,1.0,1.0,-,-,3,0,0
IT15_880000363,ok,1.0,1.0,1.0,-,-,2,0,0
IT15_880000448,ok,1.0,0.67,0.8,-,R15,2,0,1
IT15_890000240,ok,1.0,1.0,1.0,-,-,2,0,0
IT38_100000297,ok,1.0,1.0,1.0,-,-,4,0,0
IT38_100000522,ok,1.0,1.0,1.0,-,-,3,0,0
IT38_100005062,ok,1.0,1.0,1.0,-,-,3,0,0
IT38_100023071,ok,1.0,0.25,0.4,-,"R13,R14,R16",1,0,3
IT38_100029452,ok,1.0,0.0,0.0,-,"R13,R14,R16",0,0,3
IT38_100037215,ok,1.0,1.0,1.0,-,-,3,0,0
IT38_515000161,ok,1.0,1.0,1.0,-,-,3,0,0
IT38_515000168,ok,1.0,1.0,1.0,-,-,0,0,0
IT38_515000171,ok,1.0,1.0,1.0,-,-,0,0,0
IT38_515000172,ok,1.0,1.0,1.0,-,-,0,0,0
IT38_515000174,ok,1.0,1.0,1.0,-,-,0,0,0
IT38_515000175,ok,1.0,0.0,0.0,-,"R13,R14,R16",0,0,3
IT38_515000176,ok,1.0,1.0,1.0,-,-,0,0,0
IT38_515000177,ok,1.0,1.0,1.0,-,-,0,0,0
IT38_515000178,ok,1.0,1.0,1.0,-,-,0,0,0
IT38_515000179,ok,1.0,1.0,1.0,-,-,0,0,0
IT38_515000180,ok,1.0,1.0,1.0,-,-,0,0,0
IT38_515000181,ok,1.0,1.0,1.0,-,-,0,0,0
IT38_515000182,ok,1.0,1.0,1.0,-,-,0,0,0
IT38_515000184,ok,1.0,1.0,1.0,-,-,0,0,0
IT38_515000186,ok,1.0,1.0,1.0,-,-,0,0,0
IT38_515000189,ok,1.0,1.0,1.0,-,-,0,0,0
IT38_515000190,ok,1.0,1.0,1.0,-,-,0,0,0
IT38_515000192,ok,1.0,1.0,1.0,-,-,0,0,0
IT38_515000193,ok,1.0,1.0,1.0,-,-,0,0,0
IT38_515000198,ok,1.0,1.0,1.0,-,-,0,0,0
IT38_515000199,ok,1.0,1.0,1.0,-,-,0,0,0
IT38_515000200,ok,0.0,1.0,0.0,R05,-,0,1,0
IT38_515000201,ok,1.0,1.0,1.0,-,-,0,0,0
IT38_515000317,ok,1.0,1.0,1.0,-,-,1,0,0
IT38_515000434,ok,1.0,0.67,0.8,-,R05,2,0,1
IT38_515000459,ok,1.0,1.0,1.0,-,-,1,0,0
IT38_515000541,ok,1.0,1.0,1.0,-,-,1,0,0
IT38_515000610,ok,1.0,1.0,1.0,-,-,0,0,0
IT38_515000670,ok,1.0,0.0,0.0,-,"R05,R06,R07",0,0,3
IT38_515000677,ok,1.0,1.0,1.0,-,-,3,0,0
IT38_515000697,ok,1.0,0.0,0.0,-,R05,0,0,1
IT38_515000701,ok,1.0,0.0,0.0,-,R05,0,0,1
IT38_515000764,ok,1.0,1.0,1.0,-,-,3,0,0
IT38_515000911,ok,1.0,1.0,1.0,-,-,1,0,0
IT38_515001050,ok,1.0,0.0,0.0,-,R05,0,0,1
IT38_515001299,ok,1.0,1.0,1.0,-,-,3,0,0
IT38_515002266,ok,1.0,1.0,1.0,-,-,1,0,0
IT38_515002565,ok,1.0,0.0,0.0,-,"R05,R06,R07,R09",0,0,4
IT38_515002744,ok,1.0,0.25,0.4,-,"R13,R14,R16",1,0,3
IT38_515002757,ok,1.0,0.33,0.5,-,"R06,R07",1,0,2
IT38_515002935,ok,1.0,1.0,1.0,-,-,0,0,0
IT38_515003330,ok,1.0,1.0,1.0,-,-,3,0,0
IT38_515003420,ok,1.0,1.0,1.0,-,-,0,0,0
IT38_515003515,ok,1.0,1.0,1.0,-,-,0,0,0
IT38_515003516,ok,1.0,1.0,1.0,-,-,0,0,0
IT38_515003588,ok,0.0,1.0,0.0,R05,-,0,1,0
IT38_515003689,ok,1.0,1.0,1.0,-,-,0,0,0
IT38_515003695,ok,1.0,1.0,1.0,-,-,0,0,0
IT38_515003696,ok,0.0,1.0,0.0,R07,-,0,1,0
IT38_515003769,ok,1.0,0.0,0.0,-,R07,0,0,1
IT38_515003789,ok,1.0,1.0,1.0,-,-,3,0,0
IT38_515003808,ok,1.0,1.0,1.0,-,-,0,0,0
IT38_515003809,ok,1.0,1.0,1.0,-,-,0,0,0
IT38_515003834,ok,1.0,1.0,1.0,-,-,0,0,0
IT38_515003837,ok,1.0,1.0,1.0,-,-,0,0,0
IT38_515003846,ok,1.0,1.0,1.0,-,-,0,0,0
IT38_515003857,ok,1.0,1.0,1.0,-,-,0,0,0
IT38_515003982,ok,1.0,1.0,1.0,-,-,0,0,0
IT38_515004351,ok,1.0,0.0,0.0,-,"R05,R06,R07",0,0,3
IT38_515004364,ok,1.0,0.0,0.0,-,"R05,R06,R07",0,0,3
IT38_515004433,ok,1.0,1.0,1.0,-,-,3,0,0
IT38_865000007,ok,1.0,1.0,1.0,-,-,1,0,0
IT38_865000008,ok,1.0,1.0,1.0,-,-,1,0,0
IT38_865000036,ok,1.0,1.0,1.0,-,-,2,0,0
IT38_885000077,ok,1.0,1.0,1.0,-,-,3,0,0
IT39_100000000,ok,1.0,1.0,1.0,-,-,3,0,0
IT39_100000104,ok,1.0,1.0,1.0,-,-,3,0,0
IT44_100000005,ok,1.0,1.0,1.0,-,-,3,0,0
IT44_100000778,ok,1.0,0.33,0.5,-,"R13,R16",1,0,2
IT44_515000007,ok,1.0,0.0,0.0,-,"R05,R15",0,0,2
IT44_515000008,ok,0.0,0.0,0.0,R15,R05,0,1,1
IT44_515000009,ok,1.0,0.0,0.0,-,"R05,R15",0,0,2
IT44_515000010,ok,1.0,0.0,0.0,-,"R05,R15",0,0,2
IT44_515000011,ok,1.0,0.0,0.0,-,"R05,R15",0,0,2
IT44_515000012,ok,0.0,0.0,0.0,R15,R05,0,1,1
IT44_515000013,ok,1.0,0.0,0.0,-,"R05,R15",0,0,2
IT44_515000014,ok,1.0,0.0,0.0,-,"R05,R15",0,0,2
IT44_515000015,ok,0.0,0.0,0.0,R15,R05,0,1,1
IT44_515000016,ok,1.0,0.0,0.0,-,"R05,R15",0,0,2
IT44_515000017,ok,1.0,0.5,0.67,-,R05,1,0,1
IT44_515000021,ok,1.0,0.33,0.5,-,"R01,R05",1,0,2
IT44_515000022,ok,1.0,0.0,0.0,-,"R01,R15",0,0,2
IT44_515000023,ok,1.0,0.5,0.67,-,R01,1,0,1
IT44_515000024,ok,1.0,0.0,0.0,-,"R01,R05,R15",0,0,3
IT44_515000037,ok,1.0,0.5,0.67,-,R05,1,0,1
IT44_515000234,ok,0.0,1.0,0.0,R05,-,0,1,0
IT44_515000235,ok,1.0,1.0,1.0,-,-,0,0,0
IT44_515000616,ok,1.0,1.0,1.0,-,-,2,0,0
IT44_515000622,ok,1.0,1.0,1.0,-,-,1,0,0
IT44_515000624,ok,1.0,0.0,0.0,-,R15,0,0,1
IT44_515000625,ok,1.0,0.0,0.0,-,R15,0,0,1
IT44_515000626,ok,1.0,0.0,0.0,-,R15,0,0,1
IT44_515000627,ok,1.0,0.0,0.0,-,R15,0,0,1
IT44_515000628,ok,1.0,1.0,1.0,-,-,1,0,0
IT44_515000631,ok,1.0,1.0,1.0,-,-,1,0,0
IT44_515000633,ok,1.0,0.0,0.0,-,R15,0,0,1
IT44_515000634,ok,1.0,0.0,0.0,-,R15,0,0,1
IT44_515000635,ok,1.0,1.0,1.0,-,-,1,0,0
IT44_515000636,ok,1.0,1.0,1.0,-,-,1,0,0
IT44_515000639,ok,1.0,0.0,0.0,-,R15,0,0,1
IT44_515000641,ok,1.0,0.0,0.0,-,R15,0,0,1
IT44_515000642,ok,1.0,1.0,1.0,-,-,1,0,0
IT44_515000643,ok,1.0,1.0,1.0,-,-,0,0,0
IT44_515000644,ok,1.0,1.0,1.0,-,-,0,0,0
IT44_515000645,ok,1.0,1.0,1.0,-,-,1,0,0
IT44_515000646,ok,1.0,0.0,0.0,-,R15,0,0,1
IT44_515000756,ok,1.0,1.0,1.0,-,-,1,0,0
IT44_515000768,ok,1.0,1.0,1.0,-,-,1,0,0
JM11_5100000085,ok,1.0,1.0,1.0,-,-,0,0,0
JM11_5100002452,ok,1.0,1.0,1.0,-,-,0,0,0
JM11_5100003774,ok,1.0,1.0,1.0,-,-,0,0,0
JO11_510000464,ok,1.0,1.0,1.0,-,-,0,0,0
JP21_510000016,ok,1.0,1.0,1.0,-,-,1,0,0
JP21_510002120,ok,1.0,1.0,1.0,-,-,1,0,0
JP21_510002418,ok,1.0,1.0,1.0,-,-,1,0,0
JP21_510005054,ok,1.0,1.0,1.0,-,-,0,0,0
JP21_510007981,ok,1.0,1.0,1.0,-,-,3,0,0
JP21_510008473,ok,1.0,1.0,1.0,-,-,3,0,0
JP21_510010516,ok,1.0,1.0,1.0,-,-,3,0,0
JP21_510011182,ok,1.0,1.0,1.0,-,-,0,0,0
JP21_510011184,ok,1.0,1.0,1.0,-,-,0,0,0
JP21_510011198,ok,1.0,1.0,1.0,-,-,0,0,0
JP21_510011401,ok,1.0,1.0,1.0,-,-,0,0,0
JP21_510011404,ok,1.0,1.0,1.0,-,-,0,0,0
JP21_510011421,ok,1.0,1.0,1.0,-,-,0,0,0
JP21_510014347,ok,1.0,1.0,1.0,-,-,0,0,0
JP21_510014423,ok,1.0,1.0,1.0,-,-,1,0,0
JP21_510014826,ok,1.0,1.0,1.0,-,-,1,0,0
JP21_510015267,ok,1.0,1.0,1.0,-,-,0,0,0
JP21_510015585,ok,1.0,1.0,1.0,-,-,0,0,0
JP21_510017015,ok,1.0,1.0,1.0,-,-,1,0,0
JP21_510018202,ok,1.0,1.0,1.0,-,-,3,0,0
JP21_510018355,ok,1.0,1.0,1.0,-,-,0,0,0
JP21_510021292,ok,1.0,1.0,1.0,-,-,0,0,0
KE12_510000645,ok,1.0,1.0,1.0,-,-,4,0,0
KE12_510000647,ok,1.0,1.0,1.0,-,-,4,0,0
KE12_510000657,ok,1.0,1.0,1.0,-,-,3,0,0
KR10_510000053,ok,1.0,1.0,1.0,-,-,1,0,0
KR10_510000060,ok,1.0,1.0,1.0,-,-,3,0,0
KR10_510000061,ok,1.0,1.0,1.0,-,-,3,0,0
KR10_510000062,ok,1.0,1.0,1.0,-,-,3,0,0
KR10_510000063,ok,1.0,1.0,1.0,-,-,3,0,0
KR10_510000064,ok,1.0,1.0,1.0,-,-,3,0,0
KR10_510000065,ok,0.0,1.0,0.0,"R05,R06,R12",-,0,3,0
KR10_510000099,ok,1.0,0.67,0.8,-,R05,2,0,1
KR10_510000156,ok,1.0,0.67,0.8,-,R05,2,0,1
KR10_510000157,ok,1.0,0.67,0.8,-,R05,2,0,1
KR10_510000158,ok,1.0,0.75,0.86,-,R05,3,0,1
KR10_510000159,ok,1.0,0.67,0.8,-,R05,2,0,1
KR10_510000160,ok,1.0,0.67,0.8,-,R05,2,0,1
KR10_510000162,ok,1.0,0.75,0.86,-,R05,3,0,1
KR10_510000163,ok,1.0,0.75,0.86,-,R05,3,0,1
KR10_510000164,ok,1.0,0.67,0.8,-,R05,2,0,1
KR10_510000165,ok,1.0,0.67,0.8,-,R05,2,0,1
KR10_510000166,ok,1.0,0.67,0.8,-,R05,2,0,1
KR10_510000167,ok,1.0,0.67,0.8,-,R05,2,0,1
KR10_510000168,ok,1.0,0.67,0.8,-,R05,2,0,1
KR10_510000169,ok,1.0,0.67,0.8,-,R05,2,0,1
KR10_510000222,ok,1.0,1.0,1.0,-,-,0,0,0
KR10_510000244,ok,1.0,0.67,0.8,-,R05,2,0,1
KR10_510000245,ok,1.0,0.67,0.8,-,R05,2,0,1
KR10_510000330,ok,1.0,1.0,1.0,-,-,2,0,0
KR10_510000332,ok,1.0,1.0,1.0,-,-,2,0,0
KR10_510000339,ok,1.0,1.0,1.0,-,-,0,0,0
KR10_510000450,ok,1.0,1.0,1.0,-,-,2,0,0
KR10_510000452,ok,1.0,1.0,1.0,-,-,2,0,0
KR10_510000503,ok,1.0,1.0,1.0,-,-,2,0,0
KR10_510000519,ok,1.0,1.0,1.0,-,-,2,0,0
KR10_510000531,ok,1.0,1.0,1.0,-,-,2,0,0
KR10_510000566,ok,1.0,1.0,1.0,-,-,2,0,0
KR10_510000567,ok,1.0,1.0,1.0,-,-,2,0,0
KR10_510000584,ok,1.0,1.0,1.0,-,-,2,0,0
KR10_510000637,ok,1.0,1.0,1.0,-,-,2,0,0
KR10_510000665,ok,1.0,1.0,1.0,-,-,3,0,0
KR10_510000666,ok,1.0,1.0,1.0,-,-,3,0,0
KR10_510000667,ok,1.0,1.0,1.0,-,-,3,0,0
KR10_510000672,ok,1.0,1.0,1.0,-,-,2,0,0
KR10_510000727,ok,1.0,1.0,1.0,-,-,2,0,0
KR10_510000769,ok,1.0,1.0,1.0,-,-,2,0,0
KR10_510000771,ok,1.0,1.0,1.0,-,-,1,0,0
KR10_510000772,ok,1.0,1.0,1.0,-,-,2,0,0
KR10_510000779,ok,1.0,1.0,1.0,-,-,1,0,0
KR10_510000783,ok,1.0,1.0,1.0,-,-,1,0,0
KW10_510000254,ok,0.0,0.0,0.0,"R01,R05","R06,R07,R12",0,2,3
KW10_510000255,ok,1.0,1.0,1.0,-,-,2,0,0
KW10_510000296,ok,1.0,1.0,1.0,-,-,0,0,0
KW10_510000398,ok,1.0,1.0,1.0,-,-,4,0,0
KW10_510000400,ok,1.0,1.0,1.0,-,-,4,0,0
KW10_510002329,ok,1.0,1.0,1.0,-,-,3,0,0
LB12_510002026,ok,1.0,1.0,1.0,-,-,2,0,0
LB12_510002037,ok,1.0,1.0,1.0,-,-,1,0,0
LB12_610002487,ok,1.0,1.0,1.0,-,-,1,0,0
LB12_610002489,ok,1.0,1.0,1.0,-,-,1,0,0
LK12_510001563,ok,1.0,1.0,1.0,-,-,0,0,0
LK12_510001635,ok,1.0,1.0,1.0,-,-,0,0,0
LK12_510001702,ok,1.0,1.0,1.0,-,-,1,0,0
LK12_510001969,ok,1.0,1.0,1.0,-,-,0,0,0
LK12_510002288,ok,1.0,1.0,1.0,-,-,0,0,0
LK12_510002290,ok,1.0,1.0,1.0,-,-,0,0,0
LK12_510002291,ok,1.0,1.0,1.0,-,-,0,0,0
LK12_510002723,ok,1.0,1.0,1.0,-,-,0,0,0
LK12_510005318,ok,1.0,1.0,1.0,-,-,2,0,0
LK12_510005879,ok,1.0,1.0,1.0,-,-,0,0,0
LK12_510008311,ok,1.0,1.0,1.0,-,-,1,0,0
LK12_510010291,ok,1.0,0.0,0.0,-,"R05,R08,R15",0,0,3
LK12_510010745,ok,1.0,1.0,1.0,-,-,2,0,0
LK12_510010797,ok,1.0,1.0,1.0,-,-,1,0,0
LK12_510010911,ok,1.0,1.0,1.0,-,-,0,0,0
LK12_510011068,ok,1.0,1.0,1.0,-,-,0,0,0
LK12_510012832,ok,1.0,1.0,1.0,-,-,1,0,0
LK12_510012834,ok,1.0,1.0,1.0,-,-,1,0,0
LK12_510012951,ok,1.0,1.0,1.0,-,-,0,0,0
LK12_510012956,ok,1.0,1.0,1.0,-,-,0,0,0
LK12_510015757,ok,1.0,1.0,1.0,-,-,2,0,0
LK12_510015761,ok,1.0,1.0,1.0,-,-,2,0,0
LK12_510015764,ok,1.0,1.0,1.0,-,-,2,0,0
LK12_510015766,ok,1.0,1.0,1.0,-,-,2,0,0
LK12_510015768,ok,1.0,1.0,1.0,-,-,2,0,0
LK12_510015769,ok,1.0,1.0,1.0,-,-,2,0,0
LK12_510015770,ok,1.0,1.0,1.0,-,-,2,0,0
LK12_510016221,ok,1.0,1.0,1.0,-,-,0,0,0
LK12_510016225,ok,1.0,1.0,1.0,-,-,0,0,0
LK12_510016416,ok,1.0,1.0,1.0,-,-,3,0,0
LK12_510016420,ok,1.0,1.0,1.0,-,-,3,0,0
LK12_510016466,ok,1.0,1.0,1.0,-,-,4,0,0
LK12_510016506,ok,1.0,1.0,1.0,-,-,0,0,0
LK12_510016724,ok,1.0,1.0,1.0,-,-,1,0,0
LK12_510016725,ok,1.0,1.0,1.0,-,-,1,0,0
LK12_510018588,ok,1.0,1.0,1.0,-,-,0,0,0
LK12_510020826,ok,1.0,1.0,1.0,-,-,2,0,0
LK12_510023459,ok,1.0,1.0,1.0,-,-,1,0,0
LK12_510023927,ok,1.0,1.0,1.0,-,-,1,0,0
LK12_510023929,ok,1.0,1.0,1.0,-,-,1,0,0
LK12_510023930,ok,1.0,1.0,1.0,-,-,1,0,0
LK12_510024078,ok,1.0,1.0,1.0,-,-,1,0,0
LK12_510025893,ok,1.0,1.0,1.0,-,-,0,0,0
LK12_510026964,ok,1.0,1.0,1.0,-,-,0,0,0
LK12_510029263,ok,1.0,1.0,1.0,-,-,0,0,0
LK12_510029287,ok,1.0,1.0,1.0,-,-,0,0,0
LK12_510029331,ok,1.0,1.0,1.0,-,-,0,0,0
LK12_510029476,ok,1.0,1.0,1.0,-,-,0,0,0
LK12_510029477,ok,0.0,1.0,0.0,"R13,R16",-,0,2,0
LK12_510032039,ok,1.0,1.0,1.0,-,-,0,0,0
LK12_510032075,ok,1.0,1.0,1.0,-,-,1,0,0
LK12_510032287,ok,1.0,1.0,1.0,-,-,0,0,0
LK12_510032290,ok,1.0,1.0,1.0,-,-,0,0,0
LK12_510032312,ok,1.0,1.0,1.0,-,-,0,0,0
LK12_510032313,ok,1.0,1.0,1.0,-,-,0,0,0
LK12_510032670,ok,1.0,1.0,1.0,-,-,1,0,0
LK12_510032818,ok,1.0,0.0,0.0,-,R12,0,0,1
LK12_510034678,ok,0.33,1.0,0.5,"R13,R16",-,1,2,0
LK12_510035034,ok,1.0,1.0,1.0,-,-,1,0,0
LK12_510035417,ok,1.0,1.0,1.0,-,-,0,0,0
LK12_510035541,ok,1.0,1.0,1.0,-,-,0,0,0
LK12_510035943,ok,1.0,1.0,1.0,-,-,0,0,0
LK12_510035944,ok,1.0,1.0,1.0,-,-,1,0,0
LK12_510035945,ok,1.0,1.0,1.0,-,-,0,0,0
LK12_510037252,ok,1.0,1.0,1.0,-,-,1,0,0
LK12_510037366,ok,1.0,1.0,1.0,-,-,1,0,0
LK12_510037753,ok,1.0,1.0,1.0,-,-,0,0,0
LK12_510037784,ok,1.0,1.0,1.0,-,-,0,0,0
LK12_510037789,ok,1.0,1.0,1.0,-,-,0,0,0
LK12_510040066,ok,1.0,1.0,1.0,-,-,1,0,0
LK12_510040383,ok,1.0,1.0,1.0,-,-,0,0,0
LK12_510040505,ok,1.0,1.0,1.0,-,-,0,0,0
LK12_510040678,ok,1.0,1.0,1.0,-,-,1,0,0
LT12_100001911,ok,1.0,1.0,1.0,-,-,3,0,0
LT12_100003913,ok,1.0,1.0,1.0,-,-,1,0,0
LT12_510000352,ok,1.0,1.0,1.0,-,-,1,0,0
LT12_510002139,ok,1.0,1.0,1.0,-,-,1,0,0
LT12_530000251,ok,1.0,1.0,1.0,-,-,1,0,0
LU15_510000000,ok,1.0,1.0,1.0,-,-,1,0,0
LU15_510000006,ok,1.0,1.0,1.0,-,-,4,0,0
LU15_510000009,ok,0.0,1.0,0.0,R05,-,0,1,0
LU15_510000011,ok,1.0,0.33,0.5,-,"R03,R27",1,0,2
LU15_510000019,ok,1.0,1.0,1.0,-,-,3,0,0
LU15_510000033,ok,1.0,1.0,1.0,-,-,0,0,0
LU15_510000039,ok,1.0,0.5,0.67,-,R15,1,0,1
LU15_510000047,ok,1.0,0.33,0.5,-,"R03,R27",1,0,2
LU16_510000001,ok,1.0,1.0,1.0,-,-,4,0,0
LU16_510000012,ok,1.0,1.0,1.0,-,-,3,0,0
LU25_510000005,ok,1.0,0.0,0.0,-,R05,0,0,1
LU25_510000025,ok,1.0,1.0,1.0,-,-,4,0,0
LU25_510000027,ok,1.0,1.0,1.0,-,-,3,0,0
LU25_510000028,ok,0.75,1.0,0.86,R04,-,3,1,0
LU25_510000030,ok,0.75,1.0,0.86,R04,-,3,1,0
LU25_510000065,ok,1.0,1.0,1.0,-,-,1,0,0
LU25_510000067,ok,1.0,1.0,1.0,-,-,1,0,0
LU25_510000069,ok,1.0,1.0,1.0,-,-,4,0,0
LU25_510000070,ok,1.0,0.25,0.4,-,"R13,R15,R16",1,0,3
LU27_510000010,ok,1.0,1.0,1.0,-,-,3,0,0
MA10_510000200,ok,1.0,1.0,1.0,-,-,1,0,0
MA10_510000201,ok,1.0,1.0,1.0,-,-,1,0,0
MA10_510001574,ok,1.0,1.0,1.0,-,-,0,0,0
MA10_510002031,ok,1.0,1.0,1.0,-,-,1,0,0
MA10_510002033,ok,1.0,1.0,1.0,-,-,1,0,0
MA10_510002089,ok,1.0,1.0,1.0,-,-,0,0,0
MA10_510002218,ok,1.0,1.0,1.0,-,-,0,0,0
MA10_510004149,ok,1.0,1.0,1.0,-,-,2,0,0
MA10_510004150,ok,1.0,1.0,1.0,-,-,2,0,0
MA10_510004151,ok,1.0,1.0,1.0,-,-,2,0,0
MA10_510004707,ok,1.0,1.0,1.0,-,-,2,0,0
MA10_510005607,ok,1.0,1.0,1.0,-,-,0,0,0
MA10_610001468,ok,1.0,1.0,1.0,-,-,1,0,0
MA10_610001469,ok,1.0,1.0,1.0,-,-,1,0,0
MA10_610002787,ok,1.0,1.0,1.0,-,-,1,0,0
MA10_610002788,ok,1.0,1.0,1.0,-,-,1,0,0
MA10_610008720,ok,1.0,1.0,1.0,-,-,1,0,0
MD10_510000027,ok,1.0,1.0,1.0,-,-,0,0,0
MD10_510000028,ok,1.0,1.0,1.0,-,-,0,0,0
MD10_510000029,ok,1.0,1.0,1.0,-,-,0,0,0
MD10_510000072,ok,1.0,1.0,1.0,-,-,0,0,0
MD10_510000306,ok,1.0,1.0,1.0,-,-,1,0,0
MK10_510000359,ok,1.0,0.0,0.0,-,R06,0,0,1
MK10_510000677,ok,1.0,1.0,1.0,-,-,0,0,0
MK10_510001459,ok,1.0,1.0,1.0,-,-,0,0,0
MT10_535000053,ok,1.0,1.0,1.0,-,-,0,0,0
MT10_535000080,ok,1.0,1.0,1.0,-,-,0,0,0
MU14_510000624,ok,1.0,1.0,1.0,-,-,1,0,0
MU14_510000936,ok,1.0,1.0,1.0,-,-,1,0,0
MX10_5100014403,ok,1.0,1.0,1.0,-,-,1,0,0
MX10_5100014404,ok,1.0,1.0,1.0,-,-,1,0,0
MX10_5100021517,ok,1.0,0.5,0.67,-,R06,1,0,1
MX10_5100021518,ok,1.0,0.5,0.67,-,R06,1,0,1
MX10_5100021519,ok,1.0,0.5,0.67,-,R06,1,0,1
MX10_5100021520,ok,1.0,0.5,0.67,-,R06,1,0,1
MX10_5100021521,ok,1.0,1.0,1.0,-,-,2,0,0
MX10_6100118230,ok,1.0,1.0,1.0,-,-,1,0,0
MX10_6100118233,ok,1.0,1.0,1.0,-,-,1,0,0
MX14_5100000355,ok,1.0,1.0,1.0,-,-,0,0,0
MX14_5100000465,ok,1.0,1.0,1.0,-,-,0,0,0
MX14_5100000482,ok,1.0,1.0,1.0,-,-,0,0,0
MX14_5100000521,ok,1.0,1.0,1.0,-,-,0,0,0
MX14_5100000627,ok,1.0,1.0,1.0,-,-,0,0,0
MX14_5100000677,ok,1.0,1.0,1.0,-,-,0,0,0
MX14_5100000678,ok,1.0,1.0,1.0,-,-,0,0,0
MX14_5100000679,ok,1.0,1.0,1.0,-,-,0,0,0
MX14_5100000680,ok,1.0,1.0,1.0,-,-,0,0,0
MX14_5100000681,ok,1.0,1.0,1.0,-,-,0,0,0
MX18_5100037170,ok,1.0,1.0,1.0,-,-,0,0,0
MX18_5100049422,ok,1.0,1.0,1.0,-,-,1,0,0
MX18_5100087225,ok,1.0,1.0,1.0,-,-,0,0,0
MX18_5100087841,ok,1.0,1.0,1.0,-,-,0,0,0
MX18_5100087842,ok,1.0,1.0,1.0,-,-,0,0,0
MX18_5100087843,ok,1.0,1.0,1.0,-,-,0,0,0
MX18_5100111880,ok,1.0,1.0,1.0,-,-,0,0,0
MX18_5100111895,ok,1.0,1.0,1.0,-,-,0,0,0
MX18_5100130653,ok,1.0,1.0,1.0,-,-,1,0,0
MX18_5100130656,ok,1.0,1.0,1.0,-,-,1,0,0
MX18_5100130710,ok,1.0,1.0,1.0,-,-,1,0,0
MX18_5100130912,ok,1.0,1.0,1.0,-,-,1,0,0
MX18_5100143378,ok,1.0,1.0,1.0,-,-,0,0,0
MX18_5100143379,ok,1.0,1.0,1.0,-,-,0,0,0
MX18_5100174356,ok,1.0,1.0,1.0,-,-,0,0,0
MX18_5100204519,ok,1.0,1.0,1.0,-,-,2,0,0
MX18_5100204555,ok,1.0,1.0,1.0,-,-,2,0,0
MY33_510000002,ok,1.0,1.0,1.0,-,-,1,0,0
MY34_510002556,ok,1.0,1.0,1.0,-,-,3,0,0
MY34_510003481,ok,1.0,1.0,1.0,-,-,0,0,0
MY34_510003823,ok,1.0,1.0,1.0,-,-,1,0,0
MY34_510004579,ok,1.0,1.0,1.0,-,-,2,0,0
MY34_510008731,ok,1.0,1.0,1.0,-,-,0,0,0
MY36_510001850,ok,1.0,1.0,1.0,-,-,0,0,0
MY36_510002849,ok,1.0,1.0,1.0,-,-,0,0,0
MY36_520047986,ok,1.0,1.0,1.0,-,-,0,0,0
MY36_520047991,ok,1.0,1.0,1.0,-,-,0,0,0
MY36_520047998,ok,1.0,1.0,1.0,-,-,0,0,0
MY36_520048001,ok,1.0,1.0,1.0,-,-,0,0,0
MY36_520048006,ok,1.0,1.0,1.0,-,-,0,0,0
MY36_520048023,ok,1.0,1.0,1.0,-,-,0,0,0
MY36_610008221,ok,1.0,1.0,1.0,-,-,0,0,0
MY39_510000084,ok,1.0,1.0,1.0,-,-,1,0,0
MY40_510000021,ok,1.0,1.0,1.0,-,-,0,0,0
MY43_510000039,ok,1.0,1.0,1.0,-,-,0,0,0
MY43_510000040,ok,1.0,1.0,1.0,-,-,0,0,0
MY43_510000262,ok,1.0,1.0,1.0,-,-,0,0,0
MY43_510000902,ok,1.0,0.0,0.0,-,"R03,R05,R15,R27",0,0,4
NC10_510000099,ok,1.0,0.0,0.0,-,"R13,R14,R16",0,0,3
NC10_510000100,ok,1.0,0.0,0.0,-,"R13,R14,R16",0,0,3
NC10_510000130,ok,1.0,0.0,0.0,-,"R05,R06,R07",0,0,3
NC10_510000131,ok,1.0,1.0,1.0,-,-,3,0,0
NC10_510000132,ok,1.0,1.0,1.0,-,-,3,0,0
NC10_510000191,ok,1.0,0.0,0.0,-,"R13,R14,R16",0,0,3
NC10_510000208,ok,1.0,0.0,0.0,-,"R13,R14,R16",0,0,3
NC10_510000254,ok,1.0,0.0,0.0,-,"R13,R14,R16",0,0,3
NC10_510000255,ok,1.0,1.0,1.0,-,-,3,0,0
NC10_510000256,ok,1.0,1.0,1.0,-,-,3,0,0
NC10_510000324,ok,1.0,0.0,0.0,-,"R13,R14,R16",0,0,3
NC10_510000325,ok,1.0,1.0,1.0,-,-,3,0,0
NC10_510000336,ok,1.0,0.0,0.0,-,"R13,R14,R16",0,0,3
NC10_510000352,ok,1.0,0.0,0.0,-,"R13,R14,R16",0,0,3
NC10_510000454,ok,1.0,1.0,1.0,-,-,3,0,0
NC10_510000456,ok,1.0,0.0,0.0,-,"R13,R14,R16",0,0,3
NC10_510000459,ok,1.0,1.0,1.0,-,-,3,0,0
NC10_510000653,ok,1.0,1.0,1.0,-,-,3,0,0
NC10_510000654,ok,1.0,0.0,0.0,-,"R13,R14,R16",0,0,3
NC10_510000655,ok,1.0,0.0,0.0,-,"R13,R14,R16",0,0,3
NC10_510000656,ok,1.0,1.0,1.0,-,-,3,0,0
NC10_510000836,ok,1.0,1.0,1.0,-,-,3,0,0
NC10_510000856,ok,1.0,0.0,0.0,-,"R13,R14,R16",0,0,3
NC10_510000857,ok,1.0,0.0,0.0,-,"R13,R14,R16",0,0,3
NC10_510000863,ok,1.0,1.0,1.0,-,-,3,0,0
NC10_510000970,ok,1.0,0.0,0.0,-,"R13,R14,R16",0,0,3
NC10_510001112,ok,1.0,1.0,1.0,-,-,4,0,0
NC10_510001113,ok,1.0,1.0,1.0,-,-,4,0,0
NC10_510001114,ok,1.0,1.0,1.0,-,-,4,0,0
NC10_510001125,ok,1.0,1.0,1.0,-,-,3,0,0
NC10_510001163,ok,1.0,1.0,1.0,-,-,3,0,0
NC10_510001164,ok,1.0,1.0,1.0,-,-,3,0,0
NC10_510001203,ok,1.0,1.0,1.0,-,-,3,0,0
NC10_510001204,ok,1.0,1.0,1.0,-,-,3,0,0
NC10_510001205,ok,1.0,1.0,1.0,-,-,3,0,0
NG10_510002693,ok,1.0,1.0,1.0,-,-,1,0,0
NG10_510002698,ok,1.0,1.0,1.0,-,-,1,0,0
NG10_510002701,ok,1.0,1.0,1.0,-,-,2,0,0
NG10_510004093,ok,1.0,1.0,1.0,-,-,1,0,0
NG10_510018040,ok,1.0,1.0,1.0,-,-,0,0,0
NG10_510018041,ok,1.0,1.0,1.0,-,-,0,0,0
NL10_510000365,ok,1.0,1.0,1.0,-,-,1,0,0
NL10_510000729,ok,1.0,1.0,1.0,-,-,1,0,0
NL10_510000967,ok,1.0,1.0,1.0,-,-,1,0,0
NL10_510003682,ok,1.0,1.0,1.0,-,-,1,0,0
NL10_510004278,ok,1.0,1.0,1.0,-,-,1,0,0
NL10_510004420,ok,1.0,1.0,1.0,-,-,1,0,0
NL10_510004433,ok,1.0,1.0,1.0,-,-,1,0,0
NL10_510004699,ok,1.0,1.0,1.0,-,-,1,0,0
NL10_510004933,ok,1.0,1.0,1.0,-,-,1,0,0
NL10_510005072,ok,1.0,1.0,1.0,-,-,1,0,0
NL10_510005089,ok,1.0,1.0,1.0,-,-,1,0,0
NL10_510006331,ok,1.0,1.0,1.0,-,-,1,0,0
NL10_510006885,ok,1.0,1.0,1.0,-,-,1,0,0
NL10_510007125,ok,1.0,1.0,1.0,-,-,1,0,0
NL10_510007200,ok,1.0,1.0,1.0,-,-,4,0,0
NL10_510008276,ok,1.0,0.33,0.5,-,"R13,R16",1,0,2
NL10_510008454,ok,1.0,1.0,1.0,-,-,1,0,0
NL10_510015900,ok,1.0,1.0,1.0,-,-,1,0,0
NL10_510017869,ok,1.0,1.0,1.0,-,-,0,0,0
NL10_510017871,ok,1.0,1.0,1.0,-,-,2,0,0
NL10_510018839,ok,1.0,1.0,1.0,-,-,0,0,0
NL10_520001325,ok,1.0,1.0,1.0,-,-,0,0,0
NL10_520001428,ok,1.0,1.0,1.0,-,-,0,0,0
NL10_520002488,ok,1.0,1.0,1.0,-,-,0,0,0
NL10_520002490,ok,1.0,1.0,1.0,-,-,0,0,0
NL10_520002551,ok,1.0,1.0,1.0,-,-,0,0,0
NL10_520002601,ok,1.0,1.0,1.0,-,-,1,0,0
NL10_520002612,ok,1.0,1.0,1.0,-,-,1,0,0
NL10_520002614,ok,1.0,1.0,1.0,-,-,1,0,0
NL10_520002620,ok,1.0,1.0,1.0,-,-,1,0,0
NL10_520003245,ok,1.0,1.0,1.0,-,-,0,0,0
NL10_520003351,ok,1.0,1.0,1.0,-,-,0,0,0
NL10_520003393,ok,1.0,1.0,1.0,-,-,1,0,0
NL10_520009002,ok,1.0,1.0,1.0,-,-,0,0,0
NZ11_510000637,ok,1.0,1.0,1.0,-,-,1,0,0
NZ11_510000875,ok,1.0,1.0,1.0,-,-,2,0,0
NZ11_510002100,ok,1.0,1.0,1.0,-,-,1,0,0
NZ11_510002472,ok,1.0,1.0,1.0,-,-,1,0,0
OM10_510000138,ok,1.0,1.0,1.0,-,-,0,0,0
OM10_510000187,ok,1.0,1.0,1.0,-,-,0,0,0
OM10_510000188,ok,1.0,1.0,1.0,-,-,0,0,0
OM10_510000189,ok,1.0,1.0,1.0,-,-,0,0,0
OM10_510000190,ok,1.0,1.0,1.0,-,-,0,0,0
OM10_510000267,ok,1.0,1.0,1.0,-,-,0,0,0
OM10_510000303,ok,1.0,1.0,1.0,-,-,4,0,0
OM10_510000340,ok,1.0,1.0,1.0,-,-,0,0,0
OM10_510000344,ok,1.0,1.0,1.0,-,-,0,0,0
OM10_510000485,ok,1.0,1.0,1.0,-,-,0,0,0
OM10_510000486,ok,1.0,1.0,1.0,-,-,0,0,0
OM10_510000487,ok,1.0,1.0,1.0,-,-,0,0,0
OM10_510000488,ok,1.0,1.0,1.0,-,-,0,0,0
OM10_510000489,ok,1.0,1.0,1.0,-,-,0,0,0
OM10_510000569,ok,1.0,1.0,1.0,-,-,0,0,0
OM10_510000610,ok,1.0,1.0,1.0,-,-,1,0,0
OM10_510000780,ok,1.0,1.0,1.0,-,-,0,0,0
OM10_510000788,ok,1.0,1.0,1.0,-,-,0,0,0
OM10_510000789,ok,1.0,1.0,1.0,-,-,0,0,0
OM10_510000790,ok,1.0,1.0,1.0,-,-,0,0,0
OM10_510001037,ok,1.0,1.0,1.0,-,-,1,0,0
OM10_510001624,ok,1.0,0.5,0.67,-,"R14,R16",2,0,2
OM10_510001969,ok,0.0,1.0,0.0,R05,-,0,1,0
OM10_510002384,ok,1.0,1.0,1.0,-,-,1,0,0
OM10_510002387,ok,1.0,1.0,1.0,-,-,1,0,0
OM10_510002388,ok,1.0,1.0,1.0,-,-,1,0,0
OM10_510002389,ok,1.0,1.0,1.0,-,-,1,0,0
OM10_510002435,ok,1.0,1.0,1.0,-,-,4,0,0
OM10_510002557,ok,1.0,1.0,1.0,-,-,0,0,0
PA12_100000034,ok,1.0,1.0,1.0,-,-,2,0,0
PA12_5100001472,ok,1.0,1.0,1.0,-,-,0,0,0
PA12_5100001473,ok,1.0,1.0,1.0,-,-,0,0,0
PA12_5100002566,ok,1.0,1.0,1.0,-,-,3,0,0
PA12_5100009785,ok,1.0,1.0,1.0,-,-,1,0,0
PA12_5100011175,ok,1.0,0.33,0.5,-,"R13,R16",1,0,2
PA12_5100013189,ok,1.0,1.0,1.0,-,-,1,0,0
PA12_5100014539,ok,1.0,1.0,1.0,-,-,0,0,0
PA12_5100014540,ok,1.0,0.0,0.0,-,"R13,R16",0,0,2
PA12_5100014575,ok,1.0,1.0,1.0,-,-,0,0,0
PA12_5100016971,ok,1.0,1.0,1.0,-,-,0,0,0
PA12_5100016972,ok,1.0,1.0,1.0,-,-,0,0,0
PA17_5100000026,ok,1.0,1.0,1.0,-,-,0,0,0
PA17_5100000082,ok,1.0,1.0,1.0,-,-,0,0,0
PA17_5100000403,ok,1.0,1.0,1.0,-,-,0,0,0
PA17_5100000897,ok,1.0,1.0,1.0,-,-,0,0,0
PA17_5100001376,ok,1.0,1.0,1.0,-,-,0,0,0
PA17_5100001455,ok,1.0,1.0,1.0,-,-,3,0,0
PA17_5100001641,ok,1.0,1.0,1.0,-,-,1,0,0
PA17_5100002251,ok,1.0,1.0,1.0,-,-,0,0,0
PA17_5100002420,ok,1.0,1.0,1.0,-,-,0,0,0
PA19_5100001391,ok,1.0,1.0,1.0,-,-,0,0,0
PA19_5100001392,ok,1.0,1.0,1.0,-,-,0,0,0
PA19_5100001393,ok,1.0,1.0,1.0,-,-,0,0,0
PA19_5100001394,ok,1.0,1.0,1.0,-,-,0,0,0
PA19_5100001395,ok,1.0,1.0,1.0,-,-,0,0,0
PA19_5100001398,ok,1.0,1.0,1.0,-,-,0,0,0
PA19_5100001404,ok,1.0,1.0,1.0,-,-,0,0,0
PA19_5100001405,ok,1.0,1.0,1.0,-,-,0,0,0
PA19_5100001408,ok,1.0,1.0,1.0,-,-,0,0,0
PA19_5100001420,ok,1.0,1.0,1.0,-,-,0,0,0
PA19_5100001422,ok,1.0,1.0,1.0,-,-,0,0,0
PA19_5100001423,ok,1.0,1.0,1.0,-,-,0,0,0
PA19_5100001429,ok,1.0,1.0,1.0,-,-,0,0,0
PA19_5100001434,ok,1.0,1.0,1.0,-,-,0,0,0
PA19_5100001435,ok,1.0,1.0,1.0,-,-,0,0,0
PA19_5100001437,ok,1.0,1.0,1.0,-,-,0,0,0
PA19_5100001438,ok,1.0,1.0,1.0,-,-,0,0,0
PA19_5100001441,ok,1.0,1.0,1.0,-,-,0,0,0
PA19_5100001443,ok,1.0,1.0,1.0,-,-,0,0,0
PA19_5100001445,ok,1.0,1.0,1.0,-,-,0,0,0
PA19_5100001485,ok,1.0,1.0,1.0,-,-,0,0,0
PA19_5100001486,ok,1.0,1.0,1.0,-,-,0,0,0
PA19_5100001487,ok,1.0,1.0,1.0,-,-,0,0,0
PA19_5100001488,ok,1.0,1.0,1.0,-,-,0,0,0
PA19_5100001489,ok,1.0,1.0,1.0,-,-,0,0,0
PA19_5100001490,ok,1.0,1.0,1.0,-,-,0,0,0
PA19_5100001645,ok,1.0,1.0,1.0,-,-,0,0,0
PA19_5100002280,ok,1.0,1.0,1.0,-,-,0,0,0
PA19_5100002287,ok,1.0,1.0,1.0,-,-,0,0,0
PA19_5100002288,ok,1.0,1.0,1.0,-,-,0,0,0
PA19_5100002290,ok,1.0,1.0,1.0,-,-,0,0,0
PA19_5100002291,ok,1.0,1.0,1.0,-,-,0,0,0
PA19_5100002299,ok,1.0,1.0,1.0,-,-,0,0,0
PA19_5100002300,ok,1.0,1.0,1.0,-,-,0,0,0
PA19_5100002303,ok,1.0,1.0,1.0,-,-,0,0,0
PA19_5100002328,ok,1.0,1.0,1.0,-,-,0,0,0
PA19_5100002339,ok,1.0,1.0,1.0,-,-,0,0,0
PA19_5100002723,ok,1.0,1.0,1.0,-,-,0,0,0
PA19_5100002743,ok,1.0,0.0,0.0,-,"R13,R16",0,0,2
PA19_5100004183,ok,1.0,1.0,1.0,-,-,0,0,0
PA19_5100004184,ok,1.0,1.0,1.0,-,-,0,0,0
PA19_5100004187,ok,1.0,1.0,1.0,-,-,0,0,0
PA19_5100004190,ok,1.0,1.0,1.0,-,-,0,0,0
PA19_5100004213,ok,1.0,1.0,1.0,-,-,0,0,0
PA19_5100004475,ok,1.0,1.0,1.0,-,-,1,0,0
PA19_5100004478,ok,1.0,1.0,1.0,-,-,1,0,0
PA19_5100005619,ok,1.0,1.0,1.0,-,-,1,0,0
PA19_5100005627,ok,1.0,1.0,1.0,-,-,0,0,0
PA19_5100005638,ok,1.0,1.0,1.0,-,-,0,0,0
PA19_5100005642,ok,1.0,1.0,1.0,-,-,0,0,0
PA19_5100005643,ok,1.0,1.0,1.0,-,-,0,0,0
PA19_5100005645,ok,1.0,1.0,1.0,-,-,0,0,0
PA19_5100005649,ok,1.0,1.0,1.0,-,-,0,0,0
PA19_5100005656,ok,1.0,1.0,1.0,-,-,0,0,0
PA19_5100005660,ok,1.0,1.0,1.0,-,-,0,0,0
PA19_5100005676,ok,1.0,1.0,1.0,-,-,0,0,0
PA19_5100005677,ok,1.0,1.0,1.0,-,-,0,0,0
PA19_5100005678,ok,1.0,1.0,1.0,-,-,0,0,0
PA19_5100005679,ok,1.0,1.0,1.0,-,-,0,0,0
PA19_5100005683,ok,1.0,1.0,1.0,-,-,0,0,0
PA19_5100005696,ok,1.0,1.0,1.0,-,-,0,0,0
PA19_5100005698,ok,1.0,1.0,1.0,-,-,0,0,0
PA19_5100005789,ok,1.0,1.0,1.0,-,-,0,0,0
PA19_5100005793,ok,1.0,1.0,1.0,-,-,0,0,0
PA19_5100005796,ok,1.0,1.0,1.0,-,-,0,0,0
PA19_5100005797,ok,1.0,1.0,1.0,-,-,0,0,0
PA19_5100005804,ok,1.0,1.0,1.0,-,-,0,0,0
PA19_5100005817,ok,1.0,1.0,1.0,-,-,0,0,0
PA19_5100005820,ok,1.0,1.0,1.0,-,-,0,0,0
PA19_5100005821,ok,1.0,1.0,1.0,-,-,0,0,0
PA19_5100006783,ok,1.0,1.0,1.0,-,-,0,0,0
PA19_5100006790,ok,1.0,1.0,1.0,-,-,0,0,0
PA19_5100006792,ok,1.0,1.0,1.0,-,-,0,0,0
PA19_5100006825,ok,1.0,1.0,1.0,-,-,0,0,0
PA19_5100006826,ok,1.0,1.0,1.0,-,-,0,0,0
PA19_5100006827,ok,1.0,1.0,1.0,-,-,0,0,0
PA19_5100006835,ok,1.0,1.0,1.0,-,-,0,0,0
PA19_5100006836,ok,1.0,1.0,1.0,-,-,0,0,0
PA19_5100006838,ok,1.0,1.0,1.0,-,-,0,0,0
PA19_5100006841,ok,1.0,1.0,1.0,-,-,0,0,0
PA19_5100006846,ok,1.0,1.0,1.0,-,-,0,0,0
PA19_5100006851,ok,1.0,1.0,1.0,-,-,0,0,0
PA19_5100006854,ok,1.0,1.0,1.0,-,-,0,0,0
PA19_5100006855,ok,1.0,1.0,1.0,-,-,0,0,0
PA19_5100006856,ok,1.0,1.0,1.0,-,-,0,0,0
PA19_5100006858,ok,1.0,1.0,1.0,-,-,0,0,0
PA19_5100006976,ok,1.0,1.0,1.0,-,-,0,0,0
PA19_5100006980,ok,1.0,1.0,1.0,-,-,0,0,0
PA19_5100006998,ok,1.0,1.0,1.0,-,-,0,0,0
PA19_5100006999,ok,1.0,1.0,1.0,-,-,0,0,0
PA19_5100007001,ok,1.0,1.0,1.0,-,-,0,0,0
PA19_5100007004,ok,1.0,1.0,1.0,-,-,0,0,0
PA19_5100007015,ok,1.0,1.0,1.0,-,-,0,0,0
PA19_5100007020,ok,1.0,1.0,1.0,-,-,0,0,0
PA19_5100007023,ok,1.0,1.0,1.0,-,-,0,0,0
PA19_5100007024,ok,1.0,1.0,1.0,-,-,0,0,0
PA19_5100007025,ok,1.0,1.0,1.0,-,-,0,0,0
PA19_5100007032,ok,1.0,1.0,1.0,-,-,0,0,0
PA19_5100007033,ok,1.0,1.0,1.0,-,-,0,0,0
PA19_5100007035,ok,1.0,1.0,1.0,-,-,0,0,0
PA19_5100008084,ok,1.0,1.0,1.0,-,-,0,0,0
PA19_5100008093,ok,1.0,1.0,1.0,-,-,0,0,0
PA19_5100008094,ok,1.0,1.0,1.0,-,-,0,0,0
PA19_5100008095,ok,1.0,1.0,1.0,-,-,0,0,0
PA19_5100008097,ok,1.0,1.0,1.0,-,-,0,0,0
PA19_5100008111,ok,1.0,1.0,1.0,-,-,0,0,0
PA19_5100008112,ok,1.0,1.0,1.0,-,-,0,0,0
PA19_5100008113,ok,1.0,1.0,1.0,-,-,0,0,0
PA19_5100008114,ok,1.0,1.0,1.0,-,-,0,0,0
PA19_5100008115,ok,1.0,1.0,1.0,-,-,0,0,0
PA19_5100008117,ok,1.0,1.0,1.0,-,-,0,0,0
PA19_5100008118,ok,1.0,1.0,1.0,-,-,0,0,0
PA19_5100008141,ok,1.0,1.0,1.0,-,-,0,0,0
PA19_5100008142,ok,1.0,1.0,1.0,-,-,0,0,0
PA19_5100008170,ok,1.0,1.0,1.0,-,-,0,0,0
PA19_5100008173,ok,1.0,1.0,1.0,-,-,0,0,0
PA19_5100008174,ok,1.0,1.0,1.0,-,-,0,0,0
PA19_5100008175,ok,1.0,1.0,1.0,-,-,0,0,0
PA19_5100008176,ok,1.0,1.0,1.0,-,-,0,0,0
PA19_5100008185,ok,1.0,1.0,1.0,-,-,0,0,0
PA19_5100008186,ok,1.0,1.0,1.0,-,-,0,0,0
PA19_5100008187,ok,1.0,0.0,0.0,-,R05,0,0,1
PA19_5100008188,ok,1.0,1.0,1.0,-,-,0,0,0
PA19_5100008189,ok,1.0,1.0,1.0,-,-,0,0,0
PA19_5100008190,ok,1.0,1.0,1.0,-,-,0,0,0
PA19_5100008283,ok,1.0,1.0,1.0,-,-,1,0,0
PA19_5100008521,ok,1.0,1.0,1.0,-,-,1,0,0
PA19_5100008525,ok,1.0,1.0,1.0,-,-,1,0,0
PA19_5100008532,ok,1.0,1.0,1.0,-,-,0,0,0
PA19_5100008535,ok,1.0,1.0,1.0,-,-,1,0,0
PA19_5100008540,ok,1.0,1.0,1.0,-,-,1,0,0
PA19_5100008559,ok,1.0,1.0,1.0,-,-,0,0,0
PA19_5100008586,ok,1.0,1.0,1.0,-,-,0,0,0
PA19_5100008587,ok,1.0,1.0,1.0,-,-,0,0,0
PA19_5100008588,ok,1.0,1.0,1.0,-,-,0,0,0
PA19_5100008589,ok,1.0,1.0,1.0,-,-,0,0,0
PA19_5100008590,ok,1.0,1.0,1.0,-,-,0,0,0
PA19_5100008598,ok,1.0,1.0,1.0,-,-,0,0,0
PA19_5100008599,ok,1.0,1.0,1.0,-,-,0,0,0
PA19_5100008600,ok,1.0,1.0,1.0,-,-,0,0,0
PA20_5100008035,ok,1.0,1.0,1.0,-,-,0,0,0
PA20_5100008036,ok,1.0,1.0,1.0,-,-,0,0,0
PA26_100000052,ok,1.0,1.0,1.0,-,-,3,0,0
PA26_100000327,ok,0.57,1.0,0.73,"R04,R14,R15",-,4,3,0
PA26_100000617,ok,1.0,1.0,1.0,-,-,4,0,0
PA26_100000779,ok,1.0,1.0,1.0,-,-,1,0,0
PA26_5100000116,ok,1.0,1.0,1.0,-,-,0,0,0
PA26_5100000136,ok,1.0,1.0,1.0,-,-,0,0,0
PA26_5100000392,ok,1.0,1.0,1.0,-,-,0,0,0
PA26_5100000420,ok,1.0,1.0,1.0,-,-,0,0,0
PA26_5100000507,ok,1.0,1.0,1.0,-,-,0,0,0
PA26_5100000924,ok,1.0,1.0,1.0,-,-,0,0,0
PA26_5100000925,ok,1.0,0.0,0.0,-,"R07,R13,R16",0,0,3
PA26_5100001227,ok,0.0,1.0,0.0,"R04,R16",-,0,2,0
PA26_5100001286,ok,1.0,1.0,1.0,-,-,0,0,0
PA26_5100001521,ok,1.0,1.0,1.0,-,-,0,0,0
PA26_5100001750,ok,1.0,1.0,1.0,-,-,1,0,0
PA26_5100001760,ok,1.0,1.0,1.0,-,-,0,0,0
PA26_5100001761,ok,1.0,1.0,1.0,-,-,0,0,0
PA26_5100001855,ok,1.0,1.0,1.0,-,-,0,0,0
PA71_100000036,ok,1.0,1.0,1.0,-,-,2,0,0
PA71_100000210,ok,1.0,1.0,1.0,-,-,5,0,0
PA71_100000211,ok,1.0,1.0,1.0,-,-,1,0,0
PA71_510000007,ok,1.0,1.0,1.0,-,-,0,0,0
PA71_510000039,ok,1.0,1.0,1.0,-,-,0,0,0
PA71_510000040,ok,1.0,1.0,1.0,-,-,0,0,0
PA71_510000041,ok,1.0,1.0,1.0,-,-,0,0,0
PA71_510000047,ok,1.0,1.0,1.0,-,-,0,0,0
PA71_510000093,ok,1.0,1.0,1.0,-,-,0,0,0
PA71_510000118,ok,1.0,1.0,1.0,-,-,0,0,0
PA71_510000119,ok,1.0,1.0,1.0,-,-,0,0,0
PA71_510000120,ok,1.0,1.0,1.0,-,-,0,0,0
PA71_510000126,ok,1.0,1.0,1.0,-,-,0,0,0
PA71_510000197,ok,1.0,1.0,1.0,-,-,0,0,0
PA71_510000238,ok,1.0,1.0,1.0,-,-,0,0,0
PA71_510000246,ok,1.0,1.0,1.0,-,-,0,0,0
PA71_510000302,ok,1.0,1.0,1.0,-,-,0,0,0
PA71_510000303,ok,1.0,1.0,1.0,-,-,0,0,0
PA71_510000304,ok,1.0,1.0,1.0,-,-,0,0,0
PA71_510000311,ok,1.0,1.0,1.0,-,-,0,0,0
PA71_510000324,ok,1.0,0.33,0.5,-,"R13,R16",1,0,2
PA71_510000482,ok,1.0,1.0,1.0,-,-,0,0,0
PA71_510000483,ok,1.0,1.0,1.0,-,-,0,0,0
PA71_510000484,ok,1.0,1.0,1.0,-,-,0,0,0
PA71_510000491,ok,1.0,1.0,1.0,-,-,0,0,0
PA71_510000882,ok,1.0,1.0,1.0,-,-,0,0,0
PA71_510000915,ok,1.0,1.0,1.0,-,-,0,0,0
PA71_510000923,ok,1.0,1.0,1.0,-,-,0,0,0
PA72_5100002132,ok,1.0,1.0,1.0,-,-,3,0,0
PA72_5100004416,ok,1.0,1.0,1.0,-,-,0,0,0
PE10_5100000600,ok,1.0,1.0,1.0,-,-,0,0,0
PE10_5100018770,ok,1.0,1.0,1.0,-,-,0,0,0
PE10_5100029362,ok,1.0,1.0,1.0,-,-,0,0,0
PE10_6100016058,ok,1.0,1.0,1.0,-,-,0,0,0
PE10_6100016088,ok,1.0,1.0,1.0,-,-,3,0,0
PE10_6100023673,ok,1.0,1.0,1.0,-,-,0,0,0
PE10_6100023675,ok,1.0,1.0,1.0,-,-,0,0,0
PE10_6100023676,ok,1.0,1.0,1.0,-,-,0,0,0
PE10_6100031465,ok,1.0,1.0,1.0,-,-,0,0,0
PE10_6100035527,ok,1.0,1.0,1.0,-,-,0,0,0
PE10_6100035528,ok,1.0,1.0,1.0,-,-,0,0,0
PE10_6100035529,ok,1.0,1.0,1.0,-,-,0,0,0
PE10_6100035531,ok,1.0,1.0,1.0,-,-,0,0,0
PE10_6100035534,ok,1.0,1.0,1.0,-,-,0,0,0
PE10_6100035535,ok,1.0,1.0,1.0,-,-,0,0,0
PE10_6100035536,ok,1.0,1.0,1.0,-,-,0,0,0
PE10_6100035537,ok,1.0,1.0,1.0,-,-,0,0,0
PE10_6100035538,ok,1.0,1.0,1.0,-,-,0,0,0
PE10_6100035539,ok,1.0,1.0,1.0,-,-,0,0,0
PE10_6100035540,ok,1.0,1.0,1.0,-,-,0,0,0
PE10_6100035541,ok,1.0,1.0,1.0,-,-,0,0,0
PE10_6100051980,ok,1.0,1.0,1.0,-,-,1,0,0
PE10_6100072226,ok,1.0,1.0,1.0,-,-,0,0,0
PF10_510000014,ok,1.0,0.0,0.0,-,"R13,R14,R16",0,0,3
PF10_510000060,ok,1.0,0.0,0.0,-,"R13,R14,R16",0,0,3
PF10_510000156,ok,1.0,0.0,0.0,-,"R13,R14,R16",0,0,3
PF10_510000169,ok,1.0,1.0,1.0,-,-,3,0,0
PF10_510000348,ok,1.0,1.0,1.0,-,-,3,0,0
PF10_510000377,ok,1.0,0.25,0.4,-,"R13,R14,R16",1,0,3
PF10_510000546,ok,1.0,0.0,0.0,-,"R13,R14,R16",0,0,3
PF10_510000564,ok,1.0,1.0,1.0,-,-,3,0,0
PF10_510000637,ok,1.0,0.25,0.4,-,"R13,R14,R16",1,0,3
PF10_510000794,ok,1.0,0.0,0.0,-,"R13,R14,R16",0,0,3
PF10_510000993,ok,1.0,1.0,1.0,-,-,3,0,0
PF10_510001173,ok,1.0,0.25,0.4,-,"R13,R14,R16",1,0,3
PF10_510001285,ok,1.0,0.0,0.0,-,"R13,R14,R16",0,0,3
PF10_510001469,ok,1.0,1.0,1.0,-,-,4,0,0
PF10_510001529,ok,1.0,1.0,1.0,-,-,4,0,0
PF10_510001537,ok,1.0,1.0,1.0,-,-,3,0,0
PG10_510000002,ok,1.0,1.0,1.0,-,-,0,0,0
PG10_510000612,ok,1.0,1.0,1.0,-,-,1,0,0
PG10_510000613,ok,1.0,1.0,1.0,-,-,0,0,0
PG10_510000878,ok,1.0,1.0,1.0,-,-,0,0,0
PG10_510001032,ok,1.0,1.0,1.0,-,-,0,0,0
PG10_510001110,ok,1.0,1.0,1.0,-,-,0,0,0
PG10_510001165,ok,1.0,1.0,1.0,-,-,0,0,0
PG10_510001286,ok,1.0,1.0,1.0,-,-,1,0,0
PG10_510001293,ok,1.0,1.0,1.0,-,-,1,0,0
PG10_510001298,ok,1.0,1.0,1.0,-,-,0,0,0
PG10_510001304,ok,1.0,1.0,1.0,-,-,0,0,0
PG10_510001305,ok,1.0,1.0,1.0,-,-,0,0,0
PG10_510001397,ok,1.0,1.0,1.0,-,-,3,0,0
PG10_510002592,ok,1.0,1.0,1.0,-,-,0,0,0
PG10_510004583,ok,1.0,1.0,1.0,-,-,0,0,0
PG10_510005629,ok,1.0,1.0,1.0,-,-,0,0,0
PG10_510005637,ok,1.0,1.0,1.0,-,-,0,0,0
PG10_510010769,ok,1.0,1.0,1.0,-,-,0,0,0
PG10_510010820,ok,0.0,1.0,0.0,R05,-,0,1,0
PG10_510011153,ok,1.0,1.0,1.0,-,-,1,0,0
PG10_510011188,ok,0.0,1.0,0.0,R05,-,0,1,0
PH15_510001270,ok,1.0,1.0,1.0,-,-,1,0,0
PH15_510001350,ok,1.0,1.0,1.0,-,-,1,0,0
PH15_510001807,ok,1.0,1.0,1.0,-,-,0,0,0
PH15_510001814,ok,1.0,1.0,1.0,-,-,0,0,0
PH15_510001826,ok,1.0,1.0,1.0,-,-,0,0,0
PH15_510001831,ok,1.0,1.0,1.0,-,-,2,0,0
PH15_510001887,ok,1.0,1.0,1.0,-,-,1,0,0
PH15_510004419,ok,1.0,1.0,1.0,-,-,1,0,0
PH15_510010474,ok,1.0,1.0,1.0,-,-,1,0,0
PH26_510000507,ok,1.0,1.0,1.0,-,-,0,0,0
PH26_510000792,ok,1.0,1.0,1.0,-,-,2,0,0
PK10_510004243,ok,1.0,1.0,1.0,-,-,3,0,0
PK10_510009365,ok,1.0,1.0,1.0,-,-,2,0,0
PK10_510018102,ok,1.0,1.0,1.0,-,-,1,0,0
PK10_510018104,ok,1.0,1.0,1.0,-,-,1,0,0
PK10_510018151,ok,1.0,1.0,1.0,-,-,1,0,0
PK10_510018152,ok,1.0,1.0,1.0,-,-,1,0,0
PK10_510018153,ok,1.0,1.0,1.0,-,-,1,0,0
PK10_510020867,ok,1.0,1.0,1.0,-,-,1,0,0
PK10_510021939,ok,0.5,1.0,0.67,R04,-,1,1,0
PK10_510021960,ok,1.0,1.0,1.0,-,-,1,0,0
PK10_510035922,ok,1.0,1.0,1.0,-,-,0,0,0
PK10_610016309,ok,1.0,1.0,1.0,-,-,1,0,0
PK10_610016311,ok,1.0,1.0,1.0,-,-,1,0,0
PK10_610087065,ok,1.0,1.0,1.0,-,-,1,0,0
PL10_331000028,ok,1.0,1.0,1.0,-,-,0,0,0
PL10_331000029,ok,1.0,1.0,1.0,-,-,0,0,0
PL10_331000049,ok,1.0,1.0,1.0,-,-,1,0,0
PL10_331000070,ok,1.0,1.0,1.0,-,-,0,0,0
PL10_331000115,ok,1.0,1.0,1.0,-,-,1,0,0
PL10_331000151,ok,0.0,1.0,0.0,R12,-,0,1,0
PL10_331000238,ok,1.0,1.0,1.0,-,-,0,0,0
PL10_331000240,ok,1.0,1.0,1.0,-,-,0,0,0
PL10_331000301,ok,1.0,1.0,1.0,-,-,0,0,0
PL10_331000533,ok,1.0,1.0,1.0,-,-,0,0,0
PL10_331000608,ok,1.0,1.0,1.0,-,-,1,0,0
PL10_331000612,ok,1.0,1.0,1.0,-,-,0,0,0
PL10_331000687,ok,1.0,1.0,1.0,-,-,0,0,0
PL10_331000880,ok,0.0,1.0,0.0,R05,-,0,1,0
PL10_331000888,ok,0.0,1.0,0.0,"R06,R07",-,0,2,0
PL10_331000892,ok,0.0,1.0,0.0,"R06,R07",-,0,2,0
PL10_331001030,ok,1.0,1.0,1.0,-,-,1,0,0
PL10_331001115,ok,0.0,1.0,0.0,"R06,R07",-,0,2,0
PL10_331001116,ok,1.0,1.0,1.0,-,-,0,0,0
PL10_331001198,ok,0.0,1.0,0.0,R07,-,0,1,0
PL10_331001201,ok,0.0,0.0,0.0,"R06,R07",R12,0,2,1
PL10_331001211,ok,1.0,1.0,1.0,-,-,0,0,0
PL10_331001279,ok,1.0,1.0,1.0,-,-,0,0,0
PL10_331001325,ok,1.0,0.0,0.0,-,R12,0,0,1
PL10_331001363,ok,1.0,1.0,1.0,-,-,0,0,0
PL10_331001412,ok,1.0,1.0,1.0,-,-,1,0,0
PL10_331001465,ok,1.0,1.0,1.0,-,-,0,0,0
PL10_331001472,ok,1.0,1.0,1.0,-,-,0,0,0
PL10_331001473,ok,1.0,1.0,1.0,-,-,0,0,0
PL10_331001520,ok,1.0,1.0,1.0,-,-,0,0,0
PL10_331001528,ok,1.0,1.0,1.0,-,-,0,0,0
PL10_331001532,ok,0.0,0.0,0.0,R07,R05,0,1,1
PL10_331001550,ok,1.0,1.0,1.0,-,-,1,0,0
PL10_331001565,ok,1.0,1.0,1.0,-,-,0,0,0
PL10_331001566,ok,1.0,0.0,0.0,-,R05,0,0,1
PL10_331001585,ok,1.0,1.0,1.0,-,-,0,0,0
PL10_331001609,ok,1.0,1.0,1.0,-,-,1,0,0
PL10_331001655,ok,1.0,1.0,1.0,-,-,0,0,0
PL10_331001656,ok,1.0,1.0,1.0,-,-,0,0,0
PL10_331001676,ok,1.0,1.0,1.0,-,-,0,0,0
PL10_331001677,ok,1.0,1.0,1.0,-,-,0,0,0
PL10_331001678,ok,1.0,1.0,1.0,-,-,0,0,0
PL10_331001679,ok,1.0,1.0,1.0,-,-,0,0,0
PL10_331001683,ok,1.0,1.0,1.0,-,-,0,0,0
PL10_331001734,ok,1.0,1.0,1.0,-,-,0,0,0
PL10_331001739,ok,1.0,1.0,1.0,-,-,0,0,0
PL10_331001757,ok,1.0,1.0,1.0,-,-,0,0,0
PL10_331001775,ok,1.0,1.0,1.0,-,-,0,0,0
PL10_331001782,ok,1.0,1.0,1.0,-,-,1,0,0
PL10_331001791,ok,0.0,1.0,0.0,R05,-,0,1,0
PL10_331001841,ok,1.0,1.0,1.0,-,-,0,0,0
PL10_331001853,ok,1.0,1.0,1.0,-,-,0,0,0
PL10_331001857,ok,1.0,1.0,1.0,-,-,0,0,0
PL10_331001859,ok,1.0,1.0,1.0,-,-,0,0,0
PL10_331001860,ok,1.0,1.0,1.0,-,-,0,0,0
PL10_331001868,ok,1.0,1.0,1.0,-,-,0,0,0
PL10_331001873,ok,1.0,1.0,1.0,-,-,0,0,0
PL10_331001874,ok,1.0,1.0,1.0,-,-,0,0,0
PL10_331001875,ok,1.0,1.0,1.0,-,-,0,0,0
PL10_331001876,ok,1.0,1.0,1.0,-,-,0,0,0
PL10_331001877,ok,1.0,1.0,1.0,-,-,0,0,0
PL10_510000606,ok,1.0,1.0,1.0,-,-,0,0,0
PL10_510016459,ok,1.0,1.0,1.0,-,-,1,0,0
PL10_510025519,ok,1.0,1.0,1.0,-,-,3,0,0
PL10_510026185,ok,1.0,1.0,1.0,-,-,1,0,0
PL10_510026694,ok,1.0,1.0,1.0,-,-,1,0,0
PL10_510029258,ok,1.0,1.0,1.0,-,-,0,0,0
PL10_510029345,ok,1.0,1.0,1.0,-,-,0,0,0
PL10_510031826,ok,1.0,1.0,1.0,-,-,0,0,0
PL10_510031830,ok,1.0,1.0,1.0,-,-,0,0,0
PL10_510035521,ok,1.0,1.0,1.0,-,-,1,0,0
PL10_510035952,ok,1.0,1.0,1.0,-,-,0,0,0
PL10_510035954,ok,1.0,1.0,1.0,-,-,0,0,0
PL10_510035956,ok,1.0,1.0,1.0,-,-,0,0,0
PL10_510035958,ok,1.0,1.0,1.0,-,-,0,0,0
PL10_510035960,ok,1.0,1.0,1.0,-,-,0,0,0
PL10_510035962,ok,1.0,1.0,1.0,-,-,0,0,0
PL10_510039295,ok,1.0,1.0,1.0,-,-,0,0,0
PL10_510039806,ok,1.0,1.0,1.0,-,-,0,0,0
PL10_510039902,ok,1.0,1.0,1.0,-,-,0,0,0
PL10_510040531,ok,1.0,1.0,1.0,-,-,1,0,0
PL10_510096261,ok,1.0,1.0,1.0,-,-,1,0,0
PL10_510096686,ok,1.0,1.0,1.0,-,-,1,0,0
PL10_510109203,ok,1.0,1.0,1.0,-,-,1,0,0
PL10_510127187,ok,1.0,1.0,1.0,-,-,1,0,0
PL10_510127188,ok,1.0,1.0,1.0,-,-,1,0,0
PL10_510129094,ok,1.0,1.0,1.0,-,-,1,0,0
PL10_510130782,ok,1.0,1.0,1.0,-,-,1,0,0
PL10_520000612,ok,1.0,1.0,1.0,-,-,3,0,0
PL10_520000615,ok,1.0,0.0,0.0,-,"R13,R14,R16",0,0,3
PL10_520000666,ok,1.0,1.0,1.0,-,-,3,0,0
PL10_520000741,ok,1.0,1.0,1.0,-,-,3,0,0
PL10_520000780,ok,1.0,1.0,1.0,-,-,3,0,0
PL10_520000782,ok,1.0,0.0,0.0,-,"R13,R14,R16",0,0,3
PL10_520000784,ok,1.0,1.0,1.0,-,-,3,0,0
PL10_520000786,ok,1.0,0.0,0.0,-,"R13,R14,R16",0,0,3
PL10_520000938,ok,1.0,0.0,0.0,-,"R13,R14,R16",0,0,3
PL10_520001057,ok,1.0,1.0,1.0,-,-,3,0,0
PL10_520001276,ok,1.0,0.0,0.0,-,"R13,R14,R16",0,0,3
PL10_520001485,ok,1.0,1.0,1.0,-,-,3,0,0
PL10_520001593,ok,1.0,1.0,1.0,-,-,3,0,0
PL10_520001629,ok,1.0,0.0,0.0,-,"R13,R14,R16",0,0,3
PL10_520001631,ok,1.0,1.0,1.0,-,-,3,0,0
PL10_520001687,ok,1.0,1.0,1.0,-,-,3,0,0
PL10_520003114,ok,1.0,1.0,1.0,-,-,3,0,0
PL10_520003118,ok,1.0,0.0,0.0,-,"R13,R14,R16",0,0,3
PL10_520003127,ok,1.0,1.0,1.0,-,-,3,0,0
PL10_520003137,ok,1.0,1.0,1.0,-,-,3,0,0
PL10_520003141,ok,1.0,1.0,1.0,-,-,3,0,0
PL10_520003149,ok,1.0,1.0,1.0,-,-,3,0,0
PL10_520003155,ok,1.0,1.0,1.0,-,-,3,0,0
PL10_520003161,ok,1.0,0.0,0.0,-,"R13,R14,R16",0,0,3
PL10_520003237,ok,1.0,0.0,0.0,-,"R13,R14,R16",0,0,3
PL10_520003239,ok,1.0,1.0,1.0,-,-,3,0,0
PL10_520003246,ok,1.0,0.0,0.0,-,"R13,R14,R16",0,0,3
PL10_520003262,ok,1.0,1.0,1.0,-,-,3,0,0
PL10_520003286,ok,1.0,1.0,1.0,-,-,3,0,0
PL10_520003291,ok,1.0,0.0,0.0,-,"R13,R14,R16",0,0,3
PL10_520003344,ok,1.0,0.0,0.0,-,"R13,R14,R16",0,0,3
PL10_520003412,ok,1.0,1.0,1.0,-,-,3,0,0
PL10_520003443,ok,1.0,1.0,1.0,-,-,3,0,0
PL10_520003445,ok,1.0,1.0,1.0,-,-,3,0,0
PL10_520003452,ok,1.0,1.0,1.0,-,-,3,0,0
PL10_520003469,ok,1.0,0.0,0.0,-,"R13,R14,R16",0,0,3
PL10_520003472,ok,1.0,0.0,0.0,-,"R13,R14,R16",0,0,3
PL10_520003621,ok,1.0,0.0,0.0,-,"R13,R14,R16",0,0,3
PL10_520003657,ok,1.0,1.0,1.0,-,-,3,0,0
PL10_520003674,ok,1.0,1.0,1.0,-,-,3,0,0
PL10_520004827,ok,1.0,0.25,0.4,-,"R03,R04,R27",1,0,3
PL10_520004867,ok,1.0,1.0,1.0,-,-,1,0,0
PL10_520004893,ok,1.0,0.0,0.0,-,"R13,R14,R16",0,0,3
PL10_520005716,ok,1.0,1.0,1.0,-,-,0,0,0
PL10_520005721,ok,1.0,1.0,1.0,-,-,0,0,0
PL10_520005728,ok,1.0,1.0,1.0,-,-,0,0,0
PL10_520005734,ok,1.0,1.0,1.0,-,-,0,0,0
PL10_520005741,ok,1.0,1.0,1.0,-,-,0,0,0
PL10_520005748,ok,1.0,1.0,1.0,-,-,0,0,0
PL10_520005755,ok,1.0,1.0,1.0,-,-,0,0,0
PL10_520006852,ok,1.0,1.0,1.0,-,-,3,0,0
PL10_520006855,ok,1.0,0.0,0.0,-,"R13,R14,R16",0,0,3
PL10_520006860,ok,1.0,1.0,1.0,-,-,3,0,0
PL10_520007147,ok,1.0,1.0,1.0,-,-,3,0,0
PL10_520007151,ok,1.0,0.0,0.0,-,"R13,R14,R16",0,0,3
PL10_520007156,ok,1.0,1.0,1.0,-,-,3,0,0
PL10_520007166,ok,1.0,0.0,0.0,-,"R13,R14,R16",0,0,3
PL10_520007269,ok,1.0,1.0,1.0,-,-,3,0,0
PL10_520007344,ok,1.0,0.0,0.0,-,"R13,R14,R16",0,0,3
PL10_520007346,ok,1.0,1.0,1.0,-,-,3,0,0
PL10_520007348,ok,1.0,1.0,1.0,-,-,3,0,0
PL10_520007350,ok,1.0,1.0,1.0,-,-,3,0,0
PL10_520007352,ok,1.0,0.0,0.0,-,"R13,R14,R16",0,0,3
PL10_520007388,ok,1.0,1.0,1.0,-,-,3,0,0
PL10_520007688,ok,1.0,1.0,1.0,-,-,3,0,0
PL10_520007696,ok,1.0,0.0,0.0,-,"R13,R14,R16",0,0,3
PL10_520007711,ok,1.0,1.0,1.0,-,-,3,0,0
PL10_520007717,ok,1.0,1.0,1.0,-,-,3,0,0
PL10_520007719,ok,1.0,1.0,1.0,-,-,3,0,0
PL10_520007721,ok,1.0,1.0,1.0,-,-,3,0,0
PL10_520007723,ok,1.0,0.0,0.0,-,"R13,R14,R16",0,0,3
PL10_520007725,ok,1.0,1.0,1.0,-,-,3,0,0
PL10_520007727,ok,1.0,1.0,1.0,-,-,3,0,0
PL10_520007729,ok,0.6,1.0,0.75,"R04,R15",-,3,2,0
PL10_520007930,ok,1.0,0.0,0.0,-,"R13,R14,R16",0,0,3
PL10_520007933,ok,1.0,1.0,1.0,-,-,3,0,0
PL10_520007939,ok,1.0,0.0,0.0,-,"R13,R14,R16",0,0,3
PL10_520007996,ok,1.0,1.0,1.0,-,-,3,0,0
PL10_520007999,ok,1.0,0.0,0.0,-,"R13,R14,R16",0,0,3
PL10_520008000,ok,1.0,0.0,0.0,-,"R13,R14,R16",0,0,3
PL10_520008003,ok,1.0,0.0,0.0,-,"R13,R14,R16",0,0,3
PL10_520008004,ok,1.0,1.0,1.0,-,-,3,0,0
PL10_520008006,ok,1.0,0.0,0.0,-,"R13,R14,R16",0,0,3
PL10_520008008,ok,1.0,0.0,0.0,-,"R13,R14,R16",0,0,3
PL10_520008010,ok,1.0,0.0,0.0,-,"R13,R14,R16",0,0,3
PL10_520008012,ok,1.0,0.0,0.0,-,"R13,R14,R16",0,0,3
PL10_520008125,ok,1.0,1.0,1.0,-,-,3,0,0
PL10_520008126,ok,1.0,1.0,1.0,-,-,3,0,0
PL10_520008128,ok,1.0,1.0,1.0,-,-,3,0,0
PL10_520008130,ok,1.0,0.0,0.0,-,"R13,R14,R16",0,0,3
PL10_520008132,ok,1.0,1.0,1.0,-,-,3,0,0
PL10_520008184,ok,1.0,0.0,0.0,-,"R13,R14,R16",0,0,3
PL10_520008188,ok,1.0,1.0,1.0,-,-,3,0,0
PL10_520008192,ok,1.0,1.0,1.0,-,-,3,0,0
PL10_520008195,ok,1.0,1.0,1.0,-,-,3,0,0
PL10_520008198,ok,1.0,0.0,0.0,-,"R13,R14,R16",0,0,3
PL10_520008383,ok,1.0,1.0,1.0,-,-,3,0,0
PL10_520008439,ok,1.0,1.0,1.0,-,-,3,0,0
PL10_520008575,ok,1.0,0.0,0.0,-,"R13,R14,R16",0,0,3
PL10_520008578,ok,1.0,0.0,0.0,-,"R13,R14,R16",0,0,3
PL10_520008942,ok,1.0,1.0,1.0,-,-,3,0,0
PL10_520009056,ok,1.0,0.0,0.0,-,"R13,R14,R16",0,0,3
PL10_520009061,ok,1.0,0.0,0.0,-,"R13,R14,R16",0,0,3
PL10_520009062,ok,1.0,0.0,0.0,-,"R13,R14,R16",0,0,3
PL10_520009065,ok,1.0,0.0,0.0,-,"R13,R14,R16",0,0,3
PL10_520009375,ok,1.0,1.0,1.0,-,-,3,0,0
PL10_520009377,ok,1.0,1.0,1.0,-,-,3,0,0
PL10_520009380,ok,1.0,0.0,0.0,-,"R13,R14,R16",0,0,3
PL10_520009414,ok,1.0,0.0,0.0,-,"R13,R14,R16",0,0,3
PL10_520009417,ok,1.0,0.0,0.0,-,"R13,R14,R16",0,0,3
PL10_520009557,ok,1.0,0.0,0.0,-,"R13,R14,R16",0,0,3
PL10_520010816,ok,1.0,1.0,1.0,-,-,3,0,0
PL10_520011222,ok,1.0,1.0,1.0,-,-,0,0,0
PL10_520011478,ok,1.0,0.0,0.0,-,"R13,R14,R16",0,0,3
PL10_520011727,ok,1.0,1.0,1.0,-,-,0,0,0
PL10_520012396,ok,1.0,1.0,1.0,-,-,0,0,0
PL10_520012832,ok,1.0,1.0,1.0,-,-,1,0,0
PL10_520012876,ok,1.0,1.0,1.0,-,-,0,0,0
PL10_520012879,ok,1.0,1.0,1.0,-,-,0,0,0
PL10_520012891,ok,1.0,1.0,1.0,-,-,0,0,0
PL10_520012895,ok,1.0,1.0,1.0,-,-,0,0,0
PL10_520012896,ok,1.0,1.0,1.0,-,-,0,0,0
PL10_520012901,ok,1.0,1.0,1.0,-,-,0,0,0
PL10_520013528,ok,1.0,1.0,1.0,-,-,0,0,0
PL10_520013535,ok,1.0,1.0,1.0,-,-,0,0,0
PL10_520013548,ok,1.0,1.0,1.0,-,-,0,0,0
PL10_520015367,ok,1.0,1.0,1.0,-,-,0,0,0
PL10_520016374,ok,0.0,1.0,0.0,R05,-,0,1,0
PL10_520016511,ok,0.0,1.0,0.0,R05,-,0,1,0
PL10_520016678,ok,1.0,1.0,1.0,-,-,1,0,0
PL10_520017607,ok,1.0,1.0,1.0,-,-,0,0,0
PL10_520018378,ok,1.0,0.0,0.0,-,"R13,R14,R16",0,0,3
PL10_520018936,ok,1.0,1.0,1.0,-,-,1,0,0
PL10_520019428,ok,0.0,1.0,0.0,R05,-,0,1,0
PL10_520019430,ok,0.0,1.0,0.0,R05,-,0,1,0
PL10_520019432,ok,0.0,1.0,0.0,R05,-,0,1,0
PL10_520019433,ok,0.0,1.0,0.0,R05,-,0,1,0
PL10_520019495,ok,1.0,1.0,1.0,-,-,3,0,0
PL10_520019499,ok,1.0,1.0,1.0,-,-,3,0,0
PL10_520019554,ok,0.0,1.0,0.0,R05,-,0,1,0
PL10_520019696,ok,0.0,1.0,0.0,R05,-,0,1,0
PL10_520019842,ok,1.0,1.0,1.0,-,-,3,0,0
PL10_520019907,ok,1.0,1.0,1.0,-,-,3,0,0
PL10_520020427,ok,1.0,1.0,1.0,-,-,3,0,0
PL10_520022690,ok,1.0,1.0,1.0,-,-,3,0,0
PL10_520024118,ok,1.0,1.0,1.0,-,-,3,0,0
PL10_520024308,ok,1.0,1.0,1.0,-,-,1,0,0
PL10_520025099,ok,1.0,1.0,1.0,-,-,2,0,0
PL10_520026360,ok,1.0,1.0,1.0,-,-,1,0,0
PL10_530000081,ok,1.0,1.0,1.0,-,-,0,0,0
PL10_530000106,ok,1.0,1.0,1.0,-,-,0,0,0
PL10_530000107,ok,1.0,1.0,1.0,-,-,0,0,0
PL10_530000109,ok,1.0,1.0,1.0,-,-,4,0,0
PL10_530000152,ok,1.0,1.0,1.0,-,-,0,0,0
PL10_530000206,ok,1.0,0.0,0.0,-,R05,0,0,1
PL10_530000225,ok,1.0,1.0,1.0,-,-,0,0,0
PL10_530000276,ok,1.0,1.0,1.0,-,-,1,0,0
PL10_530000295,ok,1.0,1.0,1.0,-,-,0,0,0
PL10_530000338,ok,1.0,1.0,1.0,-,-,0,0,0
PL10_530000383,ok,1.0,1.0,1.0,-,-,4,0,0
PL10_530000385,ok,1.0,1.0,1.0,-,-,0,0,0
PL10_530000400,ok,1.0,1.0,1.0,-,-,1,0,0
PL10_530000405,ok,1.0,1.0,1.0,-,-,1,0,0
PL10_530000462,ok,1.0,1.0,1.0,-,-,1,0,0
PL10_530000685,ok,1.0,1.0,1.0,-,-,0,0,0
PL10_530000689,ok,1.0,1.0,1.0,-,-,0,0,0
PL10_530000692,ok,1.0,1.0,1.0,-,-,1,0,0
PL10_530000726,ok,1.0,1.0,1.0,-,-,0,0,0
PL10_530000727,ok,1.0,1.0,1.0,-,-,0,0,0
PL10_530000728,ok,1.0,1.0,1.0,-,-,0,0,0
PL10_530000751,ok,1.0,1.0,1.0,-,-,0,0,0
PL10_530000794,ok,1.0,1.0,1.0,-,-,0,0,0
PL10_530001000,ok,1.0,1.0,1.0,-,-,0,0,0
PL10_530001001,ok,1.0,1.0,1.0,-,-,0,0,0
PL10_530001003,ok,1.0,1.0,1.0,-,-,0,0,0
PL10_530001015,ok,1.0,0.0,0.0,-,"R05,R27",0,0,2
PL10_530001058,ok,1.0,1.0,1.0,-,-,0,0,0
PL10_530001063,ok,1.0,1.0,1.0,-,-,0,0,0
PL10_530001101,ok,0.0,1.0,0.0,R05,-,0,1,0
PL10_530001186,ok,1.0,1.0,1.0,-,-,0,0,0
PL10_530001291,ok,1.0,1.0,1.0,-,-,0,0,0
PL10_530001317,ok,1.0,1.0,1.0,-,-,0,0,0
PL10_530001404,ok,1.0,1.0,1.0,-,-,0,0,0
PL10_530001484,ok,1.0,1.0,1.0,-,-,0,0,0
PL10_530001639,ok,1.0,1.0,1.0,-,-,1,0,0
PL10_530001714,ok,1.0,1.0,1.0,-,-,1,0,0
PL10_530001806,ok,1.0,1.0,1.0,-,-,1,0,0
PL10_530001811,ok,1.0,1.0,1.0,-,-,1,0,0
PL10_530001893,ok,1.0,1.0,1.0,-,-,0,0,0
PL10_530001895,ok,1.0,1.0,1.0,-,-,1,0,0
PL10_530001896,ok,1.0,1.0,1.0,-,-,0,0,0
PL10_530001897,ok,1.0,1.0,1.0,-,-,0,0,0
PL10_530001898,ok,1.0,1.0,1.0,-,-,0,0,0
PL10_530001899,ok,1.0,1.0,1.0,-,-,0,0,0
PL10_530001900,ok,1.0,1.0,1.0,-,-,0,0,0
PL10_530001910,ok,1.0,1.0,1.0,-,-,0,0,0
PL10_530001911,ok,1.0,1.0,1.0,-,-,0,0,0
PL10_530001918,ok,1.0,1.0,1.0,-,-,1,0,0
PL10_530001919,ok,1.0,1.0,1.0,-,-,1,0,0
PL10_530001925,ok,1.0,1.0,1.0,-,-,0,0,0
PL10_530002020,ok,1.0,1.0,1.0,-,-,0,0,0
PL10_530002049,ok,1.0,1.0,1.0,-,-,0,0,0
PL10_530002051,ok,1.0,1.0,1.0,-,-,1,0,0
PL10_530002060,ok,1.0,1.0,1.0,-,-,1,0,0
PL10_530002061,ok,1.0,1.0,1.0,-,-,1,0,0
PL10_530002793,ok,1.0,1.0,1.0,-,-,0,0,0
PL10_530002991,ok,1.0,1.0,1.0,-,-,0,0,0
PL10_530003246,ok,1.0,1.0,1.0,-,-,1,0,0
PL10_530003249,ok,1.0,1.0,1.0,-,-,0,0,0
PL10_530003250,ok,1.0,1.0,1.0,-,-,0,0,0
PL10_530003251,ok,1.0,1.0,1.0,-,-,0,0,0
PL10_530003278,ok,1.0,1.0,1.0,-,-,1,0,0
PL10_530003365,ok,1.0,1.0,1.0,-,-,0,0,0
PL10_530003516,ok,1.0,0.0,0.0,-,"R03,R04,R27",0,0,3
PL10_530003572,ok,1.0,1.0,1.0,-,-,0,0,0
PL10_530003590,ok,1.0,1.0,1.0,-,-,1,0,0
PL10_530004395,ok,1.0,1.0,1.0,-,-,1,0,0
PL10_530004925,ok,1.0,1.0,1.0,-,-,0,0,0
PL10_530004990,ok,1.0,1.0,1.0,-,-,0,0,0
PL10_530005572,ok,1.0,1.0,1.0,-,-,0,0,0
PL10_530005606,ok,1.0,1.0,1.0,-,-,0,0,0
PL10_530005633,ok,1.0,1.0,1.0,-,-,1,0,0
PL10_530005867,ok,1.0,0.0,0.0,-,R05,0,0,1
PL10_530006144,ok,1.0,1.0,1.0,-,-,0,0,0
PL10_530006381,ok,1.0,1.0,1.0,-,-,0,0,0
PL10_530006443,ok,1.0,1.0,1.0,-,-,1,0,0
PL10_530006531,ok,1.0,1.0,1.0,-,-,0,0,0
PL10_530006541,ok,1.0,1.0,1.0,-,-,1,0,0
PL10_530006575,ok,1.0,0.0,0.0,-,R05,0,0,1
PL10_530007002,ok,1.0,1.0,1.0,-,-,1,0,0
PL10_530007014,ok,1.0,1.0,1.0,-,-,0,0,0
PL10_530007191,ok,1.0,1.0,1.0,-,-,1,0,0
PL10_530007291,ok,1.0,1.0,1.0,-,-,0,0,0
PL10_530007320,ok,1.0,1.0,1.0,-,-,3,0,0
PL10_530007324,ok,1.0,1.0,1.0,-,-,0,0,0
PL10_530007451,ok,1.0,1.0,1.0,-,-,1,0,0
PL10_530007456,ok,1.0,1.0,1.0,-,-,0,0,0
PL10_530007648,ok,1.0,1.0,1.0,-,-,0,0,0
PL10_530007676,ok,1.0,1.0,1.0,-,-,0,0,0
PL10_530007970,ok,1.0,1.0,1.0,-,-,1,0,0
PL10_530007976,ok,1.0,1.0,1.0,-,-,0,0,0
PL10_530007983,ok,1.0,1.0,1.0,-,-,0,0,0
PL10_530008031,ok,1.0,1.0,1.0,-,-,0,0,0
PL10_530008337,ok,1.0,1.0,1.0,-,-,1,0,0
PL10_530008338,ok,1.0,1.0,1.0,-,-,1,0,0
PL10_530008339,ok,1.0,1.0,1.0,-,-,1,0,0
PL10_530008905,ok,1.0,1.0,1.0,-,-,0,0,0
PL10_530008996,ok,1.0,1.0,1.0,-,-,0,0,0
PL10_530009116,ok,1.0,1.0,1.0,-,-,0,0,0
PL10_530009129,ok,0.0,1.0,0.0,R05,-,0,1,0
PL10_530009154,ok,1.0,0.67,0.8,-,R04,2,0,1
PL10_530009366,ok,1.0,1.0,1.0,-,-,1,0,0
PL10_530009633,ok,1.0,1.0,1.0,-,-,1,0,0
PL10_530009753,ok,1.0,1.0,1.0,-,-,0,0,0
PL10_530009767,ok,1.0,1.0,1.0,-,-,1,0,0
PL10_530009900,ok,1.0,1.0,1.0,-,-,1,0,0
PL10_530010225,ok,1.0,1.0,1.0,-,-,0,0,0
PL10_530010612,ok,1.0,1.0,1.0,-,-,0,0,0
PL10_530010809,ok,1.0,1.0,1.0,-,-,3,0,0
PL10_530010911,ok,1.0,1.0,1.0,-,-,1,0,0
PL10_530010994,ok,1.0,1.0,1.0,-,-,1,0,0
PL10_530011000,ok,1.0,1.0,1.0,-,-,1,0,0
PL10_530011021,ok,1.0,1.0,1.0,-,-,0,0,0
PL10_530011024,ok,1.0,1.0,1.0,-,-,0,0,0
PL10_530011078,ok,1.0,1.0,1.0,-,-,0,0,0
PL10_530011219,ok,1.0,0.0,0.0,-,R05,0,0,1
PL10_530011261,ok,1.0,1.0,1.0,-,-,0,0,0
PL10_530011331,ok,1.0,1.0,1.0,-,-,0,0,0
PL10_530011354,ok,1.0,1.0,1.0,-,-,0,0,0
PL10_530011418,ok,1.0,1.0,1.0,-,-,0,0,0
PL10_530011566,ok,1.0,1.0,1.0,-,-,1,0,0
PL10_530011615,ok,1.0,0.25,0.4,-,"R03,R04,R27",1,0,3
PL10_530011642,ok,1.0,1.0,1.0,-,-,0,0,0
PL10_530011740,ok,1.0,0.0,0.0,-,"R03,R04,R27",0,0,3
PL10_530011769,ok,1.0,1.0,1.0,-,-,0,0,0
PL10_530012007,ok,1.0,1.0,1.0,-,-,1,0,0
PL10_530012222,ok,1.0,1.0,1.0,-,-,0,0,0
PL10_530012369,ok,1.0,1.0,1.0,-,-,0,0,0
PL10_530012402,ok,1.0,1.0,1.0,-,-,1,0,0
PL10_530012551,ok,1.0,1.0,1.0,-,-,1,0,0
PL10_530012729,ok,1.0,1.0,1.0,-,-,1,0,0
PL10_530012810,ok,1.0,1.0,1.0,-,-,0,0,0
PL10_530012897,ok,1.0,1.0,1.0,-,-,1,0,0
PL10_530013087,ok,1.0,1.0,1.0,-,-,1,0,0
PL10_530013088,ok,1.0,1.0,1.0,-,-,1,0,0
PL10_530013121,ok,1.0,1.0,1.0,-,-,1,0,0
PL10_530013158,ok,1.0,1.0,1.0,-,-,0,0,0
PL10_530013226,ok,1.0,1.0,1.0,-,-,0,0,0
PL10_530013354,ok,1.0,1.0,1.0,-,-,1,0,0
PL10_530013447,ok,1.0,1.0,1.0,-,-,4,0,0
PL10_530013499,ok,1.0,1.0,1.0,-,-,1,0,0
PL10_530013577,ok,1.0,1.0,1.0,-,-,0,0,0
PL10_530013709,ok,1.0,1.0,1.0,-,-,0,0,0
PL10_610039487,ok,1.0,1.0,1.0,-,-,0,0,0
PL10_610414448,ok,1.0,1.0,1.0,-,-,1,0,0
PL16_510000045,ok,1.0,1.0,1.0,-,-,1,0,0
PL16_510001282,ok,1.0,1.0,1.0,-,-,0,0,0
PL16_510002802,ok,1.0,1.0,1.0,-,-,5,0,0
PL16_510002914,ok,1.0,1.0,1.0,-,-,4,0,0
PL16_510003537,ok,1.0,1.0,1.0,-,-,0,0,0
PL16_510003870,ok,1.0,1.0,1.0,-,-,4,0,0
PL16_510003881,ok,1.0,0.5,0.67,-,"R13,R16",2,0,2
PL16_510007176,ok,1.0,1.0,1.0,-,-,0,0,0
PL16_510008563,ok,1.0,1.0,1.0,-,-,0,0,0
PL16_510008932,ok,1.0,0.6,0.75,-,"R13,R16",3,0,2
PL16_510009006,ok,1.0,0.6,0.75,-,"R13,R16",3,0,2
PL16_510009007,ok,1.0,0.6,0.75,-,"R13,R16",3,0,2
PL16_510012441,ok,1.0,1.0,1.0,-,-,0,0,0
PL16_510012442,ok,1.0,1.0,1.0,-,-,0,0,0
PL16_510012877,ok,1.0,1.0,1.0,-,-,0,0,0
PL16_520006660,ok,1.0,1.0,1.0,-,-,1,0,0
PL33_331000080,ok,1.0,1.0,1.0,-,-,0,0,0
PL33_331000144,ok,1.0,1.0,1.0,-,-,0,0,0
PL33_331000340,ok,1.0,1.0,1.0,-,-,0,0,0
PL33_331000341,ok,1.0,1.0,1.0,-,-,0,0,0
PL33_331000408,ok,1.0,1.0,1.0,-,-,0,0,0
PL33_331000409,ok,1.0,1.0,1.0,-,-,0,0,0
PL33_331000467,ok,1.0,0.0,0.0,-,R05,0,0,1
PL33_331000475,ok,1.0,1.0,1.0,-,-,0,0,0
PL33_331000476,ok,1.0,0.0,0.0,-,R05,0,0,1
PL33_331000522,ok,1.0,1.0,1.0,-,-,2,0,0
PL33_331000546,ok,1.0,1.0,1.0,-,-,1,0,0
PL33_331000590,ok,1.0,1.0,1.0,-,-,0,0,0
PL33_331000591,ok,1.0,1.0,1.0,-,-,0,0,0
PL33_331000592,ok,0.0,1.0,0.0,"R03,R04,R05",-,0,3,0
PL33_510000207,ok,1.0,0.25,0.4,-,"R13,R14,R16",1,0,3
PL33_510000532,ok,1.0,0.25,0.4,-,"R13,R14,R16",1,0,3
PL33_510000665,ok,1.0,1.0,1.0,-,-,3,0,0
PL33_510000672,ok,1.0,1.0,1.0,-,-,3,0,0
PL33_510000901,ok,1.0,1.0,1.0,-,-,3,0,0
PL33_510000905,ok,1.0,0.0,0.0,-,"R13,R14,R16",0,0,3
PL33_510001535,ok,1.0,1.0,1.0,-,-,1,0,0
PL33_510001857,ok,1.0,1.0,1.0,-,-,3,0,0
PL33_510001894,ok,1.0,1.0,1.0,-,-,3,0,0
PL33_510003492,ok,1.0,1.0,1.0,-,-,1,0,0
PL33_510003494,ok,1.0,1.0,1.0,-,-,1,0,0
PL33_520001978,ok,1.0,1.0,1.0,-,-,4,0,0
PL33_520006959,ok,1.0,1.0,1.0,-,-,1,0,0
PL33_520006996,ok,1.0,1.0,1.0,-,-,0,0,0
PL33_520008797,ok,1.0,1.0,1.0,-,-,0,0,0
PL33_520009477,ok,1.0,1.0,1.0,-,-,1,0,0
PT10_1500000009,ok,1.0,1.0,1.0,-,-,1,0,0
PT10_1500000017,ok,0.0,0.0,0.0,R07,R06,0,1,1
PT10_1500000018,ok,1.0,1.0,1.0,-,-,0,0,0
PT10_1500000022,ok,1.0,1.0,1.0,-,-,1,0,0
PT10_510031748,ok,1.0,1.0,1.0,-,-,1,0,0
PT10_510031826,ok,1.0,1.0,1.0,-,-,1,0,0
PT10_610040981,ok,1.0,1.0,1.0,-,-,0,0,0
PT10_610046399,ok,1.0,0.33,0.5,-,"R13,R16",1,0,2
PT10_610046400,ok,1.0,1.0,1.0,-,-,3,0,0
PT10_610347270,ok,1.0,0.33,0.5,-,"R13,R16",1,0,2
PT10_610347271,ok,1.0,0.33,0.5,-,"R13,R16",1,0,2
PT10_610347272,ok,1.0,1.0,1.0,-,-,3,0,0
PT10_610347278,ok,1.0,1.0,1.0,-,-,3,0,0
PT24_1500000000,ok,1.0,1.0,1.0,-,-,0,0,0
PT24_1500000001,ok,1.0,1.0,1.0,-,-,0,0,0
PT24_1500000006,ok,1.0,1.0,1.0,-,-,0,0,0
PT24_1500000007,ok,1.0,1.0,1.0,-,-,0,0,0
PT24_1500000012,ok,1.0,1.0,1.0,-,-,0,0,0
PT24_1500000013,ok,1.0,1.0,1.0,-,-,0,0,0
PT24_1500000014,ok,1.0,1.0,1.0,-,-,0,0,0
PT24_1500000015,ok,1.0,1.0,1.0,-,-,0,0,0
PT24_1500000016,ok,1.0,1.0,1.0,-,-,0,0,0
PT24_1500000017,ok,1.0,1.0,1.0,-,-,0,0,0
PY12_5100000062,ok,1.0,1.0,1.0,-,-,1,0,0
PY12_5100000087,ok,1.0,1.0,1.0,-,-,0,0,0
PY12_5100000088,ok,1.0,1.0,1.0,-,-,0,0,0
QA11_510000045,ok,1.0,1.0,1.0,-,-,1,0,0
RO10_510014565,ok,1.0,1.0,1.0,-,-,0,0,0
RO10_510014566,ok,1.0,1.0,1.0,-,-,0,0,0
RO10_510014567,ok,1.0,1.0,1.0,-,-,0,0,0
RO10_510016336,ok,1.0,1.0,1.0,-,-,0,0,0
RO10_510019564,ok,1.0,0.0,0.0,-,"R13,R16",0,0,2
RO10_510019565,ok,1.0,0.0,0.0,-,"R13,R16",0,0,2
RO10_510024868,ok,1.0,1.0,1.0,-,-,1,0,0
RO10_510025331,ok,1.0,1.0,1.0,-,-,0,0,0
RO10_510027758,ok,1.0,1.0,1.0,-,-,2,0,0
RO10_510027783,ok,1.0,0.0,0.0,-,"R13,R16",0,0,2
RO10_530000058,ok,1.0,0.0,0.0,-,R05,0,0,1
RO10_530000075,ok,0.5,1.0,0.67,R06,-,1,1,0
RO10_530000080,ok,0.5,1.0,0.67,R06,-,1,1,0
RO10_530000083,ok,0.5,1.0,0.67,R06,-,1,1,0
RO10_530000087,ok,0.5,1.0,0.67,R06,-,1,1,0
RO10_530000089,ok,0.33,1.0,0.5,"R06,R07",-,1,2,0
RO10_530000093,ok,0.5,1.0,0.67,R06,-,1,1,0
RO10_530000110,ok,1.0,1.0,1.0,-,-,0,0,0
RO10_530000114,ok,1.0,1.0,1.0,-,-,0,0,0
RO10_530000115,ok,1.0,1.0,1.0,-,-,0,0,0
RO10_530000116,ok,1.0,1.0,1.0,-,-,0,0,0
RO10_530000155,ok,1.0,1.0,1.0,-,-,1,0,0
RO10_530000156,ok,1.0,1.0,1.0,-,-,1,0,0
RO10_530000159,ok,1.0,1.0,1.0,-,-,1,0,0
RO10_530000402,ok,1.0,1.0,1.0,-,-,0,0,0
RO10_530000859,ok,1.0,0.0,0.0,-,"R03,R04,R27",0,0,3
RO10_530000860,ok,1.0,0.0,0.0,-,"R03,R04,R27",0,0,3
RO10_530000932,ok,1.0,1.0,1.0,-,-,0,0,0
RO10_530000933,ok,1.0,1.0,1.0,-,-,0,0,0
RO10_530000934,ok,1.0,1.0,1.0,-,-,0,0,0
RO10_530000935,ok,1.0,1.0,1.0,-,-,0,0,0
RO10_530000954,ok,1.0,1.0,1.0,-,-,0,0,0
RO10_530001040,ok,1.0,1.0,1.0,-,-,0,0,0
RO10_530001070,ok,1.0,1.0,1.0,-,-,1,0,0
RO10_530001138,ok,1.0,1.0,1.0,-,-,3,0,0
RS10_510011318,ok,1.0,1.0,1.0,-,-,1,0,0
RS10_510016147,ok,1.0,1.0,1.0,-,-,1,0,0
RS10_510017477,ok,1.0,1.0,1.0,-,-,1,0,0
RS10_530000373,ok,1.0,1.0,1.0,-,-,0,0,0
RS10_530000375,ok,1.0,1.0,1.0,-,-,0,0,0
RS10_530001429,ok,1.0,1.0,1.0,-,-,0,0,0
RS10_530001432,ok,1.0,1.0,1.0,-,-,0,0,0
RS10_530001433,ok,1.0,1.0,1.0,-,-,0,0,0
RS10_530001435,ok,1.0,1.0,1.0,-,-,0,0,0
RS10_530001436,ok,1.0,1.0,1.0,-,-,0,0,0
SA11_510001012,ok,1.0,1.0,1.0,-,-,0,0,0
SA11_510001528,ok,1.0,1.0,1.0,-,-,0,0,0
SA11_510001540,ok,1.0,1.0,1.0,-,-,0,0,0
SA11_510001542,ok,1.0,1.0,1.0,-,-,0,0,0
SA11_510003645,ok,1.0,1.0,1.0,-,-,4,0,0
SA11_510005015,ok,1.0,1.0,1.0,-,-,0,0,0
SA11_510006508,ok,1.0,1.0,1.0,-,-,0,0,0
SA11_510008209,ok,1.0,1.0,1.0,-,-,0,0,0
SA11_510008211,ok,1.0,1.0,1.0,-,-,0,0,0
SA11_510011301,ok,1.0,1.0,1.0,-,-,0,0,0
SA11_510011302,ok,1.0,1.0,1.0,-,-,0,0,0
SA11_510011305,ok,1.0,1.0,1.0,-,-,0,0,0
SA11_510011565,ok,1.0,1.0,1.0,-,-,0,0,0
SA11_510011763,ok,1.0,1.0,1.0,-,-,0,0,0
SA11_510011765,ok,1.0,1.0,1.0,-,-,0,0,0
SA11_510011778,ok,1.0,1.0,1.0,-,-,0,0,0
SA11_510012615,ok,1.0,1.0,1.0,-,-,0,0,0
SA11_610001830,ok,1.0,1.0,1.0,-,-,1,0,0
SA11_610029335,ok,1.0,1.0,1.0,-,-,1,0,0
SA17_510000495,ok,1.0,1.0,1.0,-,-,3,0,0
SA17_510000497,ok,1.0,1.0,1.0,-,-,4,0,0
SA17_510002779,ok,1.0,1.0,1.0,-,-,1,0,0
SA17_510002848,ok,1.0,1.0,1.0,-,-,3,0,0
SA17_510003967,ok,1.0,0.5,0.67,-,R12,1,0,1
SA17_510004303,ok,1.0,1.0,1.0,-,-,3,0,0
SA17_510004307,ok,1.0,1.0,1.0,-,-,3,0,0
SA17_510004379,ok,1.0,1.0,1.0,-,-,3,0,0
SA17_510004578,ok,1.0,1.0,1.0,-,-,1,0,0
SA17_510005151,ok,1.0,0.5,0.67,-,R06,1,0,1
SA17_510005688,ok,1.0,1.0,1.0,-,-,2,0,0
SA17_510005898,ok,1.0,1.0,1.0,-,-,1,0,0
SA17_510006404,ok,1.0,1.0,1.0,-,-,1,0,0
SA17_510006641,ok,1.0,0.0,0.0,-,"R06,R12",0,0,2
SA17_510006644,ok,1.0,0.0,0.0,-,"R01,R06,R07",0,0,3
SA17_510007424,ok,1.0,1.0,1.0,-,-,1,0,0
SA17_510008455,ok,1.0,1.0,1.0,-,-,1,0,0
SA17_510008458,ok,1.0,1.0,1.0,-,-,1,0,0
SA17_510008459,ok,1.0,1.0,1.0,-,-,1,0,0
SA17_510008463,ok,1.0,1.0,1.0,-,-,1,0,0
SA17_510008464,ok,1.0,1.0,1.0,-,-,1,0,0
SA17_510008466,ok,1.0,1.0,1.0,-,-,1,0,0
SA17_510008467,ok,1.0,1.0,1.0,-,-,1,0,0
SA17_510008522,ok,1.0,1.0,1.0,-,-,1,0,0
SA17_510008552,ok,1.0,1.0,1.0,-,-,1,0,0
SA17_510008771,ok,1.0,1.0,1.0,-,-,1,0,0
SA17_510008912,ok,1.0,1.0,1.0,-,-,1,0,0
SA17_510009123,ok,1.0,1.0,1.0,-,-,1,0,0
SA17_510009929,ok,1.0,1.0,1.0,-,-,1,0,0
SA17_510010376,ok,1.0,1.0,1.0,-,-,1,0,0
SA17_510010378,ok,1.0,1.0,1.0,-,-,1,0,0
SA17_510010380,ok,1.0,1.0,1.0,-,-,1,0,0
SA17_510012665,ok,1.0,1.0,1.0,-,-,1,0,0
SA20_510001608,ok,1.0,1.0,1.0,-,-,0,0,0
SA20_510001745,ok,1.0,1.0,1.0,-,-,0,0,0
SA21_510000147,ok,1.0,0.0,0.0,-,R05,0,0,1
SA21_510000148,ok,1.0,1.0,1.0,-,-,0,0,0
SE16_510012261,ok,1.0,1.0,1.0,-,-,1,0,0
SG12_510000239,ok,1.0,1.0,1.0,-,-,1,0,0
SG12_510000948,ok,1.0,1.0,1.0,-,-,1,0,0
SG12_510001184,ok,1.0,1.0,1.0,-,-,1,0,0
SG12_610005085,ok,1.0,1.0,1.0,-,-,1,0,0
SG23_510001525,ok,1.0,1.0,1.0,-,-,1,0,0
SG23_510002085,ok,1.0,1.0,1.0,-,-,1,0,0
SG23_510002089,ok,1.0,1.0,1.0,-,-,1,0,0
SG23_510002090,ok,1.0,1.0,1.0,-,-,1,0,0
SG23_610001266,ok,1.0,1.0,1.0,-,-,1,0,0
SI11_510002835,ok,1.0,0.33,0.5,-,"R13,R16",1,0,2
SK10_510000169,ok,1.0,1.0,1.0,-,-,0,0,0
SK10_510000457,ok,1.0,1.0,1.0,-,-,0,0,0
SK10_510000461,ok,1.0,1.0,1.0,-,-,0,0,0
SK10_510000506,ok,1.0,1.0,1.0,-,-,0,0,0
SK10_510000520,ok,1.0,1.0,1.0,-,-,0,0,0
SK10_510000524,ok,1.0,1.0,1.0,-,-,0,0,0
SK10_510000651,ok,1.0,1.0,1.0,-,-,1,0,0
SK10_510000723,ok,1.0,1.0,1.0,-,-,0,0,0
SK10_510000725,ok,1.0,1.0,1.0,-,-,0,0,0
SK10_510000726,ok,1.0,1.0,1.0,-,-,1,0,0
SK10_510000727,ok,1.0,1.0,1.0,-,-,1,0,0
SK10_510001000,ok,1.0,1.0,1.0,-,-,0,0,0
SK10_510001001,ok,1.0,1.0,1.0,-,-,1,0,0
SK10_510001187,ok,1.0,1.0,1.0,-,-,1,0,0
SK10_510001188,ok,0.0,1.0,0.0,R05,-,0,1,0
SK10_510001192,ok,1.0,1.0,1.0,-,-,1,0,0
SK10_510001193,ok,1.0,1.0,1.0,-,-,0,0,0
SK10_510001194,ok,1.0,1.0,1.0,-,-,0,0,0
SK10_510001197,ok,1.0,1.0,1.0,-,-,1,0,0
SK10_510001199,ok,1.0,1.0,1.0,-,-,1,0,0
SK10_510001219,ok,1.0,1.0,1.0,-,-,0,0,0
SK10_510001221,ok,1.0,1.0,1.0,-,-,1,0,0
SK10_510001222,ok,1.0,1.0,1.0,-,-,0,0,0
SK10_510001391,ok,1.0,1.0,1.0,-,-,1,0,0
SK10_510001719,ok,1.0,1.0,1.0,-,-,0,0,0
SK10_510001720,ok,1.0,1.0,1.0,-,-,0,0,0
SK10_510001721,ok,1.0,1.0,1.0,-,-,0,0,0
SK10_510001728,ok,0.0,1.0,0.0,"R04,R13,R16",-,0,3,0
SK10_510001863,ok,1.0,1.0,1.0,-,-,1,0,0
SK10_510002044,ok,1.0,1.0,1.0,-,-,1,0,0
SK10_510002187,ok,1.0,1.0,1.0,-,-,1,0,0
SK10_510003972,ok,1.0,1.0,1.0,-,-,0,0,0
SK10_510004452,ok,1.0,1.0,1.0,-,-,2,0,0
SK10_510005037,ok,1.0,1.0,1.0,-,-,1,0,0
SK10_510005267,ok,1.0,1.0,1.0,-,-,0,0,0
SK10_510007206,ok,1.0,1.0,1.0,-,-,0,0,0
SK10_510008209,ok,1.0,1.0,1.0,-,-,0,0,0
SK10_510009772,ok,1.0,1.0,1.0,-,-,0,0,0
SK10_510009774,ok,1.0,1.0,1.0,-,-,1,0,0
SK10_510010365,ok,1.0,0.0,0.0,-,R05,0,0,1
SK10_510010366,ok,1.0,0.0,0.0,-,R05,0,0,1
SK10_510010507,ok,1.0,1.0,1.0,-,-,0,0,0
SK10_510010510,ok,1.0,1.0,1.0,-,-,1,0,0
SK10_510010513,ok,1.0,1.0,1.0,-,-,1,0,0
SK10_510010514,ok,1.0,1.0,1.0,-,-,0,0,0
SK10_510010677,ok,1.0,1.0,1.0,-,-,1,0,0
SK10_510010678,ok,1.0,0.0,0.0,-,R05,0,0,1
SK10_510010684,ok,1.0,0.0,0.0,-,R05,0,0,1
SK10_510011071,ok,1.0,1.0,1.0,-,-,0,0,0
SK10_510011446,ok,0.0,1.0,0.0,R05,-,0,1,0
SK10_510011690,ok,1.0,1.0,1.0,-,-,1,0,0
SK10_510011786,ok,1.0,1.0,1.0,-,-,0,0,0
SK10_510011923,ok,1.0,1.0,1.0,-,-,1,0,0
SK10_510011925,ok,1.0,1.0,1.0,-,-,0,0,0
SK10_510014228,ok,1.0,1.0,1.0,-,-,0,0,0
SK10_510014229,ok,1.0,1.0,1.0,-,-,0,0,0
SK10_510014269,ok,1.0,1.0,1.0,-,-,1,0,0
SK10_510016030,ok,1.0,1.0,1.0,-,-,0,0,0
SK10_510017419,ok,1.0,1.0,1.0,-,-,0,0,0
SK10_510017920,ok,1.0,1.0,1.0,-,-,0,0,0
SK10_510018026,ok,1.0,1.0,1.0,-,-,0,0,0
SK10_510018178,ok,1.0,1.0,1.0,-,-,1,0,0
SK10_510019081,ok,1.0,1.0,1.0,-,-,0,0,0
SK10_510019326,ok,1.0,1.0,1.0,-,-,0,0,0
SK10_510019460,ok,1.0,1.0,1.0,-,-,0,0,0
SK10_510019488,ok,1.0,1.0,1.0,-,-,0,0,0
SK10_510019847,ok,1.0,1.0,1.0,-,-,1,0,0
SK10_510019966,ok,1.0,1.0,1.0,-,-,0,0,0
SK10_510020000,ok,1.0,1.0,1.0,-,-,1,0,0
SK10_510020002,ok,1.0,1.0,1.0,-,-,1,0,0
SK10_510020003,ok,1.0,1.0,1.0,-,-,1,0,0
SK10_510020730,ok,1.0,1.0,1.0,-,-,1,0,0
SK10_510020746,ok,1.0,1.0,1.0,-,-,0,0,0
SK10_510020748,ok,1.0,1.0,1.0,-,-,0,0,0
SK10_510020766,ok,1.0,1.0,1.0,-,-,1,0,0
SK10_510020972,ok,1.0,1.0,1.0,-,-,1,0,0
SK10_510020978,ok,1.0,1.0,1.0,-,-,1,0,0
SK10_510021068,ok,1.0,1.0,1.0,-,-,2,0,0
SK10_510022286,ok,0.0,1.0,0.0,R05,-,0,1,0
SK10_510022287,ok,1.0,1.0,1.0,-,-,1,0,0
SK10_510022288,ok,0.0,1.0,0.0,R05,-,0,1,0
SK10_510022412,ok,1.0,1.0,1.0,-,-,1,0,0
SV10_100000124,ok,1.0,1.0,1.0,-,-,2,0,0
SV10_100000127,ok,1.0,1.0,1.0,-,-,2,0,0
SV10_5100000353,ok,1.0,1.0,1.0,-,-,1,0,0
SV10_5100000365,ok,1.0,1.0,1.0,-,-,2,0,0
SV10_5100001325,ok,1.0,1.0,1.0,-,-,2,0,0
TH14_510000023,ok,1.0,1.0,1.0,-,-,0,0,0
TH14_510000059,ok,1.0,1.0,1.0,-,-,0,0,0
TH15_510000018,ok,1.0,1.0,1.0,-,-,0,0,0
TH15_510000024,ok,1.0,1.0,1.0,-,-,0,0,0
TH15_510000059,ok,1.0,1.0,1.0,-,-,0,0,0
TH17_510000193,ok,1.0,1.0,1.0,-,-,0,0,0
TH17_510000202,ok,1.0,1.0,1.0,-,-,0,0,0
TH17_510000515,ok,1.0,1.0,1.0,-,-,0,0,0
TH17_510000523,ok,1.0,1.0,1.0,-,-,0,0,0
TH18_510029684,ok,1.0,1.0,1.0,-,-,1,0,0
TH18_510029685,ok,1.0,1.0,1.0,-,-,0,0,0
TH18_510029686,ok,1.0,1.0,1.0,-,-,0,0,0
TH18_510070767,ok,1.0,1.0,1.0,-,-,1,0,0
TH18_510070768,ok,1.0,1.0,1.0,-,-,0,0,0
TR10_510006122,ok,1.0,1.0,1.0,-,-,3,0,0
TR10_510013896,ok,0.8,1.0,0.89,R04,-,4,1,0
TR10_510047043,ok,1.0,1.0,1.0,-,-,1,0,0
TR10_510047482,ok,1.0,1.0,1.0,-,-,4,0,0
TR10_510052087,ok,1.0,1.0,1.0,-,-,1,0,0
TR10_510055235,ok,1.0,1.0,1.0,-,-,5,0,0
TR10_510072496,ok,1.0,1.0,1.0,-,-,1,0,0
TR10_610002154,ok,1.0,1.0,1.0,-,-,4,0,0
TR10_610002156,ok,1.0,1.0,1.0,-,-,4,0,0
TR10_610005245,ok,1.0,1.0,1.0,-,-,0,0,0
TR10_610006075,ok,1.0,1.0,1.0,-,-,4,0,0
TR10_610018658,ok,1.0,1.0,1.0,-,-,1,0,0
TR10_610036493,ok,0.0,1.0,0.0,"R13,R16",-,0,2,0
TR10_610038039,ok,1.0,1.0,1.0,-,-,3,0,0
TR10_610067153,ok,1.0,1.0,1.0,-,-,4,0,0
TR10_610067237,ok,1.0,1.0,1.0,-,-,3,0,0
TR10_610103282,ok,1.0,1.0,1.0,-,-,4,0,0
TR17_510000965,ok,1.0,1.0,1.0,-,-,3,0,0
TR17_510004193,ok,1.0,1.0,1.0,-,-,0,0,0
TR17_610007406,ok,1.0,1.0,1.0,-,-,4,0,0
TT10_5100000358,ok,1.0,1.0,1.0,-,-,0,0,0
TT10_5100000359,ok,1.0,1.0,1.0,-,-,1,0,0
TT10_5100001584,ok,1.0,1.0,1.0,-,-,0,0,0
TT10_5100001596,ok,1.0,1.0,1.0,-,-,0,0,0
TT10_5100003047,ok,1.0,1.0,1.0,-,-,0,0,0
TT10_5100004561,ok,1.0,1.0,1.0,-,-,0,0,0
TT10_5100004562,ok,1.0,1.0,1.0,-,-,0,0,0
TT10_5100004563,ok,1.0,1.0,1.0,-,-,0,0,0
TT10_5100004564,ok,1.0,1.0,1.0,-,-,0,0,0
TT10_5100004569,ok,1.0,1.0,1.0,-,-,1,0,0
TT10_5100004571,ok,1.0,1.0,1.0,-,-,0,0,0
TT10_5100007839,ok,1.0,1.0,1.0,-,-,0,0,0
TT10_5100007840,ok,1.0,1.0,1.0,-,-,1,0,0
TT10_5100007842,ok,1.0,1.0,1.0,-,-,0,0,0
TT10_5100007843,ok,1.0,1.0,1.0,-,-,0,0,0
TT10_5100008122,ok,1.0,1.0,1.0,-,-,0,0,0
TT10_5100008424,ok,1.0,0.33,0.5,-,"R13,R16",1,0,2
TT10_5100010735,ok,1.0,1.0,1.0,-,-,0,0,0
TT10_5100010736,ok,1.0,1.0,1.0,-,-,0,0,0
TT10_5100010737,ok,1.0,1.0,1.0,-,-,0,0,0
TT10_5100010738,ok,1.0,1.0,1.0,-,-,0,0,0
TT10_5100010739,ok,1.0,1.0,1.0,-,-,1,0,0
TT10_6100012311,ok,1.0,0.5,0.67,-,R15,1,0,1
TW10_510000010,ok,1.0,1.0,1.0,-,-,0,0,0
TW10_510000012,ok,1.0,1.0,1.0,-,-,0,0,0
TW10_510000024,ok,1.0,1.0,1.0,-,-,0,0,0
TW10_510000036,ok,1.0,1.0,1.0,-,-,0,0,0
TW10_510000207,ok,0.5,1.0,0.67,R08,-,1,1,0
TW10_510000374,ok,1.0,1.0,1.0,-,-,0,0,0
TW10_510000735,ok,1.0,1.0,1.0,-,-,2,0,0
TW10_510000736,ok,1.0,1.0,1.0,-,-,2,0,0
TW10_510000737,ok,1.0,1.0,1.0,-,-,3,0,0
TW10_510000738,ok,1.0,1.0,1.0,-,-,2,0,0
TW10_510000739,ok,1.0,1.0,1.0,-,-,3,0,0
TW10_510001315,ok,1.0,1.0,1.0,-,-,0,0,0
TW10_510002010,ok,1.0,1.0,1.0,-,-,1,0,0
TW10_510002020,ok,1.0,1.0,1.0,-,-,0,0,0
TW10_510002021,ok,1.0,1.0,1.0,-,-,1,0,0
TW10_510002022,ok,1.0,1.0,1.0,-,-,1,0,0
TW10_510003687,ok,1.0,1.0,1.0,-,-,1,0,0
TW10_510003841,ok,1.0,1.0,1.0,-,-,0,0,0
TW10_510004101,ok,1.0,1.0,1.0,-,-,1,0,0
TW10_510004143,ok,1.0,1.0,1.0,-,-,1,0,0
TW10_510006565,ok,1.0,1.0,1.0,-,-,1,0,0
TW10_510006575,ok,1.0,1.0,1.0,-,-,1,0,0
TW10_510007950,ok,1.0,1.0,1.0,-,-,2,0,0
TW10_510009405,ok,1.0,1.0,1.0,-,-,0,0,0
TW10_510009438,ok,1.0,1.0,1.0,-,-,0,0,0
TW10_510009472,ok,1.0,1.0,1.0,-,-,0,0,0
TW10_510010054,ok,0.5,1.0,0.67,R04,-,1,1,0
TW10_510011230,ok,1.0,1.0,1.0,-,-,1,0,0
UA11_510003199,ok,0.0,0.0,0.0,R07,"R06,R15",0,1,2
UA11_510004524,ok,1.0,1.0,1.0,-,-,1,0,0
UA11_510005630,ok,0.0,0.0,0.0,R01,"R06,R07",0,1,2
UA11_510011422,ok,1.0,0.5,0.67,-,"R13,R16",2,0,2
UA11_510024069,ok,1.0,1.0,1.0,-,-,4,0,0
UA11_530000003,ok,1.0,1.0,1.0,-,-,0,0,0
UA11_530000007,ok,1.0,1.0,1.0,-,-,0,0,0
UA11_530000244,ok,1.0,1.0,1.0,-,-,0,0,0
UA11_530000264,ok,1.0,1.0,1.0,-,-,1,0,0
UA11_530000278,ok,1.0,1.0,1.0,-,-,0,0,0
UA11_530000281,ok,1.0,1.0,1.0,-,-,0,0,0
UA11_530000282,ok,1.0,1.0,1.0,-,-,0,0,0
UA11_530000485,ok,1.0,1.0,1.0,-,-,0,0,0
UA11_530000525,ok,1.0,1.0,1.0,-,-,0,0,0
UA11_530000536,ok,1.0,1.0,1.0,-,-,0,0,0
UA11_530000633,ok,1.0,1.0,1.0,-,-,0,0,0
UA11_530000634,ok,1.0,1.0,1.0,-,-,0,0,0
UA11_530000640,ok,1.0,1.0,1.0,-,-,0,0,0
UA11_530000642,ok,1.0,1.0,1.0,-,-,0,0,0
UA11_530000649,ok,1.0,1.0,1.0,-,-,0,0,0
UA11_530000650,ok,1.0,1.0,1.0,-,-,0,0,0
UA11_530000671,ok,1.0,1.0,1.0,-,-,0,0,0
UA11_530000705,ok,1.0,1.0,1.0,-,-,0,0,0
UA11_530000716,ok,1.0,1.0,1.0,-,-,0,0,0
UA11_530000723,ok,1.0,1.0,1.0,-,-,0,0,0
UA11_530000736,ok,1.0,1.0,1.0,-,-,0,0,0
UA11_530000758,ok,1.0,1.0,1.0,-,-,0,0,0
UA11_530000766,ok,1.0,1.0,1.0,-,-,0,0,0
UA11_530000823,ok,1.0,1.0,1.0,-,-,0,0,0
UA11_530001094,ok,1.0,1.0,1.0,-,-,0,0,0
UA11_530001098,ok,1.0,1.0,1.0,-,-,0,0,0
UA11_530001129,ok,1.0,1.0,1.0,-,-,0,0,0
UA11_530001154,ok,1.0,1.0,1.0,-,-,0,0,0
UA11_530001422,ok,1.0,1.0,1.0,-,-,0,0,0
UA11_530001423,ok,1.0,1.0,1.0,-,-,0,0,0
UA11_530001440,ok,1.0,1.0,1.0,-,-,0,0,0
UA11_530001458,ok,1.0,1.0,1.0,-,-,0,0,0
UA11_530001459,ok,1.0,1.0,1.0,-,-,0,0,0
UA11_530001508,ok,1.0,1.0,1.0,-,-,0,0,0
UA11_530002696,ok,1.0,1.0,1.0,-,-,1,0,0
UA11_530002703,ok,1.0,1.0,1.0,-,-,0,0,0
UA11_530002705,ok,1.0,1.0,1.0,-,-,0,0,0
UA11_530002868,ok,1.0,1.0,1.0,-,-,0,0,0
UA11_530002870,ok,1.0,1.0,1.0,-,-,0,0,0
UA11_530002907,ok,1.0,1.0,1.0,-,-,0,0,0
UA11_530002921,ok,1.0,1.0,1.0,-,-,0,0,0
UA11_530002922,ok,1.0,1.0,1.0,-,-,0,0,0
UA11_530003131,ok,1.0,1.0,1.0,-,-,0,0,0
UA11_530003136,ok,1.0,1.0,1.0,-,-,0,0,0
UA11_530003148,ok,1.0,1.0,1.0,-,-,0,0,0
UA11_530003149,ok,1.0,1.0,1.0,-,-,0,0,0
UA11_530003176,ok,1.0,1.0,1.0,-,-,0,0,0
UA11_530003182,ok,1.0,1.0,1.0,-,-,0,0,0
UA11_530004161,ok,1.0,0.0,0.0,-,"R05,R06,R07",0,0,3
UA11_530004187,ok,1.0,1.0,1.0,-,-,3,0,0
UA11_530004193,ok,1.0,1.0,1.0,-,-,3,0,0
UA11_530004194,ok,1.0,1.0,1.0,-,-,3,0,0
UA11_530004196,ok,1.0,1.0,1.0,-,-,3,0,0
UA11_530004197,ok,1.0,1.0,1.0,-,-,3,0,0
UA11_530004604,ok,1.0,1.0,1.0,-,-,3,0,0
UA11_530004605,ok,1.0,1.0,1.0,-,-,3,0,0
UA11_530004639,ok,1.0,1.0,1.0,-,-,3,0,0
UA11_530005243,ok,1.0,1.0,1.0,-,-,0,0,0
UA11_530005314,ok,1.0,1.0,1.0,-,-,0,0,0
UA11_530005320,ok,1.0,1.0,1.0,-,-,0,0,0
UA11_530005328,ok,1.0,1.0,1.0,-,-,0,0,0
UA11_530005330,ok,1.0,1.0,1.0,-,-,0,0,0
UA11_530005331,ok,1.0,1.0,1.0,-,-,0,0,0
UA11_530005341,ok,1.0,1.0,1.0,-,-,0,0,0
UA11_530005346,ok,1.0,1.0,1.0,-,-,0,0,0
UA11_530005445,ok,1.0,1.0,1.0,-,-,0,0,0
UA11_530005446,ok,1.0,1.0,1.0,-,-,0,0,0
UA11_530005464,ok,1.0,1.0,1.0,-,-,0,0,0
UA11_530005537,ok,1.0,1.0,1.0,-,-,0,0,0
UA11_530005540,ok,1.0,1.0,1.0,-,-,0,0,0
UA11_530005541,ok,1.0,1.0,1.0,-,-,0,0,0
UA11_530005592,ok,1.0,1.0,1.0,-,-,0,0,0
UA11_530005601,ok,1.0,1.0,1.0,-,-,0,0,0
UA11_530005602,ok,1.0,1.0,1.0,-,-,0,0,0
UA11_530005617,ok,1.0,1.0,1.0,-,-,0,0,0
UA11_530005624,ok,1.0,1.0,1.0,-,-,0,0,0
UA11_530005797,ok,1.0,1.0,1.0,-,-,0,0,0
UA11_530005805,ok,1.0,1.0,1.0,-,-,0,0,0
UA11_530005807,ok,1.0,1.0,1.0,-,-,0,0,0
UA11_530005951,ok,1.0,1.0,1.0,-,-,0,0,0
UA15_510000045,ok,1.0,1.0,1.0,-,-,0,0,0
UA15_510000053,ok,1.0,1.0,1.0,-,-,0,0,0
UA15_510000088,ok,1.0,1.0,1.0,-,-,0,0,0
UA15_510000090,ok,1.0,1.0,1.0,-,-,0,0,0
UA15_510000133,ok,1.0,1.0,1.0,-,-,0,0,0
UA15_510000256,ok,1.0,0.0,0.0,-,"R03,R06,R07",0,0,3
UA15_510000258,ok,1.0,0.0,0.0,-,R07,0,0,1
UA15_510000378,ok,1.0,1.0,1.0,-,-,0,0,0
UA15_510000400,ok,1.0,0.0,0.0,-,R06,0,0,1
UA15_510000645,ok,0.5,1.0,0.67,R07,-,1,1,0
UA15_510000647,ok,1.0,1.0,1.0,-,-,0,0,0
UA15_510000648,ok,0.0,1.0,0.0,R07,-,0,1,0
UA15_510000761,ok,1.0,0.0,0.0,-,R06,0,0,1
UA15_510000849,ok,1.0,1.0,1.0,-,-,0,0,0
UA15_510000855,ok,1.0,1.0,1.0,-,-,0,0,0
UA15_510001122,ok,0.0,1.0,0.0,R04,-,0,1,0
US0E_5100012411,ok,1.0,1.0,1.0,-,-,3,0,0
US0L_5100003875,ok,1.0,1.0,1.0,-,-,1,0,0
US10_5100000200,ok,1.0,1.0,1.0,-,-,0,0,0
US10_5100003648,ok,1.0,1.0,1.0,-,-,1,0,0
US10_5100004315,ok,1.0,1.0,1.0,-,-,0,0,0
US16_3510000001,ok,1.0,1.0,1.0,-,-,0,0,0
US16_3510000006,ok,1.0,1.0,1.0,-,-,1,0,0
US16_3510000007,ok,1.0,1.0,1.0,-,-,2,0,0
US16_3510000008,ok,1.0,1.0,1.0,-,-,0,0,0
US16_3510000024,ok,0.0,0.0,0.0,R05,"R06,R07",0,1,2
US16_3510000027,ok,0.0,1.0,0.0,"R06,R07",-,0,2,0
US16_3510000031,ok,0.0,1.0,0.0,"R06,R07",-,0,2,0
US16_5100002241,ok,1.0,1.0,1.0,-,-,0,0,0
US16_5100003475,ok,1.0,1.0,1.0,-,-,1,0,0
US16_5100003931,ok,1.0,1.0,1.0,-,-,0,0,0
US16_5100004564,ok,1.0,1.0,1.0,-,-,2,0,0
US16_5100005313,ok,1.0,1.0,1.0,-,-,2,0,0
US16_5100005477,ok,1.0,1.0,1.0,-,-,0,0,0
US16_5100008109,ok,1.0,1.0,1.0,-,-,2,0,0
US16_5100024548,ok,1.0,1.0,1.0,-,-,2,0,0
US16_5100026318,ok,1.0,1.0,1.0,-,-,0,0,0
US16_5100026324,ok,1.0,1.0,1.0,-,-,1,0,0
US16_5100026331,ok,1.0,1.0,1.0,-,-,0,0,0
US16_5100026335,ok,1.0,1.0,1.0,-,-,0,0,0
US16_5100026911,ok,1.0,1.0,1.0,-,-,2,0,0
US16_5100026988,ok,1.0,1.0,1.0,-,-,3,0,0
US16_5100027015,ok,1.0,1.0,1.0,-,-,3,0,0
US16_5100028465,ok,1.0,1.0,1.0,-,-,2,0,0
US16_5100029100,ok,1.0,1.0,1.0,-,-,0,0,0
US16_5100029114,ok,1.0,1.0,1.0,-,-,1,0,0
US16_5100029131,ok,1.0,1.0,1.0,-,-,3,0,0
US16_5100071646,ok,1.0,1.0,1.0,-,-,1,0,0
US16_5100092582,ok,1.0,1.0,1.0,-,-,2,0,0
US16_5100096100,ok,1.0,1.0,1.0,-,-,3,0,0
US16_5100104728,ok,1.0,1.0,1.0,-,-,1,0,0
US16_5100109280,ok,1.0,1.0,1.0,-,-,1,0,0
US16_5100110432,ok,1.0,1.0,1.0,-,-,1,0,0
US16_5100110439,ok,1.0,1.0,1.0,-,-,1,0,0
US16_5100133624,ok,1.0,1.0,1.0,-,-,1,0,0
US16_5100135137,ok,1.0,1.0,1.0,-,-,3,0,0
US16_5100164059,ok,1.0,1.0,1.0,-,-,3,0,0
US16_5100164074,ok,1.0,1.0,1.0,-,-,2,0,0
US16_5100165582,ok,1.0,1.0,1.0,-,-,0,0,0
US16_5100166499,ok,1.0,1.0,1.0,-,-,0,0,0
US16_5100184688,ok,1.0,1.0,1.0,-,-,3,0,0
US16_5100184795,ok,1.0,1.0,1.0,-,-,1,0,0
US16_5100184858,ok,1.0,1.0,1.0,-,-,0,0,0
US16_5100184969,ok,1.0,1.0,1.0,-,-,0,0,0
US16_5100185083,ok,1.0,1.0,1.0,-,-,0,0,0
US16_5100187894,ok,1.0,1.0,1.0,-,-,2,0,0
US16_5100209433,ok,1.0,1.0,1.0,-,-,2,0,0
US16_5100209751,ok,1.0,1.0,1.0,-,-,2,0,0
US16_5100209833,ok,1.0,1.0,1.0,-,-,2,0,0
US16_5100209845,ok,1.0,1.0,1.0,-,-,1,0,0
US16_5100209847,ok,1.0,1.0,1.0,-,-,2,0,0
US16_5100209888,ok,1.0,1.0,1.0,-,-,2,0,0
US16_5100211791,ok,1.0,1.0,1.0,-,-,1,0,0
US16_5100215559,ok,1.0,1.0,1.0,-,-,2,0,0
US16_5100223691,ok,1.0,1.0,1.0,-,-,1,0,0
US16_5100224178,ok,1.0,1.0,1.0,-,-,1,0,0
US16_5100224208,ok,1.0,1.0,1.0,-,-,1,0,0
US16_5100224276,ok,1.0,1.0,1.0,-,-,1,0,0
US16_5100224284,ok,1.0,1.0,1.0,-,-,1,0,0
US16_5100226865,ok,1.0,1.0,1.0,-,-,0,0,0
US16_5100226996,ok,1.0,1.0,1.0,-,-,0,0,0
US16_5100228436,ok,1.0,1.0,1.0,-,-,2,0,0
US16_5100232784,ok,1.0,1.0,1.0,-,-,0,0,0
US16_5100245603,ok,1.0,1.0,1.0,-,-,2,0,0
US16_5100245609,ok,1.0,1.0,1.0,-,-,2,0,0
US16_5100245618,ok,1.0,1.0,1.0,-,-,2,0,0
US16_5100247541,ok,1.0,1.0,1.0,-,-,3,0,0
US16_5100249488,ok,1.0,1.0,1.0,-,-,2,0,0
US16_5100249565,ok,1.0,1.0,1.0,-,-,1,0,0
US16_5100269223,ok,1.0,1.0,1.0,-,-,1,0,0
US16_5100296306,ok,1.0,1.0,1.0,-,-,0,0,0
US16_5100322149,ok,1.0,1.0,1.0,-,-,4,0,0
US16_5100325441,ok,1.0,1.0,1.0,-,-,0,0,0
US16_5100328897,ok,1.0,1.0,1.0,-,-,0,0,0
US16_5100331372,ok,1.0,1.0,1.0,-,-,1,0,0
US16_5100331383,ok,1.0,1.0,1.0,-,-,1,0,0
US16_5100331395,ok,1.0,1.0,1.0,-,-,1,0,0
US16_5100331408,ok,1.0,1.0,1.0,-,-,1,0,0
US16_5100331413,ok,1.0,1.0,1.0,-,-,1,0,0
US16_5100331437,ok,1.0,1.0,1.0,-,-,1,0,0
US16_5100331439,ok,1.0,1.0,1.0,-,-,1,0,0
US16_5100331455,ok,1.0,1.0,1.0,-,-,1,0,0
US16_5100331494,ok,1.0,1.0,1.0,-,-,2,0,0
US16_5100331521,ok,1.0,1.0,1.0,-,-,1,0,0
US16_5100331525,ok,1.0,1.0,1.0,-,-,1,0,0
US16_5100331531,ok,1.0,1.0,1.0,-,-,1,0,0
US16_5100331552,ok,1.0,1.0,1.0,-,-,1,0,0
US16_5100331555,ok,1.0,1.0,1.0,-,-,1,0,0
US16_5100331626,ok,1.0,1.0,1.0,-,-,0,0,0
US16_5100332555,ok,1.0,1.0,1.0,-,-,2,0,0
US16_5100332688,ok,1.0,1.0,1.0,-,-,1,0,0
US16_5100333876,ok,1.0,1.0,1.0,-,-,0,0,0
US16_5100333893,ok,1.0,1.0,1.0,-,-,0,0,0
US16_5100333902,ok,1.0,1.0,1.0,-,-,2,0,0
US16_5100333920,ok,1.0,1.0,1.0,-,-,1,0,0
US16_5100333973,ok,1.0,1.0,1.0,-,-,1,0,0
US16_5100333976,ok,1.0,1.0,1.0,-,-,0,0,0
US16_5100333984,ok,1.0,1.0,1.0,-,-,1,0,0
US16_5100334049,ok,1.0,1.0,1.0,-,-,1,0,0
US16_5100334172,ok,1.0,1.0,1.0,-,-,1,0,0
US16_5100410360,ok,1.0,1.0,1.0,-,-,1,0,0
US16_5100410501,ok,1.0,1.0,1.0,-,-,0,0,0
US16_5100411270,ok,1.0,1.0,1.0,-,-,3,0,0
US16_5100414642,ok,1.0,1.0,1.0,-,-,2,0,0
US16_5100414654,ok,1.0,0.75,0.86,-,R04,3,0,1
US16_5100435908,ok,1.0,1.0,1.0,-,-,2,0,0
US16_5100437856,ok,1.0,1.0,1.0,-,-,2,0,0
US16_5100439283,ok,1.0,1.0,1.0,-,-,1,0,0
US16_5100439289,ok,1.0,1.0,1.0,-,-,1,0,0
US16_5100439323,ok,1.0,1.0,1.0,-,-,2,0,0
US16_5100439366,ok,1.0,1.0,1.0,-,-,1,0,0
US16_5100439377,ok,1.0,1.0,1.0,-,-,2,0,0
US16_5100439409,ok,1.0,1.0,1.0,-,-,0,0,0
US16_5100441898,ok,1.0,1.0,1.0,-,-,1,0,0
US16_5100442126,ok,1.0,1.0,1.0,-,-,1,0,0
US16_5100444181,ok,1.0,1.0,1.0,-,-,1,0,0
US16_5100469601,ok,1.0,1.0,1.0,-,-,1,0,0
US16_5100469610,ok,1.0,1.0,1.0,-,-,1,0,0
US16_5100469620,ok,1.0,1.0,1.0,-,-,1,0,0
US16_5100469661,ok,1.0,1.0,1.0,-,-,2,0,0
US16_5100469719,ok,1.0,1.0,1.0,-,-,1,0,0
US16_5100469852,ok,1.0,1.0,1.0,-,-,1,0,0
US16_5100473573,ok,1.0,1.0,1.0,-,-,1,0,0
US16_5100473634,ok,1.0,1.0,1.0,-,-,0,0,0
US16_5100473641,ok,1.0,1.0,1.0,-,-,0,0,0
US16_5100474657,ok,1.0,1.0,1.0,-,-,2,0,0
US16_5100474699,ok,1.0,1.0,1.0,-,-,2,0,0
US16_5100489986,ok,1.0,1.0,1.0,-,-,1,0,0
US16_5100501347,ok,1.0,1.0,1.0,-,-,3,0,0
US16_5100501366,ok,1.0,1.0,1.0,-,-,1,0,0
US16_5100502285,ok,1.0,1.0,1.0,-,-,1,0,0
US16_5100542069,ok,1.0,1.0,1.0,-,-,3,0,0
US16_5100543849,ok,1.0,1.0,1.0,-,-,3,0,0
US16_5100544301,ok,1.0,1.0,1.0,-,-,3,0,0
US16_5100551767,ok,1.0,1.0,1.0,-,-,1,0,0
US16_5100559173,ok,1.0,1.0,1.0,-,-,1,0,0
US16_5100575651,ok,1.0,1.0,1.0,-,-,0,0,0
US16_5100577216,ok,1.0,1.0,1.0,-,-,2,0,0
US16_5100577226,ok,1.0,1.0,1.0,-,-,2,0,0
US16_5100577237,ok,1.0,1.0,1.0,-,-,3,0,0
US16_5100577287,ok,1.0,1.0,1.0,-,-,2,0,0
US16_5100577290,ok,1.0,1.0,1.0,-,-,2,0,0
US16_5100578371,ok,1.0,1.0,1.0,-,-,0,0,0
US16_5100578687,ok,1.0,1.0,1.0,-,-,1,0,0
US16_5100579967,ok,1.0,1.0,1.0,-,-,2,0,0
US16_5100582415,ok,1.0,1.0,1.0,-,-,1,0,0
US16_5100582541,ok,1.0,1.0,1.0,-,-,2,0,0
US16_5100582778,ok,1.0,1.0,1.0,-,-,1,0,0
US16_5100592914,ok,1.0,1.0,1.0,-,-,3,0,0
US16_5100593054,ok,1.0,1.0,1.0,-,-,1,0,0
US16_5100602720,ok,1.0,1.0,1.0,-,-,0,0,0
US16_5100602727,ok,1.0,1.0,1.0,-,-,0,0,0
US16_5100602732,ok,1.0,1.0,1.0,-,-,0,0,0
US16_5100602997,ok,1.0,1.0,1.0,-,-,1,0,0
US16_5100603000,ok,1.0,1.0,1.0,-,-,0,0,0
US16_5100639305,ok,1.0,1.0,1.0,-,-,0,0,0
US16_5100656393,ok,1.0,1.0,1.0,-,-,2,0,0
US16_5100658016,ok,1.0,1.0,1.0,-,-,1,0,0
US16_5100669382,ok,1.0,1.0,1.0,-,-,1,0,0
US16_5100669417,ok,1.0,1.0,1.0,-,-,2,0,0
US16_5100669422,ok,1.0,1.0,1.0,-,-,2,0,0
US16_5100672560,ok,1.0,1.0,1.0,-,-,2,0,0
US16_5100672581,ok,1.0,1.0,1.0,-,-,2,0,0
US16_5100686025,ok,1.0,1.0,1.0,-,-,0,0,0
US16_5100688498,ok,1.0,1.0,1.0,-,-,3,0,0
US16_5100703056,ok,1.0,1.0,1.0,-,-,1,0,0
US16_5100704126,ok,1.0,1.0,1.0,-,-,2,0,0
US16_5100704195,ok,1.0,1.0,1.0,-,-,1,0,0
US16_5100704625,ok,1.0,1.0,1.0,-,-,2,0,0
US16_5100734506,ok,1.0,1.0,1.0,-,-,0,0,0
US16_5100734516,ok,1.0,1.0,1.0,-,-,0,0,0
US16_5100734531,ok,1.0,1.0,1.0,-,-,1,0,0
US16_5100736689,ok,1.0,1.0,1.0,-,-,1,0,0
US16_5100740722,ok,1.0,1.0,1.0,-,-,2,0,0
US16_5100744826,ok,1.0,1.0,1.0,-,-,1,0,0
US16_5100744832,ok,1.0,1.0,1.0,-,-,2,0,0
US16_5100744834,ok,1.0,1.0,1.0,-,-,1,0,0
US16_5100745765,ok,1.0,1.0,1.0,-,-,2,0,0
US16_5100759185,ok,1.0,1.0,1.0,-,-,3,0,0
US16_5100771660,ok,1.0,1.0,1.0,-,-,1,0,0
US16_5100787702,ok,1.0,1.0,1.0,-,-,2,0,0
US16_5100787758,ok,1.0,0.5,0.67,-,R06,1,0,1
US16_5100804099,ok,1.0,1.0,1.0,-,-,3,0,0
US16_5100804119,ok,1.0,0.5,0.67,-,R06,1,0,1
US16_5100804141,ok,1.0,0.5,0.67,-,R06,1,0,1
US16_5100805987,ok,1.0,1.0,1.0,-,-,1,0,0
US16_5100805991,ok,1.0,1.0,1.0,-,-,1,0,0
US22_5100002681,ok,1.0,1.0,1.0,-,-,1,0,0
US37_5100000016,ok,1.0,1.0,1.0,-,-,3,0,0
US37_5100000018,ok,1.0,1.0,1.0,-,-,1,0,0
US37_5100000019,ok,1.0,1.0,1.0,-,-,1,0,0
US37_5100000020,ok,1.0,1.0,1.0,-,-,1,0,0
US37_5100000093,ok,0.5,1.0,0.67,R07,-,1,1,0
US37_5100000094,ok,1.0,1.0,1.0,-,-,1,0,0
US37_5100000095,ok,0.0,1.0,0.0,R05,-,0,1,0
US37_5100000096,ok,1.0,1.0,1.0,-,-,1,0,0
US37_5100000098,ok,1.0,0.67,0.8,-,R06,2,0,1
US37_5100000099,ok,1.0,1.0,1.0,-,-,3,0,0
US37_5100000100,ok,1.0,0.67,0.8,-,R06,2,0,1
US37_5100000101,ok,1.0,1.0,1.0,-,-,3,0,0
US37_5100000105,ok,1.0,1.0,1.0,-,-,3,0,0
US37_5100000106,ok,1.0,1.0,1.0,-,-,3,0,0
US37_5100000107,ok,1.0,1.0,1.0,-,-,3,0,0
US37_5100000108,ok,1.0,1.0,1.0,-,-,3,0,0
US37_5100000109,ok,1.0,1.0,1.0,-,-,2,0,0
US37_5100000112,ok,1.0,1.0,1.0,-,-,1,0,0
US37_5100000113,ok,1.0,1.0,1.0,-,-,1,0,0
US37_5100000133,ok,1.0,1.0,1.0,-,-,1,0,0
US37_5100000134,ok,1.0,1.0,1.0,-,-,1,0,0
US37_5100000136,ok,1.0,1.0,1.0,-,-,1,0,0
US37_5100000139,ok,1.0,1.0,1.0,-,-,2,0,0
US37_5100000141,ok,1.0,0.5,0.67,-,R06,1,0,1
US37_5100000142,ok,1.0,1.0,1.0,-,-,1,0,0
US39_5100023017,ok,1.0,1.0,1.0,-,-,0,0,0
US39_5100028742,ok,1.0,1.0,1.0,-,-,1,0,0
US39_5100077296,ok,1.0,1.0,1.0,-,-,0,0,0
US39_5100138032,ok,1.0,1.0,1.0,-,-,0,0,0
US39_5100138106,ok,1.0,1.0,1.0,-,-,0,0,0
US39_5100138149,ok,1.0,1.0,1.0,-,-,0,0,0
US39_5100138247,ok,1.0,1.0,1.0,-,-,1,0,0
US39_5100138360,ok,1.0,1.0,1.0,-,-,0,0,0
US39_5100140248,ok,1.0,1.0,1.0,-,-,0,0,0
US39_5100140266,ok,1.0,1.0,1.0,-,-,1,0,0
US39_5100140268,ok,1.0,1.0,1.0,-,-,1,0,0
US39_5100140270,ok,1.0,1.0,1.0,-,-,1,0,0
US39_5100140273,ok,1.0,1.0,1.0,-,-,1,0,0
US39_5100140286,ok,1.0,1.0,1.0,-,-,1,0,0
US39_5100140484,ok,1.0,1.0,1.0,-,-,0,0,0
US39_5100140487,ok,1.0,1.0,1.0,-,-,0,0,0
US39_5100381513,ok,1.0,1.0,1.0,-,-,1,0,0
US39_5100381522,ok,1.0,1.0,1.0,-,-,1,0,0
US39_5100431139,ok,1.0,1.0,1.0,-,-,0,0,0
US39_5100486372,ok,1.0,1.0,1.0,-,-,0,0,0
US39_5100737656,ok,1.0,1.0,1.0,-,-,0,0,0
US39_5100748146,ok,1.0,1.0,1.0,-,-,1,0,0
US39_5100748147,ok,1.0,1.0,1.0,-,-,1,0,0
US39_5100873688,ok,1.0,1.0,1.0,-,-,0,0,0
US39_5100969759,ok,1.0,1.0,1.0,-,-,0,0,0
US39_5101156555,ok,1.0,1.0,1.0,-,-,1,0,0
US39_5101167495,ok,0.5,1.0,0.67,R04,-,1,1,0
US39_5101343130,ok,1.0,1.0,1.0,-,-,0,0,0
US39_5101343131,ok,1.0,1.0,1.0,-,-,0,0,0
US39_5101361569,ok,1.0,1.0,1.0,-,-,1,0,0
US39_5101392368,ok,1.0,1.0,1.0,-,-,1,0,0
US39_5101392377,ok,1.0,1.0,1.0,-,-,1,0,0
US39_5101392381,ok,1.0,1.0,1.0,-,-,1,0,0
US39_5101392384,ok,1.0,1.0,1.0,-,-,1,0,0
US39_5101392389,ok,1.0,1.0,1.0,-,-,1,0,0
US39_5101392391,ok,1.0,1.0,1.0,-,-,0,0,0
US39_5101392393,ok,1.0,1.0,1.0,-,-,1,0,0
US39_5101392398,ok,1.0,1.0,1.0,-,-,1,0,0
US39_5101392408,ok,1.0,1.0,1.0,-,-,1,0,0
US39_5101392426,ok,1.0,1.0,1.0,-,-,0,0,0
US39_5101392435,ok,1.0,1.0,1.0,-,-,1,0,0
US39_5101392438,ok,1.0,1.0,1.0,-,-,0,0,0
US39_5101401204,ok,1.0,1.0,1.0,-,-,1,0,0
US39_5101438728,ok,1.0,1.0,1.0,-,-,1,0,0
US39_5101438807,ok,1.0,1.0,1.0,-,-,0,0,0
US39_5101582216,ok,1.0,1.0,1.0,-,-,1,0,0
US5Z_5100002036,ok,1.0,1.0,1.0,-,-,0,0,0
US5Z_5100004151,ok,1.0,1.0,1.0,-,-,0,0,0
US5Z_5100004199,ok,1.0,1.0,1.0,-,-,0,0,0
US7Y_5100000001,ok,1.0,1.0,1.0,-,-,2,0,0
US7Y_5100000002,ok,1.0,1.0,1.0,-,-,1,0,0
US7Y_5100000013,ok,1.0,0.67,0.8,-,R05,2,0,1
US7Y_5100000016,ok,0.0,1.0,0.0,"R06,R07",-,0,2,0
US7Y_5100000018,ok,1.0,1.0,1.0,-,-,0,0,0
US7Y_5100000019,ok,1.0,1.0,1.0,-,-,0,0,0
US7Y_5100000020,ok,1.0,0.0,0.0,-,"R06,R07",0,0,2
US7Y_5100000021,ok,1.0,0.0,0.0,-,"R06,R07",0,0,2
US7Y_5100000023,ok,1.0,0.5,0.67,-,R06,1,0,1
US8X_5100004841,ok,1.0,1.0,1.0,-,-,0,0,0
US8X_5100021861,ok,1.0,1.0,1.0,-,-,0,0,0
US8X_5100021864,ok,1.0,1.0,1.0,-,-,1,0,0
US8X_5100022996,ok,1.0,1.0,1.0,-,-,0,0,0
US8X_5100038690,ok,1.0,1.0,1.0,-,-,0,0,0
US8X_5100051506,ok,1.0,1.0,1.0,-,-,0,0,0
US8X_5100057563,ok,1.0,1.0,1.0,-,-,0,0,0
US8X_5100057565,ok,1.0,1.0,1.0,-,-,1,0,0
US8X_5100057566,ok,1.0,1.0,1.0,-,-,0,0,0
US8X_5100063095,ok,1.0,1.0,1.0,-,-,0,0,0
US8X_5100063275,ok,1.0,1.0,1.0,-,-,0,0,0
US8X_5100063474,ok,1.0,1.0,1.0,-,-,0,0,0
US8X_5100063666,ok,1.0,1.0,1.0,-,-,0,0,0
US8X_5100064757,ok,1.0,1.0,1.0,-,-,0,0,0
US8X_5100069765,ok,1.0,1.0,1.0,-,-,1,0,0
US8X_5100071845,ok,1.0,1.0,1.0,-,-,0,0,0
US8X_5100071846,ok,1.0,1.0,1.0,-,-,0,0,0
US8X_5100071847,ok,1.0,1.0,1.0,-,-,0,0,0
US8X_5100071850,ok,1.0,1.0,1.0,-,-,0,0,0
US8X_5100073973,ok,1.0,1.0,1.0,-,-,0,0,0
US8X_5100075548,ok,1.0,1.0,1.0,-,-,3,0,0
US8X_5100082179,ok,1.0,1.0,1.0,-,-,1,0,0
US8X_5100086742,ok,1.0,1.0,1.0,-,-,0,0,0
US8X_5100086745,ok,1.0,1.0,1.0,-,-,0,0,0
US8X_5100104751,ok,1.0,1.0,1.0,-,-,1,0,0
US8X_5100107251,ok,1.0,1.0,1.0,-,-,0,0,0
US8X_5100115657,ok,1.0,1.0,1.0,-,-,0,0,0
USNQ_5100002905,ok,1.0,1.0,1.0,-,-,1,0,0
USNQ_5100009277,ok,1.0,1.0,1.0,-,-,1,0,0
UY10_5100000089,ok,1.0,1.0,1.0,-,-,1,0,0
UY10_5100000393,ok,1.0,1.0,1.0,-,-,1,0,0
UY10_5100000502,ok,1.0,1.0,1.0,-,-,0,0,0
UY10_5100000751,ok,1.0,1.0,1.0,-,-,1,0,0
UY10_5100000753,ok,1.0,1.0,1.0,-,-,0,0,0
UY10_5100000874,ok,1.0,1.0,1.0,-,-,1,0,0
UY10_5100000917,ok,1.0,1.0,1.0,-,-,0,0,0
UY10_5100001577,ok,1.0,1.0,1.0,-,-,1,0,0
UY10_5100002486,ok,1.0,1.0,1.0,-,-,0,0,0
UY10_5100002702,ok,1.0,1.0,1.0,-,-,0,0,0
UY10_5100004167,ok,1.0,1.0,1.0,-,-,0,0,0
UY10_5100004262,ok,1.0,0.0,0.0,-,R05,0,0,1
VE26_100003541,ok,1.0,1.0,1.0,-,-,2,0,0
VE26_5100000169,ok,1.0,1.0,1.0,-,-,1,0,0
VE26_5100001326,ok,1.0,1.0,1.0,-,-,0,0,0
VE26_5100001999,ok,1.0,1.0,1.0,-,-,1,0,0
VE26_5100003179,ok,1.0,1.0,1.0,-,-,1,0,0
VE26_5100003463,ok,1.0,1.0,1.0,-,-,0,0,0
VE26_5100010553,ok,1.0,1.0,1.0,-,-,1,0,0
VE26_5100010886,ok,1.0,1.0,1.0,-,-,0,0,0
VE26_5100010924,ok,1.0,1.0,1.0,-,-,0,0,0
VE26_5100010946,ok,1.0,1.0,1.0,-,-,2,0,0
VE26_5100012984,ok,1.0,1.0,1.0,-,-,1,0,0
VE26_5100015611,ok,1.0,1.0,1.0,-,-,0,0,0
VE26_5100015612,ok,1.0,1.0,1.0,-,-,0,0,0
VE26_5100015619,ok,1.0,1.0,1.0,-,-,0,0,0
VE26_5100017127,ok,1.0,1.0,1.0,-,-,0,0,0
VE26_5100017163,ok,1.0,1.0,1.0,-,-,0,0,0
VE26_5100017908,ok,1.0,1.0,1.0,-,-,1,0,0
VE26_5100017915,ok,1.0,1.0,1.0,-,-,0,0,0
VE26_5100017968,ok,1.0,1.0,1.0,-,-,1,0,0
VE26_5100017970,ok,0.0,1.0,0.0,R05,-,0,1,0
VE26_5100018104,ok,1.0,1.0,1.0,-,-,0,0,0
VE27_5100000432,ok,1.0,1.0,1.0,-,-,2,0,0
VE27_5100003621,ok,1.0,1.0,1.0,-,-,0,0,0
VE27_5100014955,ok,1.0,1.0,1.0,-,-,2,0,0
VN10_510004029,ok,1.0,1.0,1.0,-,-,2,0,0
VN10_510008316,ok,1.0,1.0,1.0,-,-,0,0,0
VN10_510008320,ok,1.0,1.0,1.0,-,-,1,0,0
VN10_510008326,ok,1.0,1.0,1.0,-,-,1,0,0
VN10_510008327,ok,1.0,1.0,1.0,-,-,1,0,0
VN10_510008331,ok,1.0,1.0,1.0,-,-,0,0,0
VN10_510013909,ok,1.0,1.0,1.0,-,-,1,0,0
VN10_510019889,ok,1.0,1.0,1.0,-,-,1,0,0
VN10_510024775,ok,1.0,1.0,1.0,-,-,1,0,0
VN10_510030069,ok,1.0,1.0,1.0,-,-,1,0,0
VN10_510035689,ok,1.0,1.0,1.0,-,-,1,0,0
VN10_610007406,ok,1.0,1.0,1.0,-,-,3,0,0
VN10_610070611,ok,1.0,1.0,1.0,-,-,1,0,0
ZA10_100009226,ok,1.0,1.0,1.0,-,-,3,0,0
ZA10_510002103,ok,1.0,1.0,1.0,-,-,1,0,0
ZA10_510012517,ok,1.0,1.0,1.0,-,-,1,0,0
ZW12_510000118,ok,1.0,1.0,1.0,-,-,0,0,0
ZW12_510000141,ok,1.0,0.0,0.0,-,"R05,R15,R18",0,0,3
ZW12_510000170,ok,1.0,1.0,1.0,-,-,1,0,0
ZW12_510000293,ok,1.0,1.0,1.0,-,-,0,0,0
ZW12_510000294,ok,1.0,1.0,1.0,-,-,1,0,0
ZW12_510000443,ok,1.0,1.0,1.0,-,-,1,0,0
ZW12_510000641,ok,1.0,1.0,1.0,-,-,1,0,0
ZW12_510001302,ok,0.0,0.0,0.0,R07,R18,0,1,1
ZW12_510001524,ok,1.0,1.0,1.0,-,-,2,0,0
ZW12_510001525,ok,1.0,1.0,1.0,-,-,2,0,0
ZW12_510001619,ok,0.0,0.0,0.0,"R06,R07",R18,0,2,1
ZW12_510001620,ok,0.0,0.0,0.0,"R05,R15",R18,0,2,1
ZW12_510001915,ok,1.0,1.0,1.0,-,-,1,0,0
ZW12_510002934,ok,1.0,1.0,1.0,-,-,2,0,0
ZW12_510002942,ok,1.0,1.0,1.0,-,-,0,0,0
ZW12_510003140,ok,1.0,1.0,1.0,-,-,0,0,0
ZW12_510003187,ok,1.0,0.0,0.0,-,R15,0,0,1
ZW12_510003217,ok,1.0,0.0,0.0,-,R15,0,0,1
ZW12_510003218,ok,1.0,1.0,1.0,-,-,0,0,0
ZW12_510003221,ok,1.0,1.0,1.0,-,-,0,0,0
ZW12_510003222,ok,1.0,1.0,1.0,-,-,0,0,0
ZW12_510003229,ok,1.0,1.0,1.0,-,-,1,0,0
ZW12_510003524,ok,1.0,1.0,1.0,-,-,1,0,0
ZW12_510003525,ok,1.0,1.0,1.0,-,-,1,0,0
ZW12_510003680,ok,1.0,1.0,1.0,-,-,0,0,0
ZW12_510003682,ok,1.0,1.0,1.0,-,-,1,0,0
ZW12_510003726,ok,1.0,1.0,1.0,-,-,0,0,0
